,Date,Open,High,Low,Close,Adj Close,Volume
0,1995-01-03,4.6875,4.71875,4.5625,4.6875,4.636793,1058800
1,1995-01-04,4.65625,4.6875,4.5625,4.625,4.574968,179600
2,1995-01-05,4.65625,4.71875,4.625,4.71875,4.667705000000001,297600
3,1995-01-06,4.71875,4.71875,4.625,4.65625,4.605881,212400
4,1995-01-09,4.6875,4.71875,4.625,4.65625,4.605881,60000
5,1995-01-10,4.65625,4.65625,4.5625,4.59375,4.544055999999999,112000
6,1995-01-11,4.65625,4.6875,4.5625,4.59375,4.544055999999999,294000
7,1995-01-12,4.625,4.65625,4.5,4.53125,4.482233,82000
8,1995-01-13,4.59375,4.625,4.5,4.59375,4.544055999999999,84400
9,1995-01-16,4.5625,4.59375,4.4375,4.4375,4.389497,130400
10,1995-01-17,4.46875,4.46875,4.3125,4.3125,4.265849,296800
11,1995-01-18,4.34375,4.46875,4.34375,4.4375,4.389497,144400
12,1995-01-19,4.4375,4.625,4.40625,4.625,4.574968,147600
13,1995-01-20,4.625,4.625,4.46875,4.53125,4.482233,426000
14,1995-01-23,4.53125,4.5625,4.40625,4.4375,4.389497,91200
15,1995-01-24,4.4375,4.59375,4.4375,4.59375,4.544055999999999,236800
16,1995-01-25,4.53125,4.6875,4.53125,4.625,4.574968,82800
17,1995-01-26,4.6875,4.6875,4.53125,4.625,4.574968,91200
18,1995-01-27,4.625,4.6875,4.59375,4.625,4.574968,84800
19,1995-01-30,4.59375,4.65625,4.59375,4.625,4.574968,144800
20,1995-01-31,4.625,4.75,4.625,4.6875,4.636793,186000
21,1995-02-01,4.6875,4.75,4.6875,4.71875,4.667705000000001,60400
22,1995-02-02,4.75,4.8125,4.6875,4.78125,4.729528,194800
23,1995-02-03,4.78125,4.90625,4.78125,4.84375,4.791352,162000
24,1995-02-06,4.875,5.125,4.84375,5.09375,5.038648,152400
25,1995-02-07,5.125,5.125,4.875,4.90625,4.853176,339200
26,1995-02-08,4.90625,4.96875,4.875,4.90625,4.853176,89200
27,1995-02-09,4.9375,5.0,4.9375,4.96875,4.915,78000
28,1995-02-10,4.96875,5.0,4.9375,4.96875,4.915,148800
29,1995-02-13,4.96875,5.0,4.9375,5.0,4.945912,163600
30,1995-02-14,4.96875,4.96875,4.84375,4.90625,4.853176,154000
31,1995-02-15,4.9375,5.0,4.84375,4.90625,4.853176,86800
32,1995-02-16,4.90625,4.90625,4.875,4.90625,4.853176,39600
33,1995-02-17,4.875,4.96875,4.875,4.875,4.822264,153200
34,1995-02-21,4.84375,4.90625,4.84375,4.875,4.822264,38400
35,1995-02-22,4.90625,4.90625,4.8125,4.84375,4.791352,84000
36,1995-02-23,4.84375,4.875,4.8125,4.875,4.822264,266000
37,1995-02-24,4.875,4.9375,4.875,4.875,4.822264,66400
38,1995-02-27,4.90625,4.90625,4.8125,4.875,4.822264,248800
39,1995-02-28,4.875,4.9375,4.875,4.9375,4.884087999999999,119200
40,1995-03-01,4.90625,4.96875,4.875,4.96875,4.915,55600
41,1995-03-02,5.03125,5.03125,4.96875,5.03125,4.976824,189200
42,1995-03-03,5.0,5.03125,5.0,5.03125,4.976824,53200
43,1995-03-06,5.0,5.09375,5.0,5.0625,5.007736,147200
44,1995-03-07,5.03125,5.09375,4.96875,5.0,4.945912,119600
45,1995-03-08,5.0,5.09375,5.0,5.03125,4.976824,55200
46,1995-03-09,5.03125,5.09375,5.03125,5.03125,4.976824,110800
47,1995-03-10,5.09375,5.09375,5.03125,5.0625,5.007736,139600
48,1995-03-13,5.09375,5.1875,5.09375,5.1875,5.131384,138000
49,1995-03-14,5.125,5.15625,4.9375,5.0,4.945912,124000
50,1995-03-15,4.96875,5.0,4.90625,5.0,4.945912,35600
51,1995-03-16,5.0,5.0,4.90625,4.9375,4.884087999999999,105200
52,1995-03-17,4.9375,4.9375,4.875,4.875,4.822264,491600
53,1995-03-20,4.8125,4.8125,4.6875,4.75,4.698617,232000
54,1995-03-21,4.78125,4.8125,4.6875,4.71875,4.667705000000001,101600
55,1995-03-22,4.75,4.78125,4.6875,4.6875,4.636793,120000
56,1995-03-23,4.6875,4.75,4.65625,4.6875,4.636793,271600
57,1995-03-24,4.71875,4.71875,4.625,4.6875,4.636793,404800
58,1995-03-27,4.625,4.75,4.625,4.75,4.698617,262000
59,1995-03-28,4.71875,4.875,4.6875,4.84375,4.791352,110400
60,1995-03-29,4.84375,4.90625,4.75,4.78125,4.729528,70000
61,1995-03-30,4.78125,4.8125,4.6875,4.75,4.698617,310800
62,1995-03-31,4.75,4.96875,4.6875,4.90625,4.853176,430000
63,1995-04-03,4.9375,4.9375,4.8125,4.84375,4.791352,82800
64,1995-04-04,4.8125,4.875,4.8125,4.84375,4.791352,54000
65,1995-04-05,4.84375,4.90625,4.84375,4.875,4.822264,67600
66,1995-04-06,4.875,4.875,4.78125,4.78125,4.729528,42400
67,1995-04-07,4.78125,4.84375,4.78125,4.8125,4.76044,326000
68,1995-04-10,4.8125,4.875,4.8125,4.875,4.822264,140000
69,1995-04-11,4.84375,4.90625,4.84375,4.90625,4.853176,142400
70,1995-04-12,4.875,4.90625,4.875,4.875,4.822264,187200
71,1995-04-13,4.875,4.90625,4.84375,4.875,4.822264,111600
72,1995-04-17,4.875,4.875,4.84375,4.875,4.822264,170800
73,1995-04-18,4.90625,4.9375,4.875,4.875,4.822264,147200
74,1995-04-19,4.875,4.90625,4.84375,4.84375,4.791352,111200
75,1995-04-20,4.875,4.90625,4.84375,4.875,4.822264,164800
76,1995-04-21,4.90625,5.03125,4.875,4.9375,4.884087999999999,298000
77,1995-04-24,4.90625,5.0,4.875,4.96875,4.915,39200
78,1995-04-25,4.96875,4.96875,4.8125,4.8125,4.76044,212000
79,1995-04-26,4.78125,4.875,4.78125,4.875,4.822264,94800
80,1995-04-27,4.84375,4.875,4.84375,4.875,4.822264,178400
81,1995-04-28,4.84375,4.9375,4.84375,4.9375,4.884087999999999,261600
82,1995-05-01,4.90625,5.0,4.90625,4.96875,4.915,104000
83,1995-05-02,4.90625,5.0,4.90625,5.0,4.945912,86400
84,1995-05-03,5.125,5.40625,5.0625,5.25,5.193208,402000
85,1995-05-04,5.3125,5.3125,5.25,5.25,5.193208,115600
86,1995-05-05,5.25,5.34375,5.25,5.34375,5.285943,244400
87,1995-05-08,5.34375,5.4375,5.3125,5.34375,5.285943,77600
88,1995-05-09,5.375,5.375,5.25,5.28125,5.224119,218000
89,1995-05-10,5.25,5.28125,5.1875,5.21875,5.1622959999999996,54400
90,1995-05-11,5.1875,5.21875,5.15625,5.21875,5.1622959999999996,44400
91,1995-05-12,5.15625,5.3125,5.15625,5.21875,5.1622959999999996,292800
92,1995-05-15,5.15625,5.21875,5.15625,5.1875,5.131384,37200
93,1995-05-16,5.1875,5.21875,5.15625,5.21875,5.1622959999999996,321600
94,1995-05-17,5.1875,5.21875,5.09375,5.15625,5.100472,237200
95,1995-05-18,5.125,5.15625,5.0625,5.125,5.06956,32000
96,1995-05-19,5.09375,5.125,5.09375,5.125,5.06956,129600
97,1995-05-22,5.125,5.1875,5.09375,5.125,5.06956,42400
98,1995-05-23,5.15625,5.3125,5.15625,5.3125,5.255031,74400
99,1995-05-24,5.34375,5.375,5.125,5.125,5.06956,152800
100,1995-05-25,5.125,5.21875,5.125,5.1875,5.131384,229200
101,1995-05-26,5.21875,5.21875,5.15625,5.1875,5.131384,18400
102,1995-05-30,5.25,5.25,5.15625,5.1875,5.131384,136800
103,1995-05-31,5.15625,5.46875,5.15625,5.46875,5.409591000000001,196000
104,1995-06-01,5.46875,5.46875,5.34375,5.40625,5.347767,126800
105,1995-06-02,5.375,5.40625,5.1875,5.25,5.193208,53600
106,1995-06-05,5.25,5.34375,5.21875,5.21875,5.1622959999999996,49600
107,1995-06-06,5.21875,5.4375,5.21875,5.375,5.316855,279200
108,1995-06-07,5.34375,5.34375,5.3125,5.34375,5.285943,51200
109,1995-06-08,5.34375,5.375,5.3125,5.375,5.316855,55200
110,1995-06-09,5.375,5.375,5.3125,5.375,5.316855,183600
111,1995-06-12,5.40625,5.40625,5.25,5.3125,5.255031,89600
112,1995-06-13,5.34375,5.375,5.3125,5.34375,5.285943,31200
113,1995-06-14,5.3125,5.4375,5.3125,5.375,5.316855,119200
114,1995-06-15,5.375,5.46875,5.375,5.46875,5.409591000000001,88800
115,1995-06-16,5.46875,5.5,5.40625,5.5,5.440503,145200
116,1995-06-19,5.53125,5.5625,5.5,5.5,5.440503,201200
117,1995-06-20,5.5,5.5,5.4375,5.5,5.440503,104800
118,1995-06-21,5.46875,5.53125,5.46875,5.53125,5.471415,136400
119,1995-06-22,5.5625,5.5625,5.5,5.53125,5.471415,70400
120,1995-06-23,5.5,5.53125,5.40625,5.40625,5.347767,126000
121,1995-06-26,5.40625,5.46875,5.34375,5.40625,5.347767,83200
122,1995-06-27,5.40625,5.46875,5.34375,5.34375,5.285943,177200
123,1995-06-28,5.34375,5.375,5.3125,5.3125,5.255031,162400
124,1995-06-29,5.3125,5.3125,5.1875,5.1875,5.131384,354400
125,1995-06-30,5.1875,5.5,5.125,5.5,5.440503,350400
126,1995-07-03,5.46875,5.46875,5.40625,5.4375,5.378679,41600
127,1995-07-05,5.46875,5.5,5.4375,5.5,5.440503,118800
128,1995-07-06,5.46875,5.46875,5.40625,5.4375,5.378679,48400
129,1995-07-07,5.4375,5.59375,5.4375,5.5,5.440503,272400
130,1995-07-10,5.5,5.59375,5.40625,5.5625,5.502326999999999,653200
131,1995-07-11,5.5,5.6875,5.5,5.625,5.56415,185600
132,1995-07-12,5.625,5.75,5.625,5.75,5.687799,272400
133,1995-07-13,5.75,5.75,5.65625,5.71875,5.656887,132800
134,1995-07-14,5.71875,5.71875,5.65625,5.65625,5.595063,80400
135,1995-07-17,5.625,5.65625,5.59375,5.65625,5.595063,156800
136,1995-07-18,5.625,5.6875,5.625,5.65625,5.595063,51600
137,1995-07-19,5.6875,5.6875,5.53125,5.59375,5.533239,75200
138,1995-07-20,5.625,5.625,5.4375,5.4375,5.378679,177600
139,1995-07-21,5.4375,5.5,5.4375,5.5,5.440503,30000
140,1995-07-24,5.53125,5.59375,5.53125,5.59375,5.533239,24000
141,1995-07-25,5.5625,5.625,5.5625,5.5625,5.502326999999999,87600
142,1995-07-26,5.5625,5.59375,5.5,5.53125,5.471415,248800
143,1995-07-27,5.59375,5.625,5.5625,5.625,5.56415,80800
144,1995-07-28,5.65625,5.75,5.65625,5.75,5.687799,242400
145,1995-07-31,5.75,5.78125,5.65625,5.78125,5.71871,112800
146,1995-08-01,5.8125,5.8125,5.625,5.6875,5.625975,122400
147,1995-08-02,5.71875,5.8125,5.6875,5.8125,5.7496220000000005,54400
148,1995-08-03,5.75,5.8125,5.75,5.8125,5.7496220000000005,60400
149,1995-08-04,5.84375,5.84375,5.6875,5.75,5.687799,80800
150,1995-08-07,5.75,5.8125,5.71875,5.75,5.687799,161600
151,1995-08-08,5.71875,5.75,5.6875,5.75,5.687799,59600
152,1995-08-09,5.75,5.8125,5.71875,5.78125,5.71871,144400
153,1995-08-10,5.78125,5.78125,5.75,5.75,5.687799,38000
154,1995-08-11,5.75,5.78125,5.6875,5.78125,5.71871,419200
155,1995-08-14,5.75,5.78125,5.75,5.75,5.687799,358000
156,1995-08-15,5.75,5.84375,5.75,5.84375,5.780533999999999,132800
157,1995-08-16,5.875,5.90625,5.8125,5.90625,5.842359,100000
158,1995-08-17,5.9375,6.0,5.90625,6.0,5.935094,137200
159,1995-08-18,6.0,6.0,5.90625,5.9375,5.87327,549200
160,1995-08-21,5.9375,6.1875,5.9375,6.1875,6.120566,454800
161,1995-08-22,6.1875,6.1875,6.125,6.1875,6.120566,145600
162,1995-08-23,6.1875,6.25,6.15625,6.1875,6.120566,304800
163,1995-08-24,6.1875,6.21875,6.125,6.15625,6.089654,108000
164,1995-08-25,6.15625,6.1875,6.15625,6.15625,6.089654,42400
165,1995-08-28,6.1875,6.21875,6.0625,6.09375,6.027830000000001,752400
166,1995-08-29,6.0625,6.21875,6.0625,6.21875,6.151478,284400
167,1995-08-30,6.28125,6.34375,6.25,6.28125,6.213302,135600
168,1995-08-31,6.21875,6.34375,6.21875,6.34375,6.275126,64400
169,1995-09-01,6.34375,6.375,6.25,6.25,6.18239,87200
170,1995-09-05,6.25,6.25,6.21875,6.21875,6.151478,386800
171,1995-09-06,6.21875,6.375,6.1875,6.3125,6.244214,401200
172,1995-09-07,6.3125,6.3125,6.25,6.3125,6.244214,112400
173,1995-09-08,6.3125,6.375,6.25,6.34375,6.275126,80400
174,1995-09-11,6.34375,6.34375,6.25,6.3125,6.244214,58400
175,1995-09-12,6.25,6.375,6.25,6.375,6.306038,132400
176,1995-09-13,6.34375,6.375,6.25,6.375,6.306038,229600
177,1995-09-14,6.375,6.4375,6.375,6.40625,6.336949,122000
178,1995-09-15,6.4375,6.4375,6.28125,6.34375,6.275126,136000
179,1995-09-18,6.34375,6.34375,6.21875,6.25,6.18239,60000
180,1995-09-19,6.21875,6.21875,6.1875,6.1875,6.120566,89600
181,1995-09-20,6.21875,6.21875,6.0625,6.09375,6.027830000000001,169200
182,1995-09-21,6.0625,6.09375,5.9375,6.0,5.935094,414400
183,1995-09-22,6.0,6.03125,6.0,6.03125,5.966006,40400
184,1995-09-25,6.03125,6.09375,5.9375,5.9375,5.87327,282800
185,1995-09-26,5.9375,6.1875,5.9375,6.0,5.935094,215200
186,1995-09-27,5.96875,5.96875,5.875,5.96875,5.904182,104400
187,1995-09-28,5.96875,6.0625,5.9375,6.03125,5.966006,130800
188,1995-09-29,6.03125,6.21875,5.9375,6.21875,6.151478,158400
189,1995-10-02,6.1875,6.1875,6.0,6.03125,5.966006,111200
190,1995-10-03,6.0,6.0,5.75,5.8125,5.7496220000000005,459600
191,1995-10-04,5.8125,5.90625,5.78125,5.875,5.811447,184800
192,1995-10-05,5.875,6.03125,5.875,6.0,5.935094,62000
193,1995-10-06,6.0625,6.0625,5.8125,5.90625,5.842359,45200
194,1995-10-09,5.875,5.90625,5.78125,5.90625,5.842359,43200
195,1995-10-10,5.875,5.875,5.71875,5.8125,5.7496220000000005,177600
196,1995-10-11,5.875,5.875,5.71875,5.84375,5.780533999999999,54800
197,1995-10-12,5.84375,5.875,5.8125,5.84375,5.780533999999999,43600
198,1995-10-13,5.875,5.96875,5.875,5.9375,5.87327,160400
199,1995-10-16,5.90625,5.96875,5.90625,5.9375,5.87327,45200
200,1995-10-17,5.96875,6.0,5.90625,5.96875,5.904182,81200
201,1995-10-18,6.0,6.0,5.90625,5.9375,5.87327,320800
202,1995-10-19,5.9375,5.9375,5.90625,5.90625,5.842359,196800
203,1995-10-20,5.90625,5.9375,5.875,5.9375,5.87327,200800
204,1995-10-23,5.90625,5.90625,5.75,5.78125,5.71871,63600
205,1995-10-24,5.78125,5.78125,5.6875,5.75,5.687799,81600
206,1995-10-25,5.78125,5.875,5.75,5.8125,5.7496220000000005,106800
207,1995-10-26,5.8125,5.84375,5.5,5.5625,5.502326999999999,160800
208,1995-10-27,5.625,5.625,5.53125,5.5625,5.502326999999999,119200
209,1995-10-30,5.5,5.59375,5.375,5.53125,5.471415,212000
210,1995-10-31,5.53125,5.5625,5.46875,5.46875,5.409591000000001,179600
211,1995-11-01,5.53125,5.5625,5.53125,5.5625,5.502326999999999,251600
212,1995-11-02,5.5625,5.625,5.5625,5.59375,5.533239,152000
213,1995-11-03,5.5625,5.65625,5.5625,5.59375,5.533239,1834800
214,1995-11-06,5.6875,5.8125,5.65625,5.75,5.687799,529200
215,1995-11-07,5.75,5.84375,5.75,5.84375,5.780533999999999,177600
216,1995-11-08,5.875,5.875,5.8125,5.84375,5.780533999999999,105600
217,1995-11-09,5.875,5.90625,5.84375,5.875,5.811447,58400
218,1995-11-10,5.84375,5.96875,5.84375,5.9375,5.87327,210000
219,1995-11-13,5.90625,6.0,5.90625,6.0,5.935094,64400
220,1995-11-14,5.96875,6.0,5.84375,5.84375,5.780533999999999,131600
221,1995-11-15,5.84375,5.90625,5.8125,5.875,5.811447,134800
222,1995-11-16,5.875,5.96875,5.875,5.90625,5.842359,30800
223,1995-11-17,5.875,5.90625,5.8125,5.84375,5.780533999999999,77200
224,1995-11-20,5.84375,5.875,5.75,5.8125,5.7496220000000005,80800
225,1995-11-21,5.84375,5.875,5.78125,5.78125,5.71871,312400
226,1995-11-22,5.8125,5.875,5.75,5.84375,5.780533999999999,276000
227,1995-11-24,5.84375,5.84375,5.75,5.8125,5.7496220000000005,10000
228,1995-11-27,5.8125,5.875,5.78125,5.875,5.811447,83600
229,1995-11-28,5.875,6.0,5.875,5.9375,5.87327,451200
230,1995-11-29,5.9375,5.96875,5.875,5.9375,5.87327,112400
231,1995-11-30,6.0,6.125,5.9375,6.03125,5.966006,398400
232,1995-12-01,6.0,6.125,5.96875,6.125,6.058742,463600
233,1995-12-04,6.125,6.25,6.125,6.25,6.18239,592000
234,1995-12-05,6.25,6.34375,6.1875,6.28125,6.213302,330400
235,1995-12-06,6.25,6.28125,6.1875,6.1875,6.120566,114000
236,1995-12-07,6.25,6.25,6.09375,6.1875,6.120566,53200
237,1995-12-08,6.1875,6.28125,6.1875,6.25,6.18239,218000
238,1995-12-11,6.1875,6.25,6.1875,6.21875,6.151478,32000
239,1995-12-12,6.21875,6.25,6.1875,6.1875,6.120566,170800
240,1995-12-13,6.1875,6.28125,6.1875,6.21875,6.151478,381600
241,1995-12-14,6.25,6.25,6.1875,6.25,6.18239,168000
242,1995-12-15,6.25,6.25,6.125,6.125,6.058742,139600
243,1995-12-18,6.125,6.1875,6.09375,6.15625,6.089654,140000
244,1995-12-19,6.125,6.15625,6.0625,6.15625,6.089654,129200
245,1995-12-20,6.09375,6.15625,6.03125,6.03125,5.966006,90000
246,1995-12-21,6.0,6.125,5.96875,6.0,5.935094,85200
247,1995-12-22,6.0,6.0,5.9375,6.0,5.935094,89600
248,1995-12-26,5.9375,5.96875,5.875,5.875,5.811447,134400
249,1995-12-27,5.875,5.96875,5.84375,5.9375,5.87327,199600
250,1995-12-28,5.90625,6.21875,5.90625,6.15625,6.089654,146800
251,1995-12-29,6.25,6.28125,6.15625,6.25,6.18239,183600
252,1996-01-02,6.40625,6.5625,6.28125,6.46875,6.3987739999999995,387600
253,1996-01-03,6.46875,6.5625,6.4375,6.4375,6.367862000000001,324400
254,1996-01-04,6.4375,6.4375,6.25,6.34375,6.275126,218400
255,1996-01-05,6.40625,6.5625,6.3125,6.46875,6.3987739999999995,301600
256,1996-01-08,6.46875,6.46875,6.375,6.4375,6.367862000000001,30400
257,1996-01-09,6.46875,6.53125,6.40625,6.40625,6.336949,336800
258,1996-01-10,6.375,6.40625,6.28125,6.3125,6.244214,237600
259,1996-01-11,6.3125,6.375,6.28125,6.375,6.306038,246400
260,1996-01-12,6.375,6.375,6.25,6.28125,6.213302,44000
261,1996-01-15,6.3125,6.375,6.25,6.28125,6.213302,59200
262,1996-01-16,6.5,6.5625,6.3125,6.3125,6.244214,658400
263,1996-01-17,6.3125,6.34375,6.28125,6.34375,6.275126,567200
264,1996-01-18,6.34375,6.34375,6.25,6.28125,6.213302,332000
265,1996-01-19,6.28125,6.28125,6.1875,6.28125,6.213302,104800
266,1996-01-22,6.34375,6.34375,6.25,6.34375,6.275126,456800
267,1996-01-23,6.34375,6.34375,6.25,6.3125,6.244214,123200
268,1996-01-24,6.3125,6.46875,6.3125,6.4375,6.367862000000001,507200
269,1996-01-25,6.40625,6.5,6.375,6.5,6.429686,219200
270,1996-01-26,6.5,6.5,6.4375,6.5,6.429686,122400
271,1996-01-29,6.4375,6.4375,6.375,6.4375,6.367862000000001,284800
272,1996-01-30,6.5,6.6875,6.46875,6.6875,6.615158,984800
273,1996-01-31,6.6875,6.8125,6.625,6.8125,6.738805,291600
274,1996-02-01,6.78125,6.96875,6.78125,6.9375,6.8624529999999995,444800
275,1996-02-02,6.90625,7.0,6.875,6.9375,6.8624529999999995,438000
276,1996-02-05,6.875,6.875,6.5625,6.75,6.676981,210000
277,1996-02-06,6.71875,6.8125,6.625,6.6875,6.615158,464800
278,1996-02-07,6.6875,6.75,6.625,6.71875,6.646069000000001,285200
279,1996-02-08,6.71875,6.875,6.71875,6.875,6.800628999999999,284800
280,1996-02-09,6.90625,7.03125,6.84375,6.875,6.800628999999999,244400
281,1996-02-12,6.875,7.0,6.8125,7.0,6.924277,195600
282,1996-02-13,7.03125,7.15625,7.03125,7.09375,7.017011999999999,437600
283,1996-02-14,7.125,7.125,7.0,7.09375,7.017011999999999,528800
284,1996-02-15,7.09375,7.21875,7.0,7.09375,7.017011999999999,236800
285,1996-02-16,7.0625,7.125,7.0,7.03125,6.955188000000001,216400
286,1996-02-20,6.90625,7.0,6.875,7.0,6.924277,172400
287,1996-02-21,6.9375,7.03125,6.90625,7.0,6.924277,134800
288,1996-02-22,7.0,7.1875,7.0,7.1875,7.109748,212800
289,1996-02-23,7.09375,7.25,7.03125,7.25,7.171572,173200
290,1996-02-26,7.25,7.3125,7.21875,7.3125,7.233396000000001,252000
291,1996-02-27,7.28125,7.34375,7.1875,7.25,7.171572,246400
292,1996-02-28,7.21875,7.28125,7.15625,7.1875,7.109748,184000
293,1996-02-29,7.21875,7.21875,7.03125,7.125,7.047925,126800
294,1996-03-01,7.125,7.15625,7.09375,7.125,7.047925,225600
295,1996-03-04,7.125,7.21875,7.0,7.1875,7.109748,286400
296,1996-03-05,7.125,7.1875,7.0625,7.15625,7.078836999999999,137200
297,1996-03-06,7.15625,7.15625,7.09375,7.15625,7.078836999999999,107200
298,1996-03-07,7.15625,7.15625,7.0625,7.09375,7.017011999999999,73600
299,1996-03-08,6.90625,7.0625,6.84375,6.90625,6.8315410000000005,258800
300,1996-03-11,6.75,6.78125,6.71875,6.78125,6.707892,348400
301,1996-03-12,6.8125,6.875,6.78125,6.8125,6.738805,117600
302,1996-03-13,6.8125,6.9375,6.78125,6.875,6.800628999999999,352400
303,1996-03-14,6.84375,6.96875,6.84375,6.9375,6.8624529999999995,116800
304,1996-03-15,6.9375,7.09375,6.9375,7.09375,7.017011999999999,163200
305,1996-03-18,7.09375,7.09375,6.90625,7.0625,6.986101,84400
306,1996-03-19,7.03125,7.0625,6.9375,7.03125,6.955188000000001,121600
307,1996-03-20,7.03125,7.0625,6.90625,7.0625,6.986101,70000
308,1996-03-21,7.09375,7.1875,6.90625,6.9375,6.8624529999999995,70800
309,1996-03-22,6.8125,6.875,6.8125,6.875,6.800628999999999,202000
310,1996-03-25,6.875,6.875,6.78125,6.8125,6.738805,175200
311,1996-03-26,6.8125,7.0,6.78125,7.0,6.924277,318800
312,1996-03-27,6.96875,7.0,6.9375,7.0,6.924277,348800
313,1996-03-28,7.0,7.03125,6.875,6.90625,6.8315410000000005,142800
314,1996-03-29,6.96875,7.09375,6.9375,7.0625,6.986101,180800
315,1996-04-01,7.0625,7.09375,6.9375,6.96875,6.893364999999999,119200
316,1996-04-02,7.0,7.0625,6.9375,7.03125,6.955188000000001,69600
317,1996-04-03,7.0,7.0625,6.875,6.90625,6.8315410000000005,63600
318,1996-04-04,6.90625,6.96875,6.875,6.875,6.800628999999999,116400
319,1996-04-08,6.75,6.8125,6.6875,6.75,6.676981,249600
320,1996-04-09,6.75,6.84375,6.625,6.8125,6.738805,213600
321,1996-04-10,6.8125,6.8125,6.59375,6.65625,6.584246,57200
322,1996-04-11,6.65625,6.65625,6.5,6.5625,6.491509,98000
323,1996-04-12,6.5625,6.625,6.40625,6.59375,6.522421,195200
324,1996-04-15,6.625,6.75,6.625,6.71875,6.646069000000001,59200
325,1996-04-16,7.0,7.0625,6.9375,7.0,6.924277,296400
326,1996-04-17,6.96875,6.96875,6.90625,6.9375,6.8624529999999995,101600
327,1996-04-18,6.9375,6.9375,6.90625,6.9375,6.8624529999999995,58400
328,1996-04-19,6.96875,7.03125,6.875,6.90625,6.8315410000000005,48800
329,1996-04-22,6.96875,7.0,6.90625,6.9375,6.8624529999999995,121600
330,1996-04-23,6.96875,6.96875,6.84375,6.875,6.800628999999999,90400
331,1996-04-24,6.875,7.0,6.875,7.0,6.924277,243200
332,1996-04-25,7.0,7.0,6.96875,7.0,6.924277,108400
333,1996-04-26,7.0,7.0,6.96875,6.96875,6.893364999999999,102000
334,1996-04-29,7.0,7.0,6.96875,7.0,6.924277,32400
335,1996-04-30,6.9375,6.96875,6.90625,6.9375,6.8624529999999995,114800
336,1996-05-01,6.75,6.84375,6.75,6.8125,6.738805,117600
337,1996-05-02,6.75,6.75,6.625,6.71875,6.646069000000001,166800
338,1996-05-03,6.65625,6.71875,6.59375,6.65625,6.584246,128800
339,1996-05-06,6.6875,6.6875,6.53125,6.5625,6.491509,131200
340,1996-05-07,6.59375,6.625,6.5625,6.625,6.553333,99600
341,1996-05-08,6.65625,6.65625,6.46875,6.59375,6.522421,92400
342,1996-05-09,6.5625,6.90625,6.5625,6.8125,6.738805,286800
343,1996-05-10,6.75,6.875,6.71875,6.84375,6.769717,184000
344,1996-05-13,6.875,6.875,6.84375,6.84375,6.769717,32000
345,1996-05-14,6.90625,6.90625,6.8125,6.84375,6.769717,78400
346,1996-05-15,6.875,6.9375,6.875,6.9375,6.8624529999999995,88400
347,1996-05-16,6.875,6.90625,6.8125,6.84375,6.769717,49200
348,1996-05-17,6.84375,6.90625,6.8125,6.90625,6.8315410000000005,92000
349,1996-05-20,6.90625,6.96875,6.84375,6.9375,6.8624529999999995,106000
350,1996-05-21,6.875,6.875,6.78125,6.78125,6.707892,128400
351,1996-05-22,6.71875,6.78125,6.71875,6.78125,6.707892,81600
352,1996-05-23,6.71875,6.78125,6.6875,6.75,6.676981,31200
353,1996-05-24,6.78125,6.8125,6.71875,6.75,6.676981,40400
354,1996-05-28,6.75,6.78125,6.6875,6.75,6.676981,45200
355,1996-05-29,6.78125,6.78125,6.65625,6.71875,6.646069000000001,73200
356,1996-05-30,6.65625,6.6875,6.5625,6.6875,6.615158,69200
357,1996-05-31,6.65625,6.8125,6.625,6.71875,6.646069000000001,114400
358,1996-06-03,6.6875,6.75,6.65625,6.71875,6.646069000000001,80400
359,1996-06-04,6.71875,6.8125,6.71875,6.8125,6.738805,247600
360,1996-06-05,6.78125,6.78125,6.65625,6.6875,6.615158,74000
361,1996-06-06,6.6875,6.6875,6.59375,6.59375,6.522421,66000
362,1996-06-07,6.625,6.78125,6.5625,6.78125,6.707892,251200
363,1996-06-10,6.78125,6.78125,6.6875,6.6875,6.615158,180400
364,1996-06-11,6.6875,6.875,6.6875,6.75,6.676981,194000
365,1996-06-12,6.875,6.90625,6.78125,6.875,6.800628999999999,290000
366,1996-06-13,6.8125,6.84375,6.75,6.8125,6.738805,69600
367,1996-06-14,6.78125,6.90625,6.75,6.90625,6.8315410000000005,98400
368,1996-06-17,6.90625,7.0,6.84375,6.96875,6.893364999999999,328000
369,1996-06-18,6.9375,6.96875,6.90625,6.9375,6.8624529999999995,114800
370,1996-06-19,6.9375,7.0625,6.9375,6.9375,6.8624529999999995,299600
371,1996-06-20,6.9375,6.96875,6.875,6.9375,6.8624529999999995,103600
372,1996-06-21,6.96875,6.96875,6.90625,6.9375,6.8624529999999995,166800
373,1996-06-24,6.9375,6.9375,6.78125,6.90625,6.8315410000000005,184000
374,1996-06-25,6.875,6.96875,6.875,6.9375,6.8624529999999995,128400
375,1996-06-26,6.96875,6.96875,6.84375,6.875,6.800628999999999,142000
376,1996-06-27,6.8125,6.84375,6.71875,6.78125,6.707892,135600
377,1996-06-28,6.84375,6.875,6.59375,6.59375,6.522421,418000
378,1996-07-01,6.65625,6.84375,6.625,6.78125,6.707892,115600
379,1996-07-02,6.84375,6.84375,6.75,6.75,6.676981,112000
380,1996-07-03,6.75,6.8125,6.65625,6.6875,6.615158,108400
381,1996-07-05,6.5625,6.75,6.5625,6.75,6.676981,116800
382,1996-07-08,6.6875,6.71875,6.625,6.65625,6.584246,202800
383,1996-07-09,6.625,6.71875,6.625,6.6875,6.615158,135600
384,1996-07-10,6.65625,6.65625,6.40625,6.53125,6.460598,76800
385,1996-07-11,6.5625,6.5625,6.4375,6.4375,6.367862000000001,84400
386,1996-07-12,6.4375,6.46875,6.3125,6.34375,6.275126,110400
387,1996-07-15,5.75,5.78125,5.5,5.5,5.440503,478400
388,1996-07-16,5.5,5.625,5.4375,5.59375,5.533239,1276400
389,1996-07-17,5.625,5.6875,5.625,5.625,5.56415,797600
390,1996-07-18,5.625,5.65625,5.5,5.5,5.440503,891600
391,1996-07-19,5.53125,5.5625,5.4375,5.5,5.440503,507600
392,1996-07-22,5.5,5.5,5.421875,5.4375,5.378679,128800
393,1996-07-23,5.4375,5.4375,5.3125,5.375,5.316855,184800
394,1996-07-24,5.3125,5.3125,5.1875,5.25,5.193208,266000
395,1996-07-25,5.21875,5.25,4.9375,5.0,4.945912,602400
396,1996-07-26,5.0,5.0625,4.9375,4.9375,4.884087999999999,1320800
397,1996-07-29,4.90625,5.0625,4.90625,5.0,4.945912,166800
398,1996-07-30,5.0625,5.0625,4.96875,5.0625,5.007736,182000
399,1996-07-31,5.03125,5.15625,5.03125,5.03125,4.976824,209200
400,1996-08-01,5.0,5.09375,5.0,5.0625,5.007736,152400
401,1996-08-02,5.09375,5.1875,4.96875,5.0625,5.007736,1152400
402,1996-08-05,5.09375,5.25,5.09375,5.25,5.193208,1078000
403,1996-08-06,5.1875,5.28125,5.0625,5.15625,5.100472,1229200
404,1996-08-07,5.1875,5.21875,5.125,5.15625,5.100472,232400
405,1996-08-08,5.15625,5.1875,5.0625,5.15625,5.100472,126400
406,1996-08-09,5.15625,5.25,5.125,5.15625,5.100472,338800
407,1996-08-12,5.1875,5.21875,5.09375,5.1875,5.131384,122000
408,1996-08-13,5.125,5.125,5.03125,5.125,5.06956,738400
409,1996-08-14,5.125,5.1875,5.09375,5.1875,5.131384,117200
410,1996-08-15,5.1875,5.375,5.125,5.34375,5.285943,840000
411,1996-08-16,5.34375,5.4375,5.25,5.34375,5.285943,734000
412,1996-08-19,5.3125,5.375,5.28125,5.375,5.316855,294400
413,1996-08-20,5.34375,5.46875,5.34375,5.4375,5.378679,224000
414,1996-08-21,5.375,5.4375,5.34375,5.40625,5.347767,164800
415,1996-08-22,5.46875,5.53125,5.40625,5.4375,5.378679,235600
416,1996-08-23,5.4375,5.53125,5.40625,5.46875,5.409591000000001,103600
417,1996-08-26,5.46875,5.53125,5.40625,5.53125,5.471415,88000
418,1996-08-27,5.53125,5.65625,5.4375,5.625,5.56415,247600
419,1996-08-28,5.625,5.71875,5.53125,5.625,5.56415,428800
420,1996-08-29,5.625,5.65625,5.59375,5.65625,5.595063,488400
421,1996-08-30,5.65625,5.84375,5.65625,5.84375,5.780533999999999,168000
422,1996-09-03,5.75,5.75,5.625,5.6875,5.625975,102000
423,1996-09-04,5.71875,5.75,5.65625,5.6875,5.625975,83200
424,1996-09-05,5.625,5.8125,5.625,5.78125,5.71871,150000
425,1996-09-06,5.8125,6.0,5.75,5.9375,5.87327,129600
426,1996-09-09,5.96875,6.15625,5.96875,6.09375,6.027830000000001,211600
427,1996-09-10,6.09375,6.09375,6.0,6.03125,5.966006,193600
428,1996-09-11,6.03125,6.09375,5.9375,6.03125,5.966006,168800
429,1996-09-12,6.0625,6.0625,5.96875,6.0,5.935094,139600
430,1996-09-13,5.9375,6.0,5.75,5.84375,5.780533999999999,249600
431,1996-09-16,5.90625,5.9375,5.71875,5.78125,5.71871,231600
432,1996-09-17,5.78125,5.78125,5.53125,5.59375,5.533239,506800
433,1996-09-18,5.59375,5.65625,5.53125,5.625,5.56415,150000
434,1996-09-19,5.625,5.6875,5.5,5.59375,5.533239,380000
435,1996-09-20,5.5625,5.78125,5.5625,5.78125,5.71871,118000
436,1996-09-23,5.75,5.75,5.59375,5.59375,5.533239,66400
437,1996-09-24,5.625,5.8125,5.625,5.75,5.687799,84000
438,1996-09-25,5.6875,5.78125,5.53125,5.625,5.56415,172400
439,1996-09-26,5.625,5.71875,5.59375,5.625,5.56415,118400
440,1996-09-27,5.6875,5.6875,5.65625,5.65625,5.595063,236000
441,1996-09-30,5.65625,5.6875,5.5625,5.625,5.56415,646000
442,1996-10-01,5.59375,5.65625,5.5625,5.625,5.56415,391600
443,1996-10-02,5.6875,5.6875,5.5625,5.65625,5.595063,136400
444,1996-10-03,5.59375,5.71875,5.5625,5.625,5.56415,204000
445,1996-10-04,5.625,5.8125,5.625,5.8125,5.7496220000000005,208800
446,1996-10-07,5.8125,5.875,5.65625,5.71875,5.656887,240000
447,1996-10-08,5.6875,5.78125,5.625,5.75,5.687799,144000
448,1996-10-09,5.75,5.8125,5.75,5.8125,5.7496220000000005,193600
449,1996-10-10,5.8125,5.84375,5.6875,5.75,5.687799,227200
450,1996-10-11,5.75,5.78125,5.75,5.78125,5.71871,60000
451,1996-10-14,5.78125,5.78125,5.75,5.78125,5.71871,28000
452,1996-10-15,5.71875,5.78125,5.6875,5.71875,5.656887,66800
453,1996-10-16,5.75,5.8125,5.6875,5.75,5.687799,92400
454,1996-10-17,5.78125,5.78125,5.65625,5.75,5.687799,63200
455,1996-10-18,5.75,5.75,5.65625,5.65625,5.595063,44400
456,1996-10-21,5.59375,5.6875,5.59375,5.6875,5.625975,36400
457,1996-10-22,5.625,5.6875,5.53125,5.65625,5.595063,60000
458,1996-10-23,5.6875,5.6875,5.59375,5.625,5.56415,53200
459,1996-10-24,5.6875,5.6875,5.59375,5.625,5.56415,93200
460,1996-10-25,5.59375,5.59375,5.5,5.53125,5.471415,98400
461,1996-10-28,5.5625,5.59375,5.5,5.59375,5.533239,875200
462,1996-10-29,5.59375,5.625,5.5625,5.59375,5.533239,48000
463,1996-10-30,5.5625,5.625,5.5,5.5,5.440503,180400
464,1996-10-31,5.53125,5.59375,5.5,5.53125,5.471415,202800
465,1996-11-01,5.53125,5.59375,5.46875,5.5625,5.502326999999999,280800
466,1996-11-04,5.5,5.5625,5.5,5.5,5.440503,79200
467,1996-11-05,5.5,5.53125,5.40625,5.5,5.440503,217600
468,1996-11-06,5.5,5.5,5.40625,5.4375,5.378679,221600
469,1996-11-07,5.375,5.40625,5.34375,5.40625,5.347767,259200
470,1996-11-08,5.40625,5.40625,5.3125,5.34375,5.285943,551600
471,1996-11-11,5.34375,5.40625,5.3125,5.34375,5.285943,671600
472,1996-11-12,5.34375,5.53125,5.34375,5.53125,5.471415,194400
473,1996-11-13,5.5,5.625,5.5,5.59375,5.533239,95600
474,1996-11-14,5.59375,5.6875,5.5625,5.65625,5.595063,100000
475,1996-11-15,5.625,5.75,5.625,5.75,5.687799,99600
476,1996-11-18,5.6875,5.75,5.6875,5.71875,5.656887,95200
477,1996-11-19,5.6875,5.78125,5.6875,5.78125,5.71871,130400
478,1996-11-20,5.78125,5.8125,5.75,5.8125,5.7496220000000005,159200
479,1996-11-21,5.8125,5.875,5.78125,5.84375,5.780533999999999,92400
480,1996-11-22,5.8125,5.96875,5.78125,5.9375,5.87327,122400
481,1996-11-25,5.96875,6.1875,5.96875,6.15625,6.089654,285200
482,1996-11-26,6.15625,6.25,6.15625,6.15625,6.089654,522800
483,1996-11-27,6.15625,6.21875,6.03125,6.0625,5.996918,317200
484,1996-11-29,6.0625,6.0625,5.96875,6.03125,5.966006,33600
485,1996-12-02,6.0625,6.0625,5.96875,6.0,5.935094,161600
486,1996-12-03,6.03125,6.03125,5.9375,5.9375,5.87327,226400
487,1996-12-04,5.96875,6.0,5.90625,5.96875,5.904182,207200
488,1996-12-05,5.96875,6.09375,5.96875,6.0,5.935094,108000
489,1996-12-06,5.9375,6.09375,5.875,6.03125,5.966006,315200
490,1996-12-09,6.03125,6.09375,6.0,6.03125,5.966006,122400
491,1996-12-10,5.96875,6.0625,5.96875,6.0,5.935094,128000
492,1996-12-11,6.0,6.125,5.96875,6.125,6.058742,158800
493,1996-12-12,6.0625,6.125,5.96875,6.03125,5.966006,196800
494,1996-12-13,6.03125,6.03125,5.96875,6.0,5.935094,85600
495,1996-12-16,5.96875,6.0,5.90625,5.90625,5.842359,115200
496,1996-12-17,5.96875,6.0,5.9375,5.96875,5.904182,176400
497,1996-12-18,6.0,6.03125,5.78125,5.78125,5.71871,225600
498,1996-12-19,5.65625,5.75,5.65625,5.6875,5.625975,553600
499,1996-12-20,5.6875,5.71875,5.6875,5.71875,5.656887,450800
500,1996-12-23,5.6875,5.8125,5.6875,5.75,5.687799,246400
501,1996-12-24,5.71875,5.8125,5.6875,5.8125,5.7496220000000005,173600
502,1996-12-26,5.78125,5.84375,5.78125,5.8125,5.7496220000000005,38000
503,1996-12-27,5.78125,5.84375,5.78125,5.8125,5.7496220000000005,53200
504,1996-12-30,5.78125,5.84375,5.75,5.8125,5.7496220000000005,278000
505,1996-12-31,5.90625,5.90625,5.84375,5.90625,5.842359,215600
506,1997-01-02,5.875,6.03125,5.875,6.03125,5.966006,347600
507,1997-01-03,6.0625,6.21875,6.0625,6.21875,6.151478,376800
508,1997-01-06,6.625,6.625,6.3125,6.3125,6.244214,757600
509,1997-01-07,6.3125,6.3125,6.25,6.25,6.18239,208000
510,1997-01-08,6.21875,6.34375,6.21875,6.3125,6.244214,96800
511,1997-01-09,6.28125,6.28125,6.1875,6.21875,6.151478,219600
512,1997-01-10,6.09375,6.21875,6.0625,6.125,6.058742,333200
513,1997-01-13,5.96875,6.0625,5.96875,6.0625,5.996918,214000
514,1997-01-14,6.0625,6.25,6.03125,6.21875,6.151478,210400
515,1997-01-15,6.25,6.3125,6.1875,6.3125,6.244214,121600
516,1997-01-16,6.28125,6.5,6.28125,6.46875,6.3987739999999995,400800
517,1997-01-17,6.46875,6.5625,6.40625,6.5625,6.491509,1028000
518,1997-01-20,6.5,6.625,6.46875,6.5625,6.491509,503200
519,1997-01-21,6.59375,6.65625,6.53125,6.65625,6.584246,320000
520,1997-01-22,6.65625,6.65625,6.5,6.59375,6.522421,270000
521,1997-01-23,6.625,6.65625,6.53125,6.625,6.553333,607600
522,1997-01-24,6.5625,6.59375,6.4375,6.5625,6.491509,181600
523,1997-01-27,6.5625,6.65625,6.5625,6.625,6.553333,156400
524,1997-01-28,6.625,6.71875,6.59375,6.71875,6.646069000000001,278000
525,1997-01-29,6.65625,6.875,6.65625,6.84375,6.769717,267600
526,1997-01-30,6.75,6.875,6.75,6.875,6.800628999999999,222400
527,1997-01-31,6.9375,7.0,6.90625,6.9375,6.8624529999999995,194000
528,1997-02-03,6.90625,6.9375,6.78125,6.90625,6.8315410000000005,314000
529,1997-02-04,6.84375,6.90625,6.78125,6.875,6.800628999999999,277200
530,1997-02-05,6.90625,6.9375,6.84375,6.9375,6.8624529999999995,178000
531,1997-02-06,6.875,6.90625,6.8125,6.90625,6.8315410000000005,195200
532,1997-02-07,6.90625,6.90625,6.8125,6.90625,6.8315410000000005,223600
533,1997-02-10,6.90625,6.96875,6.75,6.96875,6.893364999999999,329200
534,1997-02-11,6.90625,7.125,6.875,7.0625,6.986101,433200
535,1997-02-12,7.09375,7.09375,6.875,7.0,6.924277,244800
536,1997-02-13,6.875,6.96875,6.875,6.90625,6.8315410000000005,132800
537,1997-02-14,6.90625,7.0,6.90625,7.0,6.924277,128000
538,1997-02-18,7.0,7.03125,6.9375,7.03125,6.955188000000001,197200
539,1997-02-19,6.96875,6.96875,6.84375,6.90625,6.8315410000000005,122400
540,1997-02-20,6.875,6.875,6.75,6.84375,6.769717,120800
541,1997-02-21,6.8125,6.84375,6.75,6.84375,6.769717,250800
542,1997-02-24,6.71875,6.90625,6.71875,6.8125,6.738805,240400
543,1997-02-25,6.75,6.84375,6.6875,6.6875,6.615158,214800
544,1997-02-26,6.65625,6.75,6.65625,6.71875,6.646069000000001,154000
545,1997-02-27,6.6875,6.75,6.59375,6.59375,6.522421,244800
546,1997-02-28,6.53125,6.53125,6.34375,6.4375,6.367862000000001,766400
547,1997-03-03,6.4375,6.4375,6.375,6.4375,6.367862000000001,222800
548,1997-03-04,6.4375,6.59375,6.40625,6.5,6.429686,268400
549,1997-03-05,6.5625,6.65625,6.40625,6.4375,6.367862000000001,99200
550,1997-03-06,6.4375,6.46875,6.34375,6.34375,6.275126,98800
551,1997-03-07,6.40625,6.59375,6.40625,6.46875,6.3987739999999995,240400
552,1997-03-10,6.46875,6.46875,6.40625,6.46875,6.3987739999999995,63200
553,1997-03-11,6.46875,6.46875,6.34375,6.46875,6.3987739999999995,132800
554,1997-03-12,6.46875,6.46875,6.375,6.4375,6.367862000000001,77200
555,1997-03-13,6.375,6.4375,6.375,6.4375,6.367862000000001,66400
556,1997-03-14,6.4375,6.4375,6.1875,6.28125,6.213302,242800
557,1997-03-17,6.21875,6.375,6.15625,6.375,6.306038,293200
558,1997-03-18,6.375,6.4375,6.28125,6.3125,6.244214,116800
559,1997-03-19,6.28125,6.375,6.21875,6.375,6.306038,83200
560,1997-03-20,6.40625,6.40625,6.25,6.34375,6.275126,176400
561,1997-03-21,6.34375,6.375,6.234375,6.25,6.18239,92000
562,1997-03-24,6.1875,6.25,6.03125,6.21875,6.151478,97600
563,1997-03-25,6.21875,6.28125,6.0,6.0,5.935094,192800
564,1997-03-26,6.0,6.09375,6.0,6.0625,5.996918,89600
565,1997-03-27,6.09375,6.1875,6.0,6.03125,5.966006,111200
566,1997-03-31,6.03125,6.1875,6.0,6.125,6.058742,266400
567,1997-04-01,6.125,6.125,6.03125,6.0625,5.996918,226000
568,1997-04-02,6.0625,6.09375,6.0625,6.0625,5.996918,172400
569,1997-04-03,6.0625,6.09375,6.0625,6.0625,5.996918,162000
570,1997-04-04,6.0625,6.125,6.03125,6.03125,5.966006,90400
571,1997-04-07,6.0625,6.0625,5.96875,6.03125,5.966006,180000
572,1997-04-08,5.96875,6.125,5.875,6.0625,5.996918,130800
573,1997-04-09,6.03125,6.15625,5.96875,6.09375,6.027830000000001,188400
574,1997-04-10,6.03125,6.0625,5.9375,6.0,5.935094,150400
575,1997-04-11,5.9375,6.09375,5.875,6.03125,5.966006,46000
576,1997-04-14,6.0625,6.0625,5.84375,5.84375,5.780533999999999,101200
577,1997-04-15,5.8125,6.09375,5.8125,6.09375,6.027830000000001,161600
578,1997-04-16,6.09375,6.21875,6.09375,6.125,6.058742,161200
579,1997-04-17,6.09375,6.1875,6.03125,6.09375,6.027830000000001,144800
580,1997-04-18,6.15625,6.21875,6.125,6.1875,6.120566,78000
581,1997-04-21,6.15625,6.1875,6.125,6.1875,6.120566,34400
582,1997-04-22,6.1875,6.3125,6.1875,6.25,6.18239,326400
583,1997-04-23,6.25,6.25,6.125,6.15625,6.089654,56400
584,1997-04-24,6.15625,6.15625,6.03125,6.0625,5.996918,90400
585,1997-04-25,6.0,6.09375,5.96875,5.96875,5.904182,156000
586,1997-04-28,6.0,6.0625,5.96875,6.0625,5.996918,130000
587,1997-04-29,6.125,6.21875,6.0,6.1875,6.120566,150000
588,1997-04-30,6.21875,6.375,6.1875,6.375,6.306038,185600
589,1997-05-01,6.34375,6.375,6.28125,6.3125,6.244214,133200
590,1997-05-02,6.28125,6.4375,6.28125,6.40625,6.336949,265600
591,1997-05-05,6.40625,6.5,6.34375,6.5,6.429686,315200
592,1997-05-06,6.5,6.5625,6.46875,6.53125,6.460598,198000
593,1997-05-07,6.46875,6.53125,6.40625,6.5,6.429686,349200
594,1997-05-08,6.4375,6.46875,6.40625,6.40625,6.336949,89600
595,1997-05-09,6.375,6.4375,6.375,6.375,6.306038,56400
596,1997-05-12,6.40625,6.46875,6.375,6.4375,6.367862000000001,172000
597,1997-05-13,6.40625,6.4375,6.375,6.40625,6.336949,73600
598,1997-05-14,6.40625,6.59375,6.40625,6.46875,6.3987739999999995,179600
599,1997-05-15,6.4375,6.5,6.40625,6.4375,6.367862000000001,93200
600,1997-05-16,6.46875,6.46875,6.375,6.375,6.306038,95600
601,1997-05-19,6.40625,6.46875,6.375,6.4375,6.367862000000001,115600
602,1997-05-20,6.46875,6.5,6.40625,6.5,6.429686,64400
603,1997-05-21,6.5,6.5625,6.4375,6.5,6.429686,157200
604,1997-05-22,6.5,6.53125,6.46875,6.5,6.429686,38000
605,1997-05-23,6.53125,6.5625,6.46875,6.5625,6.491509,92800
606,1997-05-27,6.5,6.65625,6.5,6.625,6.553333,214400
607,1997-05-28,6.5625,6.625,6.5625,6.59375,6.522421,53200
608,1997-05-29,6.625,6.65625,6.5625,6.625,6.553333,262000
609,1997-05-30,6.5625,6.71875,6.5625,6.71875,6.646069000000001,130000
610,1997-06-02,6.71875,6.71875,6.625,6.65625,6.584246,90400
611,1997-06-03,6.59375,6.71875,6.5625,6.71875,6.646069000000001,112400
612,1997-06-04,6.71875,6.71875,6.59375,6.59375,6.522421,141200
613,1997-06-05,6.5625,6.65625,6.5625,6.5625,6.491509,118400
614,1997-06-06,6.5625,6.6875,6.5625,6.625,6.553333,116800
615,1997-06-09,6.625,6.8125,6.5625,6.8125,6.738805,291200
616,1997-06-10,6.8125,6.8125,6.71875,6.75,6.676981,144800
617,1997-06-11,6.8125,6.84375,6.75,6.8125,6.738805,90800
618,1997-06-12,6.84375,6.84375,6.6875,6.71875,6.646069000000001,359200
619,1997-06-13,6.71875,6.78125,6.71875,6.78125,6.707892,174800
620,1997-06-16,6.71875,6.78125,6.71875,6.78125,6.707892,58800
621,1997-06-17,6.75,6.875,6.75,6.875,6.800628999999999,119600
622,1997-06-18,6.875,6.9375,6.84375,6.90625,6.8315410000000005,219200
623,1997-06-19,6.9375,6.96875,6.84375,6.9375,6.8624529999999995,136000
624,1997-06-20,6.75,6.9375,6.75,6.875,6.800628999999999,268800
625,1997-06-23,6.90625,6.90625,6.8125,6.8125,6.738805,61600
626,1997-06-24,6.78125,6.890625,6.75,6.796875,6.723349000000001,156000
627,1997-06-25,6.828125,6.9375,6.796875,6.8125,6.738805,226000
628,1997-06-26,6.8125,6.90625,6.8125,6.8125,6.738805,93200
629,1997-06-27,6.8125,6.921875,6.8125,6.84375,6.769717,117200
630,1997-06-30,6.78125,6.875,6.71875,6.71875,6.646069000000001,246000
631,1997-07-01,6.75,6.875,6.75,6.875,6.800628999999999,142800
632,1997-07-02,6.875,6.9375,6.8125,6.8125,6.738805,162000
633,1997-07-03,6.8125,6.875,6.78125,6.8125,6.738805,45600
634,1997-07-07,6.796875,6.890625,6.78125,6.859375,6.785172,68400
635,1997-07-08,6.84375,6.90625,6.78125,6.78125,6.707892,101200
636,1997-07-09,6.71875,6.734375,6.59375,6.59375,6.522421,197600
637,1997-07-10,6.5625,6.84375,6.5625,6.765625,6.692438,232000
638,1997-07-11,6.78125,6.828125,6.75,6.78125,6.707892,58000
639,1997-07-14,6.75,6.796875,6.65625,6.671875,6.599701,222000
640,1997-07-15,6.734375,6.84375,6.65625,6.8125,6.738805,375600
641,1997-07-16,6.875,7.0,6.875,6.984375,6.9088210000000005,309200
642,1997-07-17,6.9375,7.015625,6.921875,7.0,6.924277,152000
643,1997-07-18,6.984375,7.015625,6.90625,7.015625,6.939733,164400
644,1997-07-21,7.0,7.046875,6.953125,7.015625,6.939733,232400
645,1997-07-22,7.015625,7.125,7.015625,7.109375,7.032468,296000
646,1997-07-23,7.125,7.25,7.109375,7.21875,7.140661,338400
647,1997-07-24,7.15625,7.25,7.09375,7.25,7.171572,196400
648,1997-07-25,7.234375,7.234375,7.109375,7.15625,7.078836999999999,177600
649,1997-07-28,7.15625,7.15625,7.03125,7.109375,7.032468,154800
650,1997-07-29,7.140625,7.140625,7.046875,7.0625,6.986101,144000
651,1997-07-30,7.046875,7.09375,6.96875,7.0,6.924277,402000
652,1997-07-31,7.015625,7.03125,6.984375,7.0,6.924277,464800
653,1997-08-01,7.015625,7.0625,6.96875,7.046875,6.970644999999999,328400
654,1997-08-04,7.046875,7.21875,7.03125,7.21875,7.140661,418400
655,1997-08-05,7.234375,7.46875,7.234375,7.46875,7.387956,314800
656,1997-08-06,7.4375,7.484375,7.375,7.46875,7.387956,253600
657,1997-08-07,7.5,7.65625,7.5,7.65625,7.573428,474400
658,1997-08-08,7.625,7.625,7.5625,7.59375,7.511603,328000
659,1997-08-11,7.53125,7.59375,7.53125,7.59375,7.511603,339200
660,1997-08-12,7.578125,7.671875,7.53125,7.5625,7.480691,367600
661,1997-08-13,7.5,7.546875,7.40625,7.4375,7.357044,172000
662,1997-08-14,7.4375,7.59375,7.4375,7.59375,7.511603,222000
663,1997-08-15,7.59375,7.59375,7.46875,7.5,7.418867999999999,386400
664,1997-08-18,7.5,7.609375,7.5,7.609375,7.5270600000000005,148800
665,1997-08-19,7.625,7.703125,7.609375,7.671875,7.588883,303600
666,1997-08-20,7.6875,7.71875,7.625,7.703125,7.619796000000001,116000
667,1997-08-21,7.703125,7.703125,7.59375,7.625,7.542516,84000
668,1997-08-22,7.609375,7.625,7.53125,7.625,7.542516,212400
669,1997-08-25,7.640625,7.828125,7.640625,7.765625,7.68162,227200
670,1997-08-26,7.75,7.8125,7.5625,7.640625,7.557971,137200
671,1997-08-27,7.671875,7.96875,7.625,7.96875,7.882547,500000
672,1997-08-28,8.09375,8.09375,7.953125,8.03125,7.944371,308800
673,1997-08-29,8.0,8.015625,7.828125,8.015625,7.928916,173600
674,1997-09-02,8.078125,8.078125,7.921875,8.015625,7.928916,204400
675,1997-09-03,8.015625,8.140625,8.0,8.046875,7.959827000000001,443200
676,1997-09-04,7.90625,8.0625,7.90625,8.03125,7.944371,724800
677,1997-09-05,8.015625,8.03125,7.96875,8.0,7.913459,274800
678,1997-09-08,7.953125,7.984375,7.734375,7.75,7.666163,588000
679,1997-09-09,7.75,7.75,7.375,7.46875,7.387956,946000
680,1997-09-10,7.46875,7.46875,7.328125,7.359375,7.279764,434400
681,1997-09-11,7.375,7.375,7.359375,7.375,7.29522,332000
682,1997-09-12,7.375,7.375,7.28125,7.375,7.29522,152800
683,1997-09-15,7.375,7.421875,7.359375,7.40625,7.326132,76000
684,1997-09-16,7.375,7.390625,7.359375,7.375,7.29522,75200
685,1997-09-17,7.375,7.5625,7.375,7.546875,7.465236,182800
686,1997-09-18,7.546875,7.546875,7.421875,7.484375,7.403411,141600
687,1997-09-19,7.421875,7.484375,7.375,7.484375,7.403411,211600
688,1997-09-22,7.453125,7.484375,7.234375,7.296875,7.21794,252400
689,1997-09-23,7.25,7.4375,7.25,7.4375,7.357044,279600
690,1997-09-24,7.375,7.46875,7.28125,7.4375,7.357044,307200
691,1997-09-25,7.40625,7.5,7.40625,7.484375,7.403411,465600
692,1997-09-26,7.484375,7.484375,7.421875,7.484375,7.403411,90400
693,1997-09-29,7.453125,7.5,7.453125,7.5,7.418867999999999,174000
694,1997-09-30,7.5,7.65625,7.484375,7.65625,7.573428,324400
695,1997-10-01,7.65625,7.6875,7.5625,7.609375,7.5270600000000005,285600
696,1997-10-02,7.546875,7.703125,7.546875,7.578125,7.496148,204800
697,1997-10-03,7.546875,7.671875,7.546875,7.625,7.542516,323200
698,1997-10-06,7.625,7.671875,7.625,7.671875,7.588883,184800
699,1997-10-07,7.625,7.6875,7.53125,7.6875,7.60434,150000
700,1997-10-08,7.6875,7.75,7.59375,7.65625,7.573428,224000
701,1997-10-09,7.625,7.671875,7.59375,7.625,7.542516,131600
702,1997-10-10,7.59375,7.65625,7.546875,7.65625,7.573428,196800
703,1997-10-13,7.65625,7.671875,7.5625,7.578125,7.496148,171600
704,1997-10-14,7.5625,7.625,7.53125,7.625,7.542516,108800
705,1997-10-15,7.59375,7.625,7.59375,7.625,7.542516,286000
706,1997-10-16,7.59375,7.625,7.5625,7.578125,7.496148,133600
707,1997-10-17,7.515625,7.546875,7.296875,7.453125,7.3725,162400
708,1997-10-20,7.4375,7.546875,7.359375,7.546875,7.465236,152800
709,1997-10-21,7.5625,7.59375,7.5,7.5625,7.480691,201200
710,1997-10-22,7.59375,7.59375,7.484375,7.484375,7.403411,86800
711,1997-10-23,7.171875,7.421875,7.171875,7.421875,7.341588000000001,326000
712,1997-10-24,7.4375,7.578125,7.4375,7.46875,7.387956,209200
713,1997-10-27,7.46875,7.46875,6.96875,6.96875,6.893364999999999,406000
714,1997-10-28,6.90625,6.90625,6.71875,6.84375,6.769717,535200
715,1997-10-29,6.90625,7.09375,6.90625,6.953125,6.877908000000001,1234000
716,1997-10-30,6.953125,6.953125,6.734375,6.75,6.676981,1253600
717,1997-10-31,6.75,6.84375,6.65625,6.75,6.676981,636800
718,1997-11-03,6.8125,6.8125,6.578125,6.6875,6.615158,648800
719,1997-11-04,6.625,6.71875,6.453125,6.609375,6.537878,728400
720,1997-11-05,6.609375,6.75,6.546875,6.6875,6.615158,932000
721,1997-11-06,6.6875,6.84375,6.640625,6.75,6.676981,887200
722,1997-11-07,6.6875,6.6875,6.5,6.625,6.553333,579600
723,1997-11-10,6.609375,6.625,6.546875,6.59375,6.522421,708000
724,1997-11-11,6.625,6.625,6.515625,6.53125,6.460598,346000
725,1997-11-12,6.5,6.5,6.34375,6.359375,6.290582,341600
726,1997-11-13,6.359375,6.359375,6.28125,6.3125,6.244214,143200
727,1997-11-14,6.25,6.546875,6.234375,6.453125,6.383317,324000
728,1997-11-17,6.453125,6.5,6.390625,6.40625,6.336949,489600
729,1997-11-18,6.421875,6.53125,6.40625,6.5,6.429686,549600
730,1997-11-19,6.5625,6.65625,6.421875,6.4375,6.367862000000001,199600
731,1997-11-20,6.484375,6.515625,6.359375,6.4375,6.367862000000001,302400
732,1997-11-21,6.5,6.5,6.421875,6.5,6.429686,574000
733,1997-11-24,6.5625,6.625,6.46875,6.53125,6.460598,446800
734,1997-11-25,6.5,6.515625,6.34375,6.421875,6.352405999999999,161600
735,1997-11-26,6.40625,6.5625,6.40625,6.546875,6.476054,220800
736,1997-11-28,6.546875,6.671875,6.546875,6.609375,6.537878,66000
737,1997-12-01,6.59375,6.65625,6.515625,6.53125,6.460598,634800
738,1997-12-02,6.421875,6.515625,6.390625,6.453125,6.383317,195600
739,1997-12-03,6.5,6.59375,6.25,6.5625,6.491509,532400
740,1997-12-04,6.53125,6.671875,6.515625,6.671875,6.599701,76000
741,1997-12-05,6.65625,6.671875,6.484375,6.53125,6.460598,134000
742,1997-12-08,6.578125,6.578125,6.453125,6.46875,6.3987739999999995,106000
743,1997-12-09,6.359375,6.375,6.21875,6.21875,6.151478,390800
744,1997-12-10,6.25,6.40625,6.21875,6.40625,6.336949,172000
745,1997-12-11,6.25,6.390625,6.25,6.328125,6.259669000000001,243600
746,1997-12-12,6.328125,6.5,6.328125,6.421875,6.352405999999999,206800
747,1997-12-15,6.421875,6.5625,6.421875,6.515625,6.445142,464800
748,1997-12-16,6.484375,6.53125,6.390625,6.421875,6.352405999999999,308800
749,1997-12-17,6.359375,6.375,6.171875,6.375,6.306038,878400
750,1997-12-18,6.375,6.375,6.21875,6.25,6.18239,678800
751,1997-12-19,6.1875,6.28125,6.1875,6.28125,6.213302,312000
752,1997-12-22,6.265625,6.28125,6.21875,6.21875,6.151478,516800
753,1997-12-23,6.265625,6.265625,6.171875,6.234375,6.1669339999999995,180000
754,1997-12-24,6.234375,6.28125,6.21875,6.234375,6.1669339999999995,156800
755,1997-12-26,6.203125,6.25,6.203125,6.234375,6.1669339999999995,152800
756,1997-12-29,6.234375,6.265625,6.203125,6.25,6.18239,336400
757,1997-12-30,6.25,6.296875,6.234375,6.28125,6.213302,327200
758,1997-12-31,6.265625,6.359375,6.265625,6.34375,6.275126,426400
759,1998-01-02,6.34375,6.390625,6.25,6.390625,6.321494,217600
760,1998-01-05,6.359375,6.40625,6.328125,6.40625,6.336949,285200
761,1998-01-06,6.40625,6.484375,6.390625,6.484375,6.414229,363200
762,1998-01-07,6.46875,6.46875,6.40625,6.453125,6.383317,290000
763,1998-01-08,6.46875,6.46875,6.390625,6.453125,6.383317,244800
764,1998-01-09,6.4375,6.5,6.1875,6.25,6.18239,540800
765,1998-01-12,6.1875,6.375,6.1875,6.3125,6.244214,370000
766,1998-01-13,6.3125,6.484375,6.3125,6.484375,6.414229,290800
767,1998-01-14,6.453125,6.65625,6.453125,6.609375,6.537878,628400
768,1998-01-15,6.65625,6.65625,6.53125,6.546875,6.476054,268800
769,1998-01-16,6.65625,6.765625,6.59375,6.75,6.676981,433200
770,1998-01-20,6.84375,6.984375,6.84375,6.953125,6.877908000000001,262800
771,1998-01-21,6.921875,6.921875,6.828125,6.890625,6.816085,456000
772,1998-01-22,6.890625,6.890625,6.78125,6.796875,6.723349000000001,763200
773,1998-01-23,6.828125,6.828125,6.734375,6.734375,6.661525,218400
774,1998-01-26,6.734375,6.828125,6.734375,6.75,6.676981,401600
775,1998-01-27,6.765625,6.796875,6.71875,6.75,6.676981,66800
776,1998-01-28,6.765625,6.8125,6.75,6.796875,6.723349000000001,206000
777,1998-01-29,6.8125,6.859375,6.78125,6.8125,6.738805,325600
778,1998-01-30,6.765625,6.796875,6.734375,6.734375,6.661525,232400
779,1998-02-02,6.796875,6.796875,6.71875,6.75,6.676981,266400
780,1998-02-03,6.75,7.015625,6.75,7.015625,6.939733,624400
781,1998-02-04,6.984375,7.078125,6.90625,7.046875,6.970644999999999,180400
782,1998-02-05,7.0625,7.40625,7.03125,7.328125,7.248852,604400
783,1998-02-06,7.1875,7.46875,7.1875,7.234375,7.156116,383600
784,1998-02-09,7.21875,7.34375,7.171875,7.3125,7.233396000000001,84000
785,1998-02-10,7.25,7.484375,7.25,7.40625,7.326132,212000
786,1998-02-11,7.390625,7.4375,7.3125,7.4375,7.357044,314800
787,1998-02-12,7.390625,7.390625,7.265625,7.3125,7.233396000000001,407600
788,1998-02-13,7.34375,7.40625,7.25,7.40625,7.326132,123200
789,1998-02-17,7.375,7.453125,7.359375,7.375,7.29522,298000
790,1998-02-18,7.375,7.390625,7.28125,7.375,7.29522,404400
791,1998-02-19,7.375,7.515625,7.375,7.5,7.418867999999999,517600
792,1998-02-20,7.453125,7.53125,7.4375,7.53125,7.4497800000000005,218400
793,1998-02-23,7.515625,7.53125,7.375,7.453125,7.3725,273600
794,1998-02-24,7.453125,7.5,7.390625,7.421875,7.341588000000001,158000
795,1998-02-25,7.46875,7.484375,7.359375,7.40625,7.326132,289200
796,1998-02-26,7.390625,7.484375,7.359375,7.421875,7.341588000000001,406400
797,1998-02-27,7.421875,7.484375,7.390625,7.484375,7.403411,324400
798,1998-03-02,7.5,7.5625,7.46875,7.546875,7.465236,219600
799,1998-03-03,7.515625,7.609375,7.5,7.59375,7.511603,250400
800,1998-03-04,7.609375,7.609375,7.546875,7.578125,7.496148,155600
801,1998-03-05,7.5625,7.5625,7.5,7.53125,7.4497800000000005,456800
802,1998-03-06,7.53125,7.640625,7.53125,7.53125,7.4497800000000005,973600
803,1998-03-09,7.515625,7.5625,7.46875,7.5,7.418867999999999,240000
804,1998-03-10,7.46875,7.546875,7.453125,7.546875,7.465236,547200
805,1998-03-11,7.515625,7.8125,7.515625,7.734375,7.650707000000001,2727200
806,1998-03-12,7.75,7.78125,7.65625,7.671875,7.588883,379600
807,1998-03-13,7.671875,7.8125,7.65625,7.765625,7.68162,566800
808,1998-03-16,7.75,7.875,7.75,7.84375,7.758899,576400
809,1998-03-17,7.875,7.921875,7.828125,7.921875,7.836179,430800
810,1998-03-18,7.96875,7.96875,7.875,7.890625,7.805267,361600
811,1998-03-19,7.875,7.96875,7.875,7.921875,7.836179,648800
812,1998-03-20,7.90625,7.953125,7.90625,7.921875,7.836179,873600
813,1998-03-23,7.890625,7.921875,7.890625,7.90625,7.820722999999999,275200
814,1998-03-24,7.9375,8.0,7.90625,8.0,7.913459,272800
815,1998-03-25,8.0,8.0,7.875,7.890625,7.805267,251600
816,1998-03-26,7.90625,7.984375,7.90625,7.984375,7.898003,102000
817,1998-03-27,7.984375,8.046875,7.9375,8.015625,7.928916,427200
818,1998-03-30,8.015625,8.015625,7.90625,7.953125,7.867091,304400
819,1998-03-31,7.984375,8.09375,7.9375,8.09375,8.006195,267600
820,1998-04-01,8.125,8.171875,8.0625,8.15625,8.068019,404800
821,1998-04-02,8.15625,8.21875,8.140625,8.171875,8.083475,279600
822,1998-04-03,8.15625,8.25,8.109375,8.140625,8.052564,346000
823,1998-04-06,8.203125,8.25,8.125,8.140625,8.052564,303200
824,1998-04-07,8.125,8.234375,8.0625,8.140625,8.052564,663600
825,1998-04-08,8.125,8.203125,7.984375,8.046875,7.959827000000001,418800
826,1998-04-09,8.078125,8.234375,8.078125,8.1875,8.098930000000001,331600
827,1998-04-13,8.1875,8.1875,8.0,8.078125,7.990738,99600
828,1998-04-14,8.078125,8.328125,8.078125,8.25,8.160753999999999,296000
829,1998-04-15,8.265625,8.34375,8.265625,8.328125,8.238035,240800
830,1998-04-16,8.296875,8.375,8.265625,8.265625,8.176211,193600
831,1998-04-17,8.265625,8.40625,8.265625,8.390625,8.299858,163600
832,1998-04-20,8.375,8.421875,8.375,8.390625,8.299858,126000
833,1998-04-21,8.375,8.515625,8.375,8.484375,8.392595,205600
834,1998-04-22,8.5,8.546875,8.5,8.515625,8.423507,253600
835,1998-04-23,8.546875,8.5625,8.46875,8.46875,8.377138,250400
836,1998-04-24,8.40625,8.46875,8.296875,8.3125,8.222579,236800
837,1998-04-27,8.25,8.28125,8.046875,8.25,8.160753999999999,412400
838,1998-04-28,8.25,8.375,8.234375,8.28125,8.191668,234400
839,1998-04-29,8.28125,8.359375,8.28125,8.328125,8.238035,195600
840,1998-04-30,8.34375,8.375,8.328125,8.34375,8.25349,198000
841,1998-05-01,8.328125,8.359375,8.3125,8.34375,8.25349,82000
842,1998-05-04,8.359375,8.484375,8.3125,8.4375,8.346228,370800
843,1998-05-05,8.484375,8.484375,8.390625,8.484375,8.392595,94000
844,1998-05-06,8.4375,8.484375,8.40625,8.46875,8.377138,80000
845,1998-05-07,8.40625,8.421875,8.34375,8.390625,8.299858,145200
846,1998-05-08,8.453125,8.546875,8.4375,8.53125,8.438962,150400
847,1998-05-11,8.53125,8.53125,8.25,8.25,8.160753999999999,222000
848,1998-05-12,8.3125,8.390625,8.296875,8.296875,8.207123,216400
849,1998-05-13,8.265625,8.328125,8.265625,8.28125,8.191668,202400
850,1998-05-14,8.296875,8.296875,8.25,8.265625,8.176211,153200
851,1998-05-15,8.265625,8.28125,8.21875,8.234375,8.145298,264800
852,1998-05-18,8.25,8.25,8.125,8.171875,8.083475,114400
853,1998-05-19,8.234375,8.234375,8.15625,8.15625,8.068019,70000
854,1998-05-20,8.15625,8.171875,8.09375,8.109375,8.021651,95200
855,1998-05-21,8.0,8.0625,8.0,8.03125,7.944371,232400
856,1998-05-22,8.0,8.015625,7.96875,8.0,7.913459,84800
857,1998-05-26,7.984375,8.0625,7.984375,7.984375,7.898003,484800
858,1998-05-27,8.0,8.0,7.75,7.90625,7.820722999999999,190000
859,1998-05-28,7.84375,7.984375,7.8125,7.921875,7.836179,184000
860,1998-05-29,7.90625,8.09375,7.90625,8.03125,7.944371,609200
861,1998-06-01,8.25,8.28125,8.140625,8.1875,8.098930000000001,341600
862,1998-06-02,8.140625,8.140625,7.96875,7.984375,7.898003,515200
863,1998-06-03,8.0,8.140625,8.0,8.09375,8.006195,102800
864,1998-06-04,8.0625,8.203125,8.0,8.15625,8.068019,252400
865,1998-06-05,8.171875,8.203125,8.15625,8.1875,8.098930000000001,223200
866,1998-06-08,8.203125,8.203125,8.03125,8.0625,7.975283,167600
867,1998-06-09,8.109375,8.125,8.0625,8.078125,7.990738,41200
868,1998-06-10,8.015625,8.140625,8.015625,8.09375,8.006195,376400
869,1998-06-11,8.125,8.125,8.015625,8.015625,7.928916,401600
870,1998-06-12,7.953125,8.0,7.90625,8.0,7.913459,212800
871,1998-06-15,7.859375,8.078125,7.8125,8.03125,7.944371,151200
872,1998-06-16,7.875,7.890625,7.59375,7.59375,7.511603,865600
873,1998-06-17,7.609375,7.609375,7.46875,7.515625,7.434324,566000
874,1998-06-18,7.53125,7.546875,7.375,7.46875,7.387956,368000
875,1998-06-19,7.4375,7.484375,7.421875,7.421875,7.341588000000001,256000
876,1998-06-22,7.453125,7.5,7.40625,7.484375,7.403411,104800
877,1998-06-23,7.5,7.609375,7.5,7.59375,7.511603,274000
878,1998-06-24,7.59375,7.625,7.5625,7.5625,7.480691,167200
879,1998-06-25,7.5625,7.625,7.53125,7.578125,7.496148,260400
880,1998-06-26,7.546875,7.703125,7.546875,7.671875,7.588883,81200
881,1998-06-29,7.625,7.84375,7.609375,7.78125,7.697075,268400
882,1998-06-30,7.765625,8.03125,7.765625,8.03125,7.944371,216800
883,1998-07-01,8.0625,8.15625,8.015625,8.078125,7.990738,198000
884,1998-07-02,8.078125,8.3125,8.0625,8.21875,8.129843,364800
885,1998-07-06,8.234375,8.234375,7.890625,7.90625,7.820722999999999,359600
886,1998-07-07,7.90625,7.90625,7.703125,7.71875,7.635252,689200
887,1998-07-08,7.71875,7.765625,7.59375,7.59375,7.511603,238400
888,1998-07-09,7.46875,7.46875,7.296875,7.3125,7.233396000000001,1664800
889,1998-07-10,7.3125,7.5625,7.234375,7.5,7.418867999999999,758800
890,1998-07-13,7.5,7.578125,7.46875,7.546875,7.465236,249600
891,1998-07-14,7.53125,7.71875,7.515625,7.703125,7.619796000000001,318400
892,1998-07-15,7.6875,7.875,7.6875,7.859375,7.774355,500000
893,1998-07-16,7.859375,7.90625,7.8125,7.8125,7.727987,192800
894,1998-07-17,7.84375,7.84375,7.625,7.6875,7.60434,198000
895,1998-07-20,7.6875,7.6875,7.53125,7.53125,7.4497800000000005,216400
896,1998-07-21,7.53125,7.578125,7.515625,7.53125,7.4497800000000005,187200
897,1998-07-22,7.53125,7.5625,7.5,7.53125,7.4497800000000005,324800
898,1998-07-23,7.53125,7.609375,7.53125,7.59375,7.511603,281200
899,1998-07-24,7.59375,7.875,7.59375,7.84375,7.758899,275200
900,1998-07-27,7.84375,7.859375,7.46875,7.5625,7.480691,533600
901,1998-07-28,7.5625,7.640625,7.53125,7.546875,7.465236,447600
902,1998-07-29,7.515625,7.65625,7.5,7.515625,7.434324,163200
903,1998-07-30,7.53125,7.65625,7.53125,7.59375,7.511603,122800
904,1998-07-31,7.625,7.625,7.28125,7.34375,7.2643070000000005,263200
905,1998-08-03,7.3125,7.40625,7.28125,7.359375,7.279764,330400
906,1998-08-04,7.375,7.375,7.015625,7.015625,6.939733,293200
907,1998-08-05,7.015625,7.03125,6.875,6.9375,6.8624529999999995,573200
908,1998-08-06,6.921875,7.125,6.875,7.109375,7.032468,93200
909,1998-08-07,7.125,7.1875,7.109375,7.15625,7.078836999999999,176400
910,1998-08-10,7.125,7.171875,7.125,7.140625,7.063381,33200
911,1998-08-11,7.109375,7.109375,6.859375,6.90625,6.8315410000000005,319600
912,1998-08-12,6.9375,6.953125,6.859375,6.875,6.800628999999999,180800
913,1998-08-13,6.90625,6.984375,6.890625,6.96875,6.893364999999999,126400
914,1998-08-14,6.9375,6.96875,6.875,6.875,6.800628999999999,255600
915,1998-08-17,6.90625,6.96875,6.875,6.953125,6.877908000000001,76400
916,1998-08-18,7.0,7.234375,7.0,7.1875,7.109748,343600
917,1998-08-19,7.203125,7.4375,7.203125,7.296875,7.21794,247200
918,1998-08-20,7.328125,7.328125,7.25,7.28125,7.202483999999999,60800
919,1998-08-21,7.296875,7.296875,7.078125,7.171875,7.094292,246400
920,1998-08-24,7.15625,7.28125,7.15625,7.15625,7.078836999999999,38800
921,1998-08-25,7.1875,7.28125,7.15625,7.265625,7.187028,228400
922,1998-08-26,7.1875,7.1875,6.96875,6.96875,6.893364999999999,143200
923,1998-08-27,6.90625,6.90625,6.671875,6.6875,6.615158,65200
924,1998-08-28,6.75,6.75,6.5625,6.5625,6.491509,185600
925,1998-08-31,6.5625,6.609375,6.34375,6.375,6.306038,213200
926,1998-09-01,6.5,6.5,6.359375,6.40625,6.336949,473200
927,1998-09-02,6.375,6.640625,6.28125,6.515625,6.445142,455600
928,1998-09-03,6.5,6.5625,6.40625,6.515625,6.445142,170800
929,1998-09-04,6.5,6.71875,6.5,6.71875,6.646069000000001,375200
930,1998-09-08,6.71875,7.0,6.71875,7.0,6.924277,406000
931,1998-09-09,6.984375,6.984375,6.890625,6.921875,6.846997,263200
932,1998-09-10,6.9375,6.9375,6.765625,6.875,6.800628999999999,422400
933,1998-09-11,6.828125,6.90625,6.8125,6.859375,6.785172,311200
934,1998-09-14,6.859375,6.859375,6.75,6.8125,6.738805,146800
935,1998-09-15,6.84375,6.84375,6.671875,6.765625,6.692438,112800
936,1998-09-16,6.78125,6.78125,6.671875,6.75,6.676981,113200
937,1998-09-17,6.6875,6.71875,6.5625,6.671875,6.599701,168800
938,1998-09-18,6.734375,6.875,6.71875,6.859375,6.785172,216400
939,1998-09-21,6.828125,6.828125,6.75,6.78125,6.707892,162400
940,1998-09-22,6.78125,7.046875,6.78125,7.0,6.924277,204400
941,1998-09-23,6.96875,7.5,6.96875,7.46875,7.387956,296000
942,1998-09-24,7.40625,7.53125,7.40625,7.4375,7.357044,508400
943,1998-09-25,7.4375,7.625,7.40625,7.59375,7.511603,444400
944,1998-09-28,7.59375,7.59375,7.4375,7.46875,7.387956,358800
945,1998-09-29,7.484375,7.484375,7.375,7.46875,7.387956,184800
946,1998-09-30,7.4375,7.75,7.125,7.75,7.666163,344800
947,1998-10-01,7.6875,7.6875,7.40625,7.65625,7.573428,220400
948,1998-10-02,7.546875,7.5625,7.359375,7.4375,7.357044,147600
949,1998-10-05,7.34375,7.34375,7.0,7.140625,7.063381,122000
950,1998-10-06,7.171875,7.234375,7.046875,7.078125,7.001557000000001,103600
951,1998-10-07,7.140625,7.140625,6.953125,7.03125,6.955188000000001,101600
952,1998-10-08,6.96875,6.984375,6.875,6.984375,6.9088210000000005,119200
953,1998-10-09,6.96875,6.96875,6.84375,6.84375,6.769717,81200
954,1998-10-12,6.734375,6.90625,6.734375,6.8125,6.738805,144800
955,1998-10-13,6.75,6.84375,6.734375,6.84375,6.769717,164800
956,1998-10-14,6.84375,6.953125,6.796875,6.921875,6.846997,95600
957,1998-10-15,6.890625,7.0625,6.875,7.015625,6.939733,186400
958,1998-10-16,6.984375,7.421875,6.984375,7.40625,7.326132,200000
959,1998-10-19,7.375,7.59375,7.375,7.59375,7.511603,344400
960,1998-10-20,7.609375,8.34375,7.609375,8.1875,8.098930000000001,576400
961,1998-10-21,8.1875,8.25,8.0625,8.078125,7.990738,312800
962,1998-10-22,8.078125,8.203125,8.078125,8.171875,8.083475,336400
963,1998-10-23,8.125,8.171875,8.09375,8.125,8.037107,332400
964,1998-10-26,8.078125,8.25,8.03125,8.171875,8.083475,126400
965,1998-10-27,8.171875,8.25,8.0,8.078125,7.990738,247600
966,1998-10-28,8.0625,8.09375,8.0,8.078125,7.990738,123600
967,1998-10-29,8.09375,8.125,8.046875,8.09375,8.006195,31200
968,1998-10-30,8.09375,8.234375,8.078125,8.15625,8.068019,180000
969,1998-11-02,8.15625,8.234375,8.09375,8.234375,8.145298,95200
970,1998-11-03,8.1875,8.234375,8.109375,8.15625,8.068019,306000
971,1998-11-04,8.140625,8.25,8.140625,8.25,8.160753999999999,192400
972,1998-11-05,8.234375,8.25,8.125,8.25,8.160753999999999,284000
973,1998-11-06,8.4375,8.671875,8.421875,8.671875,8.578066,844000
974,1998-11-09,8.734375,8.96875,8.734375,8.859375,8.763536,630800
975,1998-11-10,8.859375,8.859375,8.671875,8.703125,8.608977000000001,500400
976,1998-11-11,8.703125,8.71875,8.59375,8.609375,8.516242,618400
977,1998-11-12,8.578125,8.625,8.53125,8.609375,8.516242,310800
978,1998-11-13,8.59375,8.625,8.46875,8.515625,8.423507,101600
979,1998-11-16,8.5,8.65625,8.421875,8.65625,8.562610000000001,349200
980,1998-11-17,8.640625,8.75,8.609375,8.671875,8.578066,151600
981,1998-11-18,8.578125,8.765625,8.5,8.75,8.655347,886400
982,1998-11-19,8.78125,8.78125,8.734375,8.765625,8.670802,242800
983,1998-11-20,8.765625,8.921875,8.765625,8.84375,8.748080999999999,193600
984,1998-11-23,8.84375,9.0,8.84375,8.96875,8.871729,284400
985,1998-11-24,9.03125,9.3125,9.03125,9.25,9.149937,301200
986,1998-11-25,9.265625,9.484375,9.234375,9.40625,9.304497,191200
987,1998-11-27,9.421875,9.421875,9.359375,9.359375,9.258128,45200
988,1998-11-30,9.40625,9.46875,9.34375,9.421875,9.319954,395600
989,1998-12-01,9.40625,9.5,9.390625,9.453125,9.350864,330000
990,1998-12-02,9.453125,9.578125,9.3125,9.375,9.273585,275200
991,1998-12-03,9.34375,9.359375,9.234375,9.28125,9.180849,107200
992,1998-12-04,9.296875,9.34375,9.1875,9.265625,9.165394000000001,77600
993,1998-12-07,9.296875,9.296875,9.234375,9.265625,9.165394000000001,102000
994,1998-12-08,9.265625,9.375,9.25,9.265625,9.165394000000001,188000
995,1998-12-09,9.3125,9.34375,9.179675,9.3125,9.211761,174400
996,1998-12-10,9.328125,9.328125,9.234375,9.28125,9.180849,72400
997,1998-12-11,9.265625,9.359375,9.234375,9.3125,9.211761,135600
998,1998-12-14,9.3125,9.3125,9.234375,9.234375,9.134481,174000
999,1998-12-15,9.234375,9.3125,9.234375,9.28125,9.180849,243600
1000,1998-12-16,9.296875,9.3125,9.21875,9.234375,9.134481,81600
1001,1998-12-17,9.234375,9.40625,9.234375,9.40625,9.304497,186800
1002,1998-12-18,9.40625,9.53125,9.40625,9.515625,9.412688000000001,201600
1003,1998-12-21,9.515625,9.515625,9.46875,9.484375,9.381777,282400
1004,1998-12-22,9.484375,9.625,9.484375,9.609375,9.505424,90800
1005,1998-12-23,9.609375,9.625,9.5,9.625,9.52088,147200
1006,1998-12-24,9.625,9.75,9.625,9.734375,9.629072,64400
1007,1998-12-28,9.734375,9.90625,9.6875,9.890625,9.783632,249600
1008,1998-12-29,9.890625,10.0625,9.84375,10.046875,9.938191999999999,202800
1009,1998-12-30,10.0625,10.078125,10.015625,10.078125,9.969103,95200
1010,1998-12-31,10.140625,10.1875,10.0625,10.1875,10.077295,448400
1011,1999-01-04,10.140625,10.59375,10.140625,10.59375,10.479151,494800
1012,1999-01-05,10.59375,10.59375,10.234375,10.25,10.139119,358800
1013,1999-01-06,10.234375,10.234375,10.09375,10.140625,10.030928,371200
1014,1999-01-07,10.0625,10.0625,9.84375,9.9375,9.83,402400
1015,1999-01-08,9.9375,10.0,9.796875,10.0,9.891824,425200
1016,1999-01-11,9.953125,9.984375,9.84375,9.859375,9.75272,246400
1017,1999-01-12,9.796875,9.859375,9.5625,9.625,9.52088,242800
1018,1999-01-13,9.53125,9.703125,9.53125,9.671875,9.567247,193200
1019,1999-01-14,9.640625,9.8125,9.640625,9.765625,9.659984,219600
1020,1999-01-15,9.90625,10.40625,9.859375,10.328125,10.2164,650000
1021,1999-01-19,10.3125,10.625,10.3125,10.546875,10.432782000000001,463200
1022,1999-01-20,10.546875,10.578125,10.484375,10.5,10.386415,108400
1023,1999-01-21,10.53125,10.6875,10.46875,10.484375,10.37096,472800
1024,1999-01-22,10.421875,10.484375,10.375,10.375,10.262768,199200
1025,1999-01-25,10.3125,10.3125,10.15625,10.25,10.139119,469200
1026,1999-01-26,10.25,10.546875,10.15625,10.515625,10.401872000000001,720400
1027,1999-01-27,10.515625,10.515625,10.265625,10.296875,10.185487,238400
1028,1999-01-28,10.296875,10.375,10.28125,10.359375,10.247311999999999,139600
1029,1999-01-29,10.375,10.515625,10.34375,10.484375,10.37096,301200
1030,1999-02-01,10.484375,10.484375,10.21875,10.28125,10.170032,416400
1031,1999-02-02,10.296875,10.296875,10.171875,10.265625,10.154575,209200
1032,1999-02-03,10.265625,10.265625,10.0625,10.09375,9.98456,338400
1033,1999-02-04,10.125,10.125,9.96875,9.96875,9.860911,172400
1034,1999-02-05,9.984375,9.984375,9.765625,9.765625,9.659984,253600
1035,1999-02-08,9.765625,9.765625,9.453125,9.5625,9.459056,278800
1036,1999-02-09,9.53125,9.765625,9.296875,9.625,9.52088,402800
1037,1999-02-10,9.625,9.640625,9.125,9.21875,9.119026,249600
1038,1999-02-11,9.28125,9.4375,9.265625,9.421875,9.319954,225200
1039,1999-02-12,9.4375,9.4375,9.3125,9.34375,9.242673,179600
1040,1999-02-16,9.28125,9.28125,9.0,9.09375,8.995378,244400
1041,1999-02-17,9.125,9.21875,9.03125,9.171875,9.072657000000001,251200
1042,1999-02-18,9.1875,9.375,9.09375,9.375,9.273585,202000
1043,1999-02-19,9.484375,9.59375,9.25,9.25,9.149937,235600
1044,1999-02-22,9.296875,9.34375,9.21875,9.25,9.149937,193200
1045,1999-02-23,9.25,9.53125,9.234375,9.484375,9.381777,258400
1046,1999-02-24,9.484375,9.484375,9.40625,9.453125,9.350864,263200
1047,1999-02-25,9.53125,9.6875,9.515625,9.5625,9.459056,240000
1048,1999-02-26,9.609375,9.921875,9.609375,9.890625,9.783632,256800
1049,1999-03-01,9.9375,9.9375,9.8125,9.859375,9.75272,304800
1050,1999-03-02,9.890625,9.890625,9.71875,9.78125,9.67544,400400
1051,1999-03-03,9.78125,9.796875,9.5625,9.640625,9.536336,163200
1052,1999-03-04,9.71875,9.71875,9.546875,9.65625,9.551791999999999,166800
1053,1999-03-05,9.71875,9.78125,9.65625,9.734375,9.629072,227600
1054,1999-03-08,9.671875,9.671875,9.390625,9.46875,9.366321000000001,165200
1055,1999-03-09,9.40625,9.40625,9.109375,9.203125,9.103569,224800
1056,1999-03-10,9.21875,9.375,9.21875,9.265625,9.165394000000001,398800
1057,1999-03-11,9.296875,9.640625,9.296875,9.46875,9.366321000000001,546800
1058,1999-03-12,9.46875,9.578125,9.453125,9.5625,9.459056,182800
1059,1999-03-15,9.546875,9.546875,9.484375,9.53125,9.428144,200400
1060,1999-03-16,9.515625,9.53125,9.4375,9.484375,9.381777,280400
1061,1999-03-17,9.421875,9.4375,9.25,9.3125,9.211761,156800
1062,1999-03-18,9.296875,9.375,9.265625,9.28125,9.180849,136400
1063,1999-03-19,9.25,9.40625,9.25,9.390625,9.289042,284400
1064,1999-03-22,9.359375,9.375,9.15625,9.171875,9.072657000000001,132800
1065,1999-03-23,9.125,9.125,8.90625,8.921875,8.825362,253200
1066,1999-03-24,8.890625,8.921875,8.8125,8.84375,8.748080999999999,68800
1067,1999-03-25,8.875,9.125,8.875,9.125,9.026289,141600
1068,1999-03-26,9.125,9.265625,9.0625,9.234375,9.134481,108000
1069,1999-03-29,9.25,9.5,9.25,9.453125,9.350864,275200
1070,1999-03-30,9.4375,9.6875,9.4375,9.65625,9.551791999999999,140000
1071,1999-03-31,9.65625,9.953125,9.65625,9.859375,9.75272,270400
1072,1999-04-01,9.828125,9.828125,9.65625,9.765625,9.659984,314000
1073,1999-04-05,9.828125,9.84375,9.75,9.78125,9.67544,213600
1074,1999-04-06,9.765625,9.84375,9.765625,9.796875,9.690895,152800
1075,1999-04-07,9.765625,9.78125,9.59375,9.59375,9.489968,242400
1076,1999-04-08,9.65625,9.65625,9.40625,9.484375,9.381777,136800
1077,1999-04-09,9.421875,9.65625,9.328125,9.609375,9.505424,138400
1078,1999-04-12,9.65625,9.765625,9.453125,9.765625,9.659984,153600
1079,1999-04-13,9.71875,9.84375,9.6875,9.734375,9.629072,245600
1080,1999-04-14,9.6875,10.15625,9.6875,10.09375,9.98456,301200
1081,1999-04-15,9.9375,10.09375,9.9375,10.09375,9.98456,288400
1082,1999-04-16,10.09375,10.21875,10.078125,10.203125,10.092752,186800
1083,1999-04-19,10.203125,10.671875,10.09375,10.625,10.510062,429200
1084,1999-04-20,10.5625,10.609375,10.375,10.40625,10.293679,390800
1085,1999-04-21,10.34375,10.609375,10.34375,10.59375,10.479151,376800
1086,1999-04-22,10.640625,10.671875,10.515625,10.546875,10.432782000000001,340400
1087,1999-04-23,10.5,10.515625,10.4375,10.453125,10.340047,66400
1088,1999-04-26,10.453125,10.453125,10.125,10.125,10.015471,123600
1089,1999-04-27,10.171875,10.1875,9.875,9.890625,9.783632,233600
1090,1999-04-28,9.9375,10.046875,9.890625,9.96875,9.860911,347600
1091,1999-04-29,9.984375,9.984375,9.671875,9.84375,9.737264,101600
1092,1999-04-30,9.84375,9.921875,9.796875,9.859375,9.75272,142000
1093,1999-05-03,9.859375,9.9375,9.84375,9.875,9.768175999999999,139200
1094,1999-05-04,9.9375,10.03125,9.890625,9.96875,9.860911,163200
1095,1999-05-05,9.984375,10.0625,9.859375,9.96875,9.860911,157200
1096,1999-05-06,9.84375,9.96875,9.8125,9.859375,9.75272,130000
1097,1999-05-07,9.859375,9.875,9.765625,9.796875,9.690895,122000
1098,1999-05-10,9.734375,9.859375,9.6875,9.84375,9.737264,249200
1099,1999-05-11,9.875,10.015625,9.8125,9.828125,9.721807,98400
1100,1999-05-12,9.765625,9.78125,9.71875,9.75,9.644528,268400
1101,1999-05-13,9.75,9.90625,9.734375,9.890625,9.783632,79200
1102,1999-05-14,9.875,9.875,9.625,9.65625,9.551791999999999,128400
1103,1999-05-17,9.625,9.625,9.359375,9.359375,9.258128,276000
1104,1999-05-18,9.375,9.453125,9.359375,9.375,9.273585,174000
1105,1999-05-19,9.359375,9.578125,9.359375,9.421875,9.319954,110000
1106,1999-05-20,9.484375,9.578125,9.40625,9.421875,9.319954,117200
1107,1999-05-21,9.4375,9.53125,9.359375,9.359375,9.258128,82000
1108,1999-05-24,9.359375,9.375,9.109375,9.125,9.026289,95600
1109,1999-05-25,9.15625,9.25,9.15625,9.171875,9.072657000000001,332800
1110,1999-05-26,9.15625,9.203125,9.09375,9.125,9.026289,221200
1111,1999-05-27,9.09375,9.1875,9.0,9.09375,8.995378,247200
1112,1999-05-28,9.0625,9.375,9.0625,9.296875,9.196305,248800
1113,1999-06-01,9.265625,9.46875,9.265625,9.453125,9.350864,274000
1114,1999-06-02,9.390625,9.65625,9.390625,9.65625,9.551791999999999,252800
1115,1999-06-03,9.65625,9.75,9.65625,9.75,9.644528,309200
1116,1999-06-04,9.75,9.78125,9.5,9.546875,9.443601,221600
1117,1999-06-07,9.546875,9.546875,9.25,9.34375,9.242673,224000
1118,1999-06-08,9.28125,9.34375,9.21875,9.234375,9.134481,411600
1119,1999-06-09,9.234375,9.25,9.171875,9.1875,9.088113,134400
1120,1999-06-10,9.203125,9.203125,9.09375,9.125,9.026289,115600
1121,1999-06-11,9.125,9.21875,9.09375,9.171875,9.072657000000001,62800
1122,1999-06-14,9.234375,9.25,8.984375,8.984375,8.887186,126800
1123,1999-06-15,9.0,9.0,8.90625,9.0,8.902641000000001,121600
1124,1999-06-16,9.0,9.0,8.890625,8.90625,8.809906,362000
1125,1999-06-17,8.90625,8.984375,8.90625,8.984375,8.887186,256800
1126,1999-06-18,8.984375,9.0,8.921875,8.984375,8.887186,227600
1127,1999-06-21,9.0,9.125,8.96875,9.125,9.026289,174000
1128,1999-06-22,9.1875,9.25,9.125,9.140625,9.041746,243600
1129,1999-06-23,9.078125,9.328125,9.078125,9.328125,9.227217,199600
1130,1999-06-24,9.328125,9.390625,9.265625,9.328125,9.227217,425600
1131,1999-06-25,9.296875,9.515625,9.296875,9.46875,9.366321000000001,295200
1132,1999-06-28,9.46875,9.703125,9.46875,9.5625,9.459056,375600
1133,1999-06-29,9.5625,9.5625,9.390625,9.421875,9.319954,392800
1134,1999-06-30,9.390625,9.546875,9.367175,9.5,9.397233,308400
1135,1999-07-01,9.5,9.546875,9.46875,9.484375,9.381777,258400
1136,1999-07-02,9.484375,9.5,9.390625,9.421875,9.319954,118000
1137,1999-07-06,9.390625,9.53125,9.390625,9.5,9.397233,111200
1138,1999-07-07,9.546875,9.546875,9.5,9.5,9.397233,176000
1139,1999-07-08,9.5,9.5,9.40625,9.4375,9.335409,161200
1140,1999-07-09,9.453125,9.59375,9.453125,9.59375,9.489968,79600
1141,1999-07-12,9.53125,9.609375,9.5,9.609375,9.505424,193200
1142,1999-07-13,9.546875,9.546875,9.453125,9.546875,9.443601,118800
1143,1999-07-14,9.609375,9.640625,9.390625,9.46875,9.366321000000001,112800
1144,1999-07-15,9.40625,9.484375,9.375,9.484375,9.381777,156000
1145,1999-07-16,9.421875,9.46875,9.328125,9.375,9.273585,560000
1146,1999-07-19,9.375,9.53125,9.375,9.515625,9.412688000000001,115200
1147,1999-07-20,9.515625,9.546875,9.328125,9.4375,9.335409,156800
1148,1999-07-21,9.453125,9.453125,9.28125,9.359375,9.258128,171200
1149,1999-07-22,9.265625,9.28125,9.0,9.0,8.902641000000001,482000
1150,1999-07-23,8.96875,9.078125,8.90625,9.0625,8.964466,236800
1151,1999-07-26,9.125,9.125,8.671875,8.859375,8.763536,604000
1152,1999-07-27,8.859375,8.859375,8.6875,8.734375,8.639889,154000
1153,1999-07-28,8.796875,8.796875,8.65625,8.6875,8.593521,123200
1154,1999-07-29,8.75,8.75,8.5625,8.5625,8.469873,113600
1155,1999-07-30,8.578125,8.59375,8.46875,8.59375,8.500786999999999,356000
1156,1999-08-02,8.53125,8.546875,8.328125,8.34375,8.25349,350000
1157,1999-08-03,8.34375,8.375,8.125,8.359375,8.268947,454400
1158,1999-08-04,8.3125,8.359375,8.15625,8.265625,8.176211,601600
1159,1999-08-05,8.25,8.375,8.25,8.328125,8.238035,278000
1160,1999-08-06,8.328125,8.328125,8.03125,8.25,8.160753999999999,417200
1161,1999-08-09,8.3125,8.625,8.3125,8.390625,8.299858,410400
1162,1999-08-10,8.40625,8.46875,8.28125,8.328125,8.238035,371600
1163,1999-08-11,8.296875,8.328125,8.21875,8.328125,8.238035,110000
1164,1999-08-12,8.3125,8.375,8.25,8.359375,8.268947,100800
1165,1999-08-13,8.34375,8.5,8.34375,8.421875,8.330771,88000
1166,1999-08-16,8.359375,8.359375,8.171875,8.21875,8.129843,114000
1167,1999-08-17,8.28125,8.75,8.28125,8.640625,8.547153999999999,244800
1168,1999-08-18,8.640625,8.6875,8.640625,8.671875,8.578066,135200
1169,1999-08-19,8.6875,8.765625,8.6875,8.734375,8.639889,163200
1170,1999-08-20,8.734375,8.8125,8.703125,8.703125,8.608977000000001,132400
1171,1999-08-23,8.71875,8.75,8.640625,8.65625,8.562610000000001,246000
1172,1999-08-24,8.640625,8.71875,8.4375,8.4375,8.346228,359600
1173,1999-08-25,8.4375,8.515625,8.34375,8.4375,8.346228,444000
1174,1999-08-26,8.4375,8.4375,8.265625,8.40625,8.315314,276800
1175,1999-08-27,8.40625,8.40625,8.34375,8.359375,8.268947,199600
1176,1999-08-30,8.359375,8.421875,8.25,8.25,8.160753999999999,140800
1177,1999-08-31,8.3125,8.3125,8.046875,8.25,8.160753999999999,279200
1178,1999-09-01,8.25,8.5625,8.25,8.328125,8.238035,259600
1179,1999-09-02,8.265625,8.265625,8.15625,8.234375,8.145298,125600
1180,1999-09-03,8.25,8.4375,8.171875,8.4375,8.346228,204400
1181,1999-09-07,8.4375,8.625,8.421875,8.515625,8.423507,339600
1182,1999-09-08,8.5625,8.59375,8.375,8.5,8.408050999999999,149200
1183,1999-09-09,8.53125,8.78125,8.515625,8.78125,8.686257000000001,464400
1184,1999-09-10,8.8125,9.15625,8.8125,9.109375,9.010834,171200
1185,1999-09-13,9.078125,9.078125,8.984375,9.046875,8.949009,79600
1186,1999-09-14,9.15625,9.1875,9.015625,9.125,9.026289,121600
1187,1999-09-15,9.0625,9.296875,9.0625,9.234375,9.134481,125600
1188,1999-09-16,9.21875,9.234375,8.984375,9.078125,8.979921000000001,195200
1189,1999-09-17,9.078125,9.15625,9.03125,9.140625,9.041746,326400
1190,1999-09-20,9.09375,9.140625,9.0,9.109375,9.010834,312000
1191,1999-09-21,9.0625,9.140625,9.03125,9.0625,8.964466,262800
1192,1999-09-22,9.0625,9.078125,8.875,8.984375,8.887186,254800
1193,1999-09-23,8.984375,8.984375,8.640625,8.640625,8.547153999999999,167600
1194,1999-09-24,8.6875,8.6875,8.546875,8.5625,8.469873,186800
1195,1999-09-27,8.5625,8.609375,8.46875,8.53125,8.438962,270000
1196,1999-09-28,8.5,8.5,8.125,8.21875,8.129843,497600
1197,1999-09-29,8.15625,8.234375,8.078125,8.109375,8.021651,180400
1198,1999-09-30,8.25,8.296875,8.125,8.125,8.037107,898400
1199,1999-10-01,8.1875,8.21875,8.0625,8.109375,8.021651,92400
1200,1999-10-04,8.15625,8.3125,8.109375,8.296875,8.207123,192000
1201,1999-10-05,8.28125,8.5,8.21875,8.5,8.408050999999999,268800
1202,1999-10-06,8.5,8.65625,8.40625,8.640625,8.547153999999999,192000
1203,1999-10-07,8.640625,8.6875,8.5,8.6875,8.593521,529600
1204,1999-10-08,8.6875,8.8125,8.6875,8.71875,8.624433999999999,181200
1205,1999-10-11,8.71875,8.90625,8.71875,8.84375,8.748080999999999,241600
1206,1999-10-12,8.828125,8.828125,8.625,8.625,8.531697,266000
1207,1999-10-13,8.65625,8.65625,8.484375,8.625,8.531697,363200
1208,1999-10-14,8.65625,8.65625,8.578125,8.59375,8.500786999999999,224000
1209,1999-10-15,8.53125,8.625,8.46875,8.625,8.531697,420000
1210,1999-10-18,8.578125,8.59375,8.484375,8.484375,8.392595,230000
1211,1999-10-19,8.5,8.578125,8.5,8.546875,8.454417,198400
1212,1999-10-20,8.578125,8.59375,8.5,8.578125,8.485329,136400
1213,1999-10-21,8.515625,8.546875,8.421875,8.515625,8.423507,267200
1214,1999-10-22,8.46875,8.625,8.46875,8.59375,8.500786999999999,285600
1215,1999-10-25,8.578125,8.578125,8.359375,8.359375,8.268947,173600
1216,1999-10-26,8.328125,8.46875,8.328125,8.453125,8.361683,151200
1217,1999-10-27,8.453125,8.625,8.453125,8.609375,8.516242,156000
1218,1999-10-28,8.65625,8.796875,8.65625,8.734375,8.639889,268400
1219,1999-10-29,8.765625,8.890625,8.65625,8.875,8.778994,226800
1220,1999-11-01,8.9375,8.9375,8.578125,8.65625,8.562610000000001,224000
1221,1999-11-02,8.671875,8.6875,8.515625,8.578125,8.485329,104800
1222,1999-11-03,8.640625,8.84375,8.609375,8.78125,8.686257000000001,392800
1223,1999-11-04,8.78125,8.78125,8.296875,8.46875,8.377138,427600
1224,1999-11-05,8.453125,8.46875,8.0,8.390625,8.299858,718800
1225,1999-11-08,8.390625,8.390625,8.171875,8.265625,8.176211,170400
1226,1999-11-09,8.265625,8.34375,8.265625,8.296875,8.207123,262000
1227,1999-11-10,8.25,8.265625,8.203125,8.21875,8.129843,160800
1228,1999-11-11,8.234375,8.265625,8.1875,8.1875,8.098930000000001,56800
1229,1999-11-12,8.1875,8.1875,8.0625,8.125,8.037107,184400
1230,1999-11-15,8.125,8.140625,7.992175,8.125,8.037107,318800
1231,1999-11-16,8.109375,8.140625,8.0625,8.09375,8.006195,171200
1232,1999-11-17,8.125,8.140625,7.953125,7.953125,7.867091,84400
1233,1999-11-18,7.9375,7.953125,7.75,7.78125,7.697075,614400
1234,1999-11-19,7.8125,7.8125,7.6875,7.71875,7.635252,314000
1235,1999-11-22,7.75,7.84375,7.734375,7.828125,7.743442999999999,460000
1236,1999-11-23,7.875,8.0,7.8125,7.890625,7.805267,638800
1237,1999-11-24,7.90625,7.90625,7.75,7.890625,7.805267,289200
1238,1999-11-26,7.890625,7.90625,7.84375,7.859375,7.774355,98400
1239,1999-11-29,7.875,7.875,7.578125,7.703125,7.619796000000001,285600
1240,1999-11-30,7.71875,7.875,7.609375,7.859375,7.774355,140800
1241,1999-12-01,7.828125,7.875,7.78125,7.828125,7.743442999999999,110800
1242,1999-12-02,7.84375,7.859375,7.65625,7.671875,7.588883,238000
1243,1999-12-03,7.703125,7.78125,7.65625,7.734375,7.650707000000001,125200
1244,1999-12-06,7.75,7.765625,7.59375,7.59375,7.511603,156400
1245,1999-12-07,7.59375,7.703125,7.515625,7.609375,7.5270600000000005,206400
1246,1999-12-08,7.5625,7.5625,7.390625,7.5625,7.480691,790400
1247,1999-12-09,7.625,7.703125,7.546875,7.65625,7.573428,162400
1248,1999-12-10,7.65625,7.65625,7.5625,7.625,7.542516,150000
1249,1999-12-13,7.59375,7.75,7.5625,7.703125,7.619796000000001,103600
1250,1999-12-14,7.671875,7.671875,7.484375,7.5,7.418867999999999,371200
1251,1999-12-15,7.5,7.546875,7.4375,7.515625,7.434324,341200
1252,1999-12-16,7.546875,7.609375,7.53125,7.59375,7.511603,608400
1253,1999-12-17,7.53125,7.71875,7.53125,7.578125,7.496148,234800
1254,1999-12-20,7.546875,7.734375,7.546875,7.59375,7.511603,178800
1255,1999-12-21,7.5625,7.5625,7.3125,7.5,7.418867999999999,358000
1256,1999-12-22,7.4375,7.53125,7.390625,7.40625,7.326132,297200
1257,1999-12-23,7.390625,7.484375,7.390625,7.4375,7.357044,225200
1258,1999-12-27,7.4375,7.46875,7.3125,7.4375,7.357044,368800
1259,1999-12-28,7.4375,7.5,7.40625,7.46875,7.387956,368400
1260,1999-12-29,7.484375,7.609375,7.46875,7.609375,7.5270600000000005,190400
1261,1999-12-30,7.609375,7.859375,7.609375,7.859375,7.774355,237600
1262,1999-12-31,7.859375,8.125,7.859375,8.125,8.037107,161200
1263,2000-01-03,8.140625,8.140625,7.984375,7.984375,7.898003,422400
1264,2000-01-04,7.984375,8.03125,7.90625,7.9375,7.851635000000001,252000
1265,2000-01-05,7.90625,8.0625,7.90625,7.984375,7.898003,409200
1266,2000-01-06,7.96875,8.0625,7.9375,8.023425,7.936630999999999,502800
1267,2000-01-07,8.0625,8.21875,8.0625,8.203125,8.114388,257600
1268,2000-01-10,8.25,8.28125,8.0625,8.25,8.160753999999999,200000
1269,2000-01-11,8.21875,8.21875,8.171875,8.21875,8.129843,114400
1270,2000-01-12,8.234375,8.234375,8.0,8.046875,7.959827000000001,63200
1271,2000-01-13,8.046875,8.203125,8.015625,8.09375,8.006195,176400
1272,2000-01-14,8.09375,8.140625,8.078125,8.109375,8.021651,172800
1273,2000-01-18,8.15625,8.15625,7.859375,7.90625,7.820722999999999,430800
1274,2000-01-19,7.875,8.078125,7.875,7.9375,7.851635000000001,231200
1275,2000-01-20,7.9375,7.984375,7.75,7.78125,7.697075,434400
1276,2000-01-21,7.71875,7.734375,7.453125,7.5,7.418867999999999,450000
1277,2000-01-24,7.5,7.640625,7.453125,7.46875,7.387956,344800
1278,2000-01-25,7.34375,7.40625,7.296875,7.359375,7.279764,349600
1279,2000-01-26,7.359375,7.5,7.359375,7.40625,7.326132,437200
1280,2000-01-27,7.40625,7.515625,7.375,7.4375,7.357044,490400
1281,2000-01-28,7.46875,7.5,7.4375,7.4375,7.357044,620400
1282,2000-01-31,7.46875,7.5,7.375,7.375,7.29522,474800
1283,2000-02-01,7.375,7.59375,7.265625,7.578125,7.496148,686400
1284,2000-02-02,7.578125,7.796875,7.578125,7.75,7.666163,586800
1285,2000-02-03,7.734375,7.875,7.703125,7.734375,7.650707000000001,473200
1286,2000-02-04,7.71875,7.828125,7.65625,7.734375,7.650707000000001,236000
1287,2000-02-07,7.796875,7.796875,7.71875,7.734375,7.650707000000001,336000
1288,2000-02-08,7.71875,7.734375,7.515625,7.546875,7.465236,314800
1289,2000-02-09,7.609375,7.609375,7.484375,7.484375,7.403411,512800
1290,2000-02-10,7.421875,7.484375,7.265625,7.28125,7.202483999999999,480800
1291,2000-02-11,7.28125,7.421875,7.171875,7.171875,7.094292,447600
1292,2000-02-14,7.1875,7.1875,7.0,7.078125,7.001557000000001,390800
1293,2000-02-15,7.109375,7.140625,6.96875,7.125,7.047925,292800
1294,2000-02-16,7.125,7.21875,7.0,7.140625,7.063381,326800
1295,2000-02-17,7.125,7.25,7.09375,7.140625,7.063381,395200
1296,2000-02-18,7.078125,7.078125,6.9375,7.0,6.924277,168400
1297,2000-02-22,7.0625,7.21875,6.984375,7.203125,7.125205,386000
1298,2000-02-23,7.203125,7.203125,6.875,6.921875,6.846997,260800
1299,2000-02-24,6.984375,7.046875,6.875,6.921875,6.846997,152000
1300,2000-02-25,6.921875,6.9375,6.828125,6.859375,6.785172,94800
1301,2000-02-28,6.828125,6.84375,6.75,6.84375,6.769717,169600
1302,2000-02-29,6.96875,7.0625,6.890625,7.015625,6.939733,452000
1303,2000-03-01,7.015625,7.15625,7.0,7.109375,7.032468,236800
1304,2000-03-02,7.140625,7.140625,7.0625,7.125,7.047925,248400
1305,2000-03-03,7.140625,7.140625,6.875,6.984375,6.9088210000000005,326000
1306,2000-03-06,6.953125,7.015625,6.921875,7.0,6.924277,688800
1307,2000-03-07,7.015625,7.046875,6.78125,6.78125,6.707892,130400
1308,2000-03-08,6.8125,6.859375,6.796875,6.84375,6.769717,318000
1309,2000-03-09,6.90625,7.046875,6.90625,7.0,6.924277,329600
1310,2000-03-10,6.96875,7.0,6.9375,6.953125,6.877908000000001,378400
1311,2000-03-13,6.90625,6.953125,6.8125,6.8125,6.738805,238800
1312,2000-03-14,6.8125,6.8125,6.6875,6.734375,6.661525,375600
1313,2000-03-15,6.671875,6.9375,6.546875,6.90625,6.8315410000000005,426000
1314,2000-03-16,6.9375,7.625,6.9375,7.515625,7.434324,706400
1315,2000-03-17,7.515625,7.65625,7.4375,7.484375,7.403411,361200
1316,2000-03-20,7.546875,7.921875,7.53125,7.53125,7.4497800000000005,765600
1317,2000-03-21,7.484375,7.484375,7.203125,7.328125,7.248852,323200
1318,2000-03-22,7.34375,7.34375,7.1875,7.3125,7.233396000000001,502800
1319,2000-03-23,7.28125,7.671875,7.265625,7.640625,7.557971,409600
1320,2000-03-24,7.578125,7.6875,7.484375,7.65625,7.573428,346400
1321,2000-03-27,7.625,7.71875,7.46875,7.625,7.542516,254000
1322,2000-03-28,7.5625,7.609375,7.421875,7.515625,7.434324,161600
1323,2000-03-29,7.5,7.59375,7.40625,7.515625,7.434324,256800
1324,2000-03-30,7.546875,7.71875,7.546875,7.625,7.542516,285600
1325,2000-03-31,7.640625,8.0625,7.53125,7.96875,7.882547,725200
1326,2000-04-03,8.0,8.078125,7.875,7.96875,7.882547,226000
1327,2000-04-04,7.90625,7.90625,7.4375,7.59375,7.511603,305200
1328,2000-04-05,7.59375,7.640625,7.5,7.609375,7.5270600000000005,342000
1329,2000-04-06,7.609375,7.65625,7.492175,7.625,7.542516,487200
1330,2000-04-07,7.65625,7.65625,7.53125,7.609375,7.5270600000000005,166800
1331,2000-04-10,7.609375,7.84375,7.578125,7.765625,7.68162,627600
1332,2000-04-11,7.734375,7.765625,7.71875,7.734375,7.650707000000001,254000
1333,2000-04-12,7.734375,7.796875,7.71875,7.734375,7.650707000000001,186800
1334,2000-04-13,7.734375,7.765625,7.703125,7.734375,7.650707000000001,192400
1335,2000-04-14,7.671875,7.671875,7.453125,7.546875,7.465236,252800
1336,2000-04-17,7.546875,7.609375,7.421875,7.46875,7.387956,282800
1337,2000-04-18,7.4375,7.53125,7.390625,7.5,7.418867999999999,100000
1338,2000-04-19,7.53125,7.703125,7.515625,7.703125,7.619796000000001,165200
1339,2000-04-20,7.703125,7.703125,7.515625,7.6875,7.60434,118000
1340,2000-04-24,7.65625,7.671875,7.453125,7.453125,7.3725,84000
1341,2000-04-25,7.40625,7.453125,7.34375,7.40625,7.326132,354800
1342,2000-04-26,7.4375,7.796875,7.4375,7.75,7.666163,380400
1343,2000-04-27,7.6875,7.71875,7.625,7.6875,7.60434,144400
1344,2000-04-28,7.6875,7.84375,7.578125,7.828125,7.743442999999999,348400
1345,2000-05-01,7.8125,7.953125,7.796875,7.828125,7.743442999999999,261200
1346,2000-05-02,7.734375,7.921875,7.71875,7.75,7.666163,229200
1347,2000-05-03,7.75,7.796875,7.625,7.796875,7.712530999999999,477600
1348,2000-05-04,7.828125,8.0,7.765625,7.9375,7.851635000000001,894400
1349,2000-05-05,7.953125,8.4375,7.953125,8.4375,8.346228,725600
1350,2000-05-08,8.375,8.46875,8.375,8.421875,8.330771,566000
1351,2000-05-09,8.390625,8.390625,7.75,7.921875,7.836179,1351200
1352,2000-05-10,7.75,7.796875,7.671875,7.78125,7.697075,994000
1353,2000-05-11,7.84375,7.90625,7.84375,7.859375,7.774355,349200
1354,2000-05-12,7.859375,8.359375,7.859375,8.34375,8.25349,945200
1355,2000-05-15,8.3125,8.375,8.203125,8.34375,8.25349,1074000
1356,2000-05-16,8.40625,8.421875,8.28125,8.328125,8.238035,526000
1357,2000-05-17,8.375,8.40625,8.3125,8.375,8.284403,623600
1358,2000-05-18,8.375,8.40625,8.34375,8.34375,8.25349,232000
1359,2000-05-19,8.28125,8.328125,8.21875,8.328125,8.238035,178000
1360,2000-05-22,8.328125,8.328125,8.140625,8.140625,8.052564,301200
1361,2000-05-23,8.171875,8.296875,8.109375,8.109375,8.021651,352400
1362,2000-05-24,8.125,8.34375,8.078125,8.34375,8.25349,693600
1363,2000-05-25,8.34375,8.40625,8.34375,8.359375,8.268947,246400
1364,2000-05-26,8.375,8.40625,8.3125,8.390625,8.299858,212000
1365,2000-05-30,8.4375,8.53125,8.4375,8.5,8.408050999999999,311600
1366,2000-05-31,8.5,8.5,8.3125,8.3125,8.222579,247200
1367,2000-06-01,8.375,8.4375,8.359375,8.375,8.284403,398800
1368,2000-06-02,8.4375,8.703125,8.4375,8.703125,8.608977000000001,257600
1369,2000-06-05,8.703125,8.84375,8.65625,8.84375,8.748080999999999,258000
1370,2000-06-06,8.96875,8.96875,8.828125,8.875,8.778994,419200
1371,2000-06-07,8.84375,8.859375,8.703125,8.75,8.655347,245600
1372,2000-06-08,8.734375,8.875,8.71875,8.796875,8.701713999999999,128800
1373,2000-06-09,8.796875,8.96875,8.796875,8.953125,8.856274,147600
1374,2000-06-12,8.9375,8.9375,8.75,8.75,8.655347,170000
1375,2000-06-13,8.75,8.78125,8.65625,8.78125,8.686257000000001,151200
1376,2000-06-14,8.703125,8.8125,8.671875,8.78125,8.686257000000001,142800
1377,2000-06-15,8.71875,9.0625,8.71875,9.0625,8.964466,246400
1378,2000-06-16,9.125,9.203125,8.921875,9.046875,8.949009,325600
1379,2000-06-19,9.03125,9.03125,8.828125,8.9375,8.840817,162000
1380,2000-06-20,8.9375,8.9375,8.671875,8.796875,8.701713999999999,318400
1381,2000-06-21,8.765625,8.78125,8.5,8.578125,8.485329,315600
1382,2000-06-22,8.578125,8.734375,8.5,8.5625,8.469873,310800
1383,2000-06-23,8.53125,8.546875,8.421875,8.4375,8.346228,151600
1384,2000-06-26,8.25,8.28125,8.1875,8.265625,8.176211,368400
1385,2000-06-27,8.28125,8.359375,8.1875,8.21875,8.129843,417600
1386,2000-06-28,8.234375,8.375,8.1953,8.328125,8.238035,456000
1387,2000-06-29,8.265625,8.421875,8.21875,8.234375,8.145298,395200
1388,2000-06-30,8.234375,8.234375,8.15625,8.16795,8.079591,362800
1389,2000-07-03,8.234375,8.359375,8.234375,8.359375,8.268947,112800
1390,2000-07-05,8.390625,8.390625,8.25,8.25,8.160753999999999,472400
1391,2000-07-06,8.25,8.265625,8.21875,8.25,8.160753999999999,690800
1392,2000-07-07,8.3125,8.546875,8.3125,8.453125,8.361683,990400
1393,2000-07-10,8.5625,8.6875,8.5625,8.6875,8.593521,587200
1394,2000-07-11,8.84375,8.875,8.734375,8.765625,8.670802,419200
1395,2000-07-12,8.75,8.8125,8.75,8.796875,8.701713999999999,122800
1396,2000-07-13,8.78125,8.78125,8.75,8.765625,8.670802,304800
1397,2000-07-14,8.75,8.765625,8.71875,8.71875,8.624433999999999,190800
1398,2000-07-17,8.703125,8.78125,8.65625,8.703125,8.608977000000001,318800
1399,2000-07-18,8.71875,8.796875,8.6875,8.734375,8.639889,905200
1400,2000-07-19,8.703125,8.734375,8.640625,8.6875,8.593521,720000
1401,2000-07-20,8.6875,9.0625,8.6875,9.03125,8.933553999999999,520400
1402,2000-07-21,9.0,9.15625,8.96875,9.015625,8.918097,210400
1403,2000-07-24,8.953125,9.171875,8.953125,9.015625,8.918097,400800
1404,2000-07-25,9.046875,9.109375,8.875,8.90625,8.809906,842000
1405,2000-07-26,8.90625,8.96875,8.875,8.875,8.778994,222400
1406,2000-07-27,8.9375,8.953125,8.8125,8.84375,8.748080999999999,538400
1407,2000-07-28,8.8125,8.859375,8.609375,8.640625,8.547153999999999,451600
1408,2000-07-31,8.6875,9.09375,8.6875,8.921875,8.825362,251200
1409,2000-08-01,8.84375,8.96875,8.84375,8.9375,8.840817,155600
1410,2000-08-02,8.875,9.03125,8.875,9.0,8.902641000000001,211600
1411,2000-08-03,9.046875,9.078125,8.875,8.984375,8.887186,481600
1412,2000-08-04,9.046875,9.22655,8.96875,9.171875,9.072657000000001,479600
1413,2000-08-07,9.15625,9.265625,9.125,9.265625,9.165394000000001,442800
1414,2000-08-08,9.265625,9.328125,9.25,9.328125,9.227217,193600
1415,2000-08-09,9.328125,9.359375,9.203125,9.234375,9.134481,394000
1416,2000-08-10,9.21875,9.28125,9.15625,9.171875,9.072657000000001,173200
1417,2000-08-11,9.171875,9.53125,9.171875,9.53125,9.428144,194400
1418,2000-08-14,9.59375,9.640625,9.421875,9.4375,9.335409,245200
1419,2000-08-15,9.4375,9.4375,9.1875,9.203125,9.103569,163600
1420,2000-08-16,9.109375,9.53125,9.109375,9.4375,9.335409,246400
1421,2000-08-17,9.453125,9.453125,9.28125,9.40625,9.304497,147200
1422,2000-08-18,9.390625,9.4375,9.296875,9.390625,9.289042,100800
1423,2000-08-21,9.375,9.53125,9.375,9.40625,9.304497,124800
1424,2000-08-22,9.453125,9.453125,9.28125,9.3125,9.211761,92000
1425,2000-08-23,9.25,9.515625,9.15625,9.21875,9.119026,227600
1426,2000-08-24,9.21875,9.21875,9.109375,9.109375,9.010834,59600
1427,2000-08-25,9.140625,9.28125,9.078125,9.109375,9.010834,236000
1428,2000-08-28,9.09375,9.34375,9.09375,9.109375,9.010834,130800
1429,2000-08-29,9.125,9.453125,9.125,9.28125,9.180849,208000
1430,2000-08-30,9.28125,9.34375,9.1875,9.203125,9.103569,249200
1431,2000-08-31,9.328125,9.59375,9.328125,9.5,9.397233,247600
1432,2000-09-01,9.5625,9.640625,9.46875,9.5,9.397233,218000
1433,2000-09-05,9.5,9.5,9.3125,9.4375,9.335409,215200
1434,2000-09-06,9.421875,9.453125,9.34375,9.40625,9.304497,185600
1435,2000-09-07,9.40625,9.40625,9.25,9.359375,9.258128,417200
1436,2000-09-08,9.375,9.75,9.328125,9.65625,9.551791999999999,259600
1437,2000-09-11,9.640625,9.90625,9.625,9.78125,9.67544,166400
1438,2000-09-12,9.765625,9.78125,9.65625,9.78125,9.67544,310400
1439,2000-09-13,9.765625,9.875,9.703125,9.75,9.644528,188000
1440,2000-09-14,9.75,9.859375,9.75,9.78125,9.67544,164000
1441,2000-09-15,9.765625,9.890625,9.75,9.796875,9.690895,362400
1442,2000-09-18,9.734375,9.75,9.484375,9.5,9.397233,315200
1443,2000-09-19,9.453125,9.5625,9.40625,9.546875,9.443601,304800
1444,2000-09-20,9.546875,9.75,9.546875,9.6875,9.582704,198800
1445,2000-09-21,9.5625,9.578125,9.40625,9.421875,9.319954,284400
1446,2000-09-22,9.375,9.390625,9.328125,9.375,9.273585,234400
1447,2000-09-25,9.40625,9.5625,9.40625,9.5625,9.459056,305200
1448,2000-09-26,9.515625,9.59375,9.5,9.53125,9.428144,307600
1449,2000-09-27,9.53125,9.6875,9.53125,9.59375,9.489968,257600
1450,2000-09-28,9.625,9.859375,9.625,9.828125,9.721807,196800
1451,2000-09-29,9.765625,10.09375,9.765625,10.078125,9.969103,381200
1452,2000-10-02,10.078125,10.15625,9.859375,9.9375,9.83,434800
1453,2000-10-03,9.875,10.140625,9.875,10.078125,9.969103,270000
1454,2000-10-04,10.109375,10.21875,9.921875,10.03125,9.922736,237600
1455,2000-10-05,10.03125,10.03125,9.6875,9.734375,9.629072,188400
1456,2000-10-06,9.734375,9.75,9.671875,9.6875,9.582704,185600
1457,2000-10-09,9.6875,9.75,9.640625,9.671875,9.567247,236000
1458,2000-10-10,9.671875,9.671875,9.5703,9.578125,9.474511999999999,387600
1459,2000-10-11,9.53125,9.640625,9.53125,9.5625,9.459056,256400
1460,2000-10-12,9.53125,9.59375,9.5,9.53125,9.428144,590800
1461,2000-10-13,9.546875,9.890625,9.492175,9.890625,9.783632,246400
1462,2000-10-16,9.828125,9.984375,9.765625,9.9375,9.83,149200
1463,2000-10-17,9.90625,9.953125,9.875,9.890625,9.783632,228800
1464,2000-10-18,9.875,9.96875,9.765625,9.90625,9.799088000000001,218000
1465,2000-10-19,9.921875,10.046875,9.890625,9.90625,9.799088000000001,383200
1466,2000-10-20,9.9375,10.21875,9.921875,10.21875,10.108208,202800
1467,2000-10-23,10.15625,10.234375,10.0,10.140625,10.030928,201600
1468,2000-10-24,10.125,10.421875,10.125,10.34375,10.231855,224400
1469,2000-10-25,10.28125,10.40625,10.03125,10.03125,9.922736,443600
1470,2000-10-26,10.046875,10.109375,9.921875,10.03125,9.922736,258400
1471,2000-10-27,10.09375,10.09375,9.96875,10.0,9.891824,304400
1472,2000-10-30,10.0,10.40625,9.97655,10.265625,10.154575,406800
1473,2000-10-31,10.265625,10.40625,10.140625,10.34375,10.231855,479600
1474,2000-11-01,10.34375,10.421875,10.171875,10.40625,10.293679,360400
1475,2000-11-02,10.40625,10.484375,10.25,10.4375,10.324591999999999,488000
1476,2000-11-03,10.375,10.40625,10.265625,10.328125,10.2164,636400
1477,2000-11-06,10.359375,11.0625,10.3125,11.046875,10.927374,753600
1478,2000-11-07,11.0,11.0625,10.796875,10.796875,10.680079,339600
1479,2000-11-08,10.828125,11.21875,10.828125,10.9375,10.819181,483600
1480,2000-11-09,10.953125,10.953125,10.5625,10.75,10.633711,498000
1481,2000-11-10,10.71875,10.71875,10.234375,10.359375,10.247311999999999,419600
1482,2000-11-13,10.34375,10.359375,10.125,10.328125,10.2164,408800
1483,2000-11-14,10.375,10.578125,10.3125,10.4375,10.324591999999999,380800
1484,2000-11-15,10.4375,10.4375,10.375,10.375,10.262768,72000
1485,2000-11-16,10.3125,10.34375,10.15625,10.15625,10.046384,166400
1486,2000-11-17,10.21875,10.453125,10.21875,10.25,10.139119,230000
1487,2000-11-20,10.25,10.3125,10.125,10.140625,10.030928,360000
1488,2000-11-21,10.15625,10.421875,10.15625,10.40625,10.293679,206000
1489,2000-11-22,10.375,10.75,10.3125,10.6875,10.571886,432400
1490,2000-11-24,10.65625,10.78125,10.648425,10.78125,10.664621,222400
1491,2000-11-27,10.8125,11.179675,10.8125,11.015625,10.896461,269600
1492,2000-11-28,11.015625,11.09375,10.796875,10.796875,10.680079,350000
1493,2000-11-29,10.828125,10.96875,10.65625,10.75,10.633711,277600
1494,2000-11-30,10.6875,10.859375,10.640625,10.828125,10.710991,173200
1495,2000-12-01,10.859375,11.03125,10.75,10.796875,10.680079,274000
1496,2000-12-04,10.859375,10.875,10.671875,10.8125,10.695535000000001,383200
1497,2000-12-05,10.8125,11.0625,10.8125,10.828125,10.710991,589600
1498,2000-12-06,10.890625,10.9375,10.640625,10.8125,10.695535000000001,228800
1499,2000-12-07,10.84375,11.109375,10.84375,10.9375,10.819181,466400
1500,2000-12-08,10.875,10.984375,10.875,10.984375,10.865551,360800
1501,2000-12-11,11.0,11.1875,10.90625,11.0,10.881006,526000
1502,2000-12-12,11.0,11.125,10.828125,10.828125,10.710991,320800
1503,2000-12-13,10.828125,10.953125,10.5625,10.59375,10.479151,262400
1504,2000-12-14,10.625,10.671875,10.375,10.5,10.386415,276000
1505,2000-12-15,10.25,10.46875,10.21875,10.25,10.139119,470800
1506,2000-12-18,10.296875,10.65625,10.296875,10.65625,10.540975,204000
1507,2000-12-19,10.625,11.0,10.578125,10.796875,10.680079,260800
1508,2000-12-20,10.765625,10.78125,10.53125,10.546875,10.432782000000001,285600
1509,2000-12-21,10.546875,10.867175,10.546875,10.75,10.633711,390000
1510,2000-12-22,10.8125,11.109375,10.8125,10.984375,10.865551,358800
1511,2000-12-26,11.046875,11.234375,11.046875,11.1875,11.066478,531600
1512,2000-12-27,11.25,11.5,11.25,11.46875,11.344686,996400
1513,2000-12-28,11.5625,12.1875,11.53125,11.984375,11.854733,614400
1514,2000-12-29,11.984375,12.296875,11.5,11.546875,11.421965,549600
1515,2001-01-02,11.5625,11.671875,11.203125,11.484375,11.360142,678800
1516,2001-01-03,11.546875,11.75,11.53125,11.734375,11.607437,320000
1517,2001-01-04,11.671875,11.90625,11.671875,11.828125,11.700172,593600
1518,2001-01-05,11.703125,11.703125,11.1875,11.1875,11.066478,369200
1519,2001-01-08,11.25,11.328125,11.03125,11.171875,11.051022,270800
1520,2001-01-09,11.140625,11.140625,10.921875,10.9375,10.819181,340000
1521,2001-01-10,11.0,11.0,10.828125,10.90625,10.788269999999999,629200
1522,2001-01-11,10.90625,11.078125,10.875,11.015625,10.896461,398800
1523,2001-01-12,11.015625,11.015625,10.90625,10.953125,10.834639,339200
1524,2001-01-16,10.953125,11.03125,10.78125,10.78125,10.664621,760400
1525,2001-01-17,10.78125,10.953125,10.5625,10.59375,10.479151,549200
1526,2001-01-18,10.6875,10.890625,10.625,10.890625,10.772814,213200
1527,2001-01-19,10.875,10.875,10.625,10.78125,10.664621,426000
1528,2001-01-22,10.71875,10.8125,10.65625,10.78125,10.664621,961600
1529,2001-01-23,10.796875,11.03125,10.765625,11.03125,10.911919000000001,689200
1530,2001-01-24,11.0625,11.234375,11.046875,11.15625,11.035566000000001,436400
1531,2001-01-25,11.15625,11.46875,11.125,11.375,11.25195,300000
1532,2001-01-26,11.34375,11.40625,11.265625,11.3125,11.190126,490800
1533,2001-01-29,11.1975,11.6925,11.1975,11.6625,11.536341,429600
1534,2001-01-30,11.65,11.75,11.5325,11.75,11.622893,450800
1535,2001-01-31,11.6875,11.9875,11.6875,11.9375,11.808365,389200
1536,2001-02-01,11.9375,12.32,11.85,12.2125,12.08039,555600
1537,2001-02-02,12.4125,12.8875,12.4125,12.69,12.552725,1022000
1538,2001-02-05,12.69,12.785,12.5375,12.5875,12.451332,590800
1539,2001-02-06,12.6375,12.7325,12.615,12.67,12.53294,619200
1540,2001-02-07,12.7325,12.7325,12.63,12.73,12.592291000000001,382800
1541,2001-02-08,12.775,12.8575,12.675,12.7875,12.64917,346000
1542,2001-02-09,12.7875,13.0625,12.7875,13.05,12.908831,940000
1543,2001-02-12,13.1125,13.5,13.0825,13.45,13.304503,628800
1544,2001-02-13,13.45,13.7975,13.45,13.705,13.556745000000001,1195200
1545,2001-02-14,13.825,14.0625,13.6275,13.965,13.813932000000001,1090400
1546,2001-02-15,13.965,14.0,13.825,13.8375,13.68781,583600
1547,2001-02-16,13.825,13.825,13.5125,13.5325,13.38611,420400
1548,2001-02-20,13.575,13.8,13.575,13.7,13.551798000000002,247200
1549,2001-02-21,13.7,13.7,13.285,13.3,13.156125,595200
1550,2001-02-22,13.2375,13.5,13.175,13.5,13.353963,1080800
1551,2001-02-23,13.475,13.9175,13.43,13.8825,13.732323999999998,1040000
1552,2001-02-26,13.945,14.64,13.945,14.4,14.244226000000001,1716800
1553,2001-02-27,14.4,14.4,13.9875,14.225,14.07112,1958800
1554,2001-02-28,14.225,14.3,13.75,14.065,13.912849,1755600
1555,2001-03-01,14.065,14.065,13.8525,14.0275,13.875755999999999,896800
1556,2001-03-02,14.0275,14.2875,14.0275,14.2625,14.108213000000001,1298000
1557,2001-03-05,14.275,14.5275,14.275,14.3375,14.182402,741600
1558,2001-03-06,14.3125,14.5,14.1875,14.2625,14.108213000000001,1137600
1559,2001-03-07,14.25,14.3925,14.175,14.28,14.125523999999999,645600
1560,2001-03-08,14.3175,14.4625,14.3175,14.3475,14.192294,1052000
1561,2001-03-09,14.35,14.375,14.1625,14.185,14.031552,256800
1562,2001-03-12,14.125,14.125,13.775,13.7775,13.62846,375200
1563,2001-03-13,13.6625,13.7,13.15,13.4325,13.287192000000001,848400
1564,2001-03-14,13.375,13.395,12.875,13.0,12.859371000000001,1174000
1565,2001-03-15,13.0,13.495,13.0,13.4125,13.267408999999999,1442400
1566,2001-03-16,13.125,13.18,12.9625,13.02,12.879154,1008800
1567,2001-03-19,13.02,13.1625,12.9125,13.1025,12.960761,1131200
1568,2001-03-20,13.165,13.675,13.165,13.44,13.294610999999998,1195200
1569,2001-03-21,13.435,13.435,13.25,13.315,13.170963,711200
1570,2001-03-22,13.29,13.3,12.425,12.685,12.547779,1066400
1571,2001-03-23,12.675,13.0,12.675,12.9975,12.856899,764000
1572,2001-03-26,13.085,13.575,13.07,13.525,13.378691,712800
1573,2001-03-27,13.5375,14.085,13.5025,14.03,13.878228,1223200
1574,2001-03-28,14.0275,14.0275,13.7,13.9,13.749635000000001,747600
1575,2001-03-29,13.875,14.55,13.875,14.325,14.170035999999998,1050800
1576,2001-03-30,14.3875,14.75,14.265,14.5,14.343144,1843600
1577,2001-04-02,14.5,14.795,14.5,14.6025,14.444536,939600
1578,2001-04-03,14.625,14.625,14.1,14.3525,14.197239000000001,843600
1579,2001-04-04,14.2275,14.5175,14.2275,14.4275,14.271428,451200
1580,2001-04-05,14.4775,14.8125,14.4775,14.6425,14.484101999999998,626000
1581,2001-04-06,14.6,14.6,14.1,14.1725,14.019186,443200
1582,2001-04-09,14.235,14.55,14.2275,14.415,14.259064000000002,405200
1583,2001-04-10,14.44,14.6025,14.35,14.58,14.422278,687600
1584,2001-04-11,14.6425,14.7125,14.525,14.61,14.451954,401600
1585,2001-04-12,14.56,14.95,14.505,14.9325,14.770967,316000
1586,2001-04-16,14.9325,15.125,14.7,14.8075,14.647317999999999,680400
1587,2001-04-17,14.8,14.9975,14.725,14.8125,14.652264,484800
1588,2001-04-18,14.75,15.2475,14.725,14.9125,14.751182,817600
1589,2001-04-19,14.85,15.0375,14.7,14.9975,14.835264000000002,724800
1590,2001-04-20,14.95,15.0,14.75,14.875,14.714087,832000
1591,2001-04-23,14.875,14.9975,14.82,14.9475,14.785804999999998,469600
1592,2001-04-24,14.975,15.545,14.9,15.5,15.332327,1170800
1593,2001-04-25,15.6,16.1625,15.5725,16.012501,15.839282999999998,2734000
1594,2001-04-26,16.15,16.6875,16.125,16.5,16.321507999999998,3125200
1595,2001-04-27,16.5,16.737499,16.1,16.567498999999998,16.388277,1880400
1596,2001-04-30,16.629998999999998,16.737499,16.475,16.48,16.301727,772400
1597,2001-05-01,16.450001,16.672501,16.275,16.625,16.445158,997600
1598,2001-05-02,16.737499,16.737499,16.375,16.450001,16.272051,792000
1599,2001-05-03,16.475,16.475,16.0625,16.1875,16.01239,686400
1600,2001-05-04,16.012501,16.610001,15.9275,16.584999,16.405588,1270400
1601,2001-05-07,16.584999,16.875,16.584999,16.66,16.479778,1260400
1602,2001-05-08,16.700001,17.047501,16.525,17.047501,16.863087,896800
1603,2001-05-09,16.9375,16.9375,16.620001000000002,16.8575,16.675142,629600
1604,2001-05-10,17.0,17.745001000000002,16.9275,17.622498999999998,17.431867999999998,2153200
1605,2001-05-11,17.5,17.5,17.174999,17.477501,17.288437,830800
1606,2001-05-14,17.477501,17.5,17.262501,17.4925,17.303274,354800
1607,2001-05-15,17.5175,17.5275,17.4125,17.5275,17.337894,586000
1608,2001-05-16,17.5,17.875,17.3475,17.75,17.557987,1729600
1609,2001-05-17,17.825001,18.5,17.825001,18.360001,18.161388,1376400
1610,2001-05-18,18.522499,18.9175,18.200001,18.7125,18.510075,1386400
1611,2001-05-21,18.762501,18.762501,18.4275,18.625,18.423523,1268400
1612,2001-05-22,18.5875,18.622498999999998,18.379998999999998,18.540001,18.339443,924000
1613,2001-05-23,18.540001,18.719998999999998,18.0,18.002501000000002,17.807758,975200
1614,2001-05-24,18.002501000000002,18.3125,17.725,18.299999,18.102039,1164800
1615,2001-05-25,18.299999,18.4375,18.049999,18.377501000000002,18.178698999999998,611600
1616,2001-05-29,18.5,18.8125,18.450001,18.5975,18.396320000000003,906800
1617,2001-05-30,18.549999,18.6075,18.362499,18.4825,18.28256,689600
1618,2001-05-31,18.5,18.725,18.497498999999998,18.65,18.44825,1045600
1619,2001-06-01,18.65,18.875,18.4,18.809998999999998,18.60652,546400
1620,2001-06-04,18.809998999999998,18.8475,18.7675,18.834999,18.63125,666800
1621,2001-06-05,18.375,18.8125,17.372498999999998,17.475,17.285963,2919600
1622,2001-06-06,17.4725,17.4725,16.5,16.870001000000002,16.687507999999998,2314000
1623,2001-06-07,16.8675,17.1,16.35,16.4375,16.259686,1584800
1624,2001-06-08,16.4375,16.825001,16.4375,16.715,16.534185,1206800
1625,2001-06-11,16.747498999999998,16.747498999999998,16.512501,16.6,16.420429000000002,408000
1626,2001-06-12,16.549999,16.700001,16.424999,16.695,16.5144,636800
1627,2001-06-13,16.7575,17.512501,16.7575,17.08,16.895235,2659600
1628,2001-06-14,17.08,17.247498999999998,17.004998999999998,17.075001,16.890289000000003,1177600
1629,2001-06-15,16.9375,17.2075,16.075001,16.870001000000002,16.687507999999998,1930000
1630,2001-06-18,16.870001000000002,17.6875,16.870001000000002,17.344998999999998,17.157367999999998,1315600
1631,2001-06-19,17.3475,17.4625,16.9625,16.967501000000002,16.783953,784800
1632,2001-06-20,16.987499,17.2875,15.6,15.6275,15.458447,3136800
1633,2001-06-21,15.6375,16.375,15.0,16.372498999999998,16.195389000000002,3132800
1634,2001-06-22,16.375,16.924999,16.365,16.5875,16.408062,2698400
1635,2001-06-25,16.5625,16.5625,16.135,16.25,16.074215,1858400
1636,2001-06-26,16.125,16.424999,16.0625,16.23,16.05443,1133200
1637,2001-06-27,16.23,16.362499,15.5375,15.65,15.480704000000001,1586800
1638,2001-06-28,15.67,15.95,15.5,15.7,15.530163,1366000
1639,2001-06-29,15.7125,16.317498999999998,15.575,16.307501000000002,16.131094,2878800
1640,2001-07-02,16.174999,16.424999,16.035,16.047501,15.873904000000001,1000800
1641,2001-07-03,16.045,16.3325,15.9,16.174999,16.000025,295600
1642,2001-07-05,16.200001,16.525,16.200001,16.3325,16.155821,913200
1643,2001-07-06,16.3325,16.4375,15.7875,15.8725,15.700798,530400
1644,2001-07-09,15.9225,16.25,15.8625,16.2075,16.032173,746800
1645,2001-07-10,16.35,16.700001,16.3125,16.5725,16.393225,1242400
1646,2001-07-11,16.5725,16.9,16.512501,16.65,16.469885,1159600
1647,2001-07-12,16.875,17.25,16.8125,17.17,16.984262,614400
1648,2001-07-13,17.2325,17.5,17.1175,17.4,17.211773,727600
1649,2001-07-16,17.525,17.6,17.272499,17.299999,17.112854000000002,847600
1650,2001-07-17,17.325001,17.645,17.0525,17.1,16.915018,646000
1651,2001-07-18,17.049999,17.459999,16.9,17.325001,17.137587,592400
1652,2001-07-19,17.375,17.475,16.379998999999998,16.415001,16.237431,1379200
1653,2001-07-20,16.352501,16.85,16.1625,16.684998999999998,16.504509,1141200
1654,2001-07-23,16.66,16.674999,16.252501000000002,16.4125,16.234955,708000
1655,2001-07-24,15.0,15.1,13.875,14.3425,14.187348000000002,7243600
1656,2001-07-25,14.3425,14.9,14.3425,14.645,14.486576999999999,1497600
1657,2001-07-26,14.675,14.7475,14.225,14.52,14.362928,1045600
1658,2001-07-27,14.5625,14.74,14.4875,14.5125,14.355509,620800
1659,2001-07-30,14.4625,14.6675,14.2875,14.45,14.293686,714000
1660,2001-07-31,14.45,14.7425,14.42,14.64,14.48163,676400
1661,2001-08-01,14.25,14.7625,14.15,14.5,14.343144,1087600
1662,2001-08-02,14.5,14.5,14.04,14.165,14.011768,644000
1663,2001-08-03,14.165,14.165,13.6425,13.7225,13.574055,1489200
1664,2001-08-06,13.7225,13.9875,12.675,12.72,12.5824,3451600
1665,2001-08-07,12.9,13.6,12.9,13.575,13.42815,2025600
1666,2001-08-08,13.55,13.875,13.4825,13.7925,13.643298000000001,2008800
1667,2001-08-09,13.755,14.375,13.6625,14.3,14.145307999999998,1451200
1668,2001-08-10,14.3375,14.97,14.3375,14.725,14.565710999999999,2011200
1669,2001-08-13,14.6975,14.8,14.5875,14.7375,14.578075,1106800
1670,2001-08-14,14.775,15.35,14.775,15.2225,15.05783,1167600
1671,2001-08-15,15.075,15.1125,14.8125,14.9625,14.800641,1874000
1672,2001-08-16,14.965,15.25,14.875,15.1925,15.028153,1166400
1673,2001-08-17,15.1925,15.1925,14.9625,15.125,14.961382999999998,1035200
1674,2001-08-20,15.1,15.2275,14.775,15.0,14.837735,920000
1675,2001-08-21,15.0125,15.075,14.6875,14.7,14.540981,510400
1676,2001-08-22,14.7025,15.075,14.7025,15.0,14.837735,617600
1677,2001-08-23,15.0,15.1625,14.9125,15.025,14.862466,708000
1678,2001-08-24,15.0225,15.0625,14.845,14.985,14.822897,945600
1679,2001-08-27,15.05,15.05,14.8575,14.9625,14.800641,274400
1680,2001-08-28,15.0,15.0,14.715,14.8525,14.691832000000002,520400
1681,2001-08-29,14.8775,15.07,14.75,14.905,14.743763000000001,468400
1682,2001-08-30,14.875,14.875,14.625,14.695,14.536035,512000
1683,2001-08-31,14.695,14.725,14.4625,14.655,14.496468,580800
1684,2001-09-04,14.6575,14.97,14.5,14.7625,14.602804999999998,486400
1685,2001-09-05,14.85,15.0375,14.8425,14.99,14.827844,545600
1686,2001-09-06,14.975,14.975,14.7125,14.775,14.615169,445600
1687,2001-09-07,14.625,14.6275,14.1075,14.2,14.046389000000001,657600
1688,2001-09-10,14.075,14.2375,13.925,14.04,13.88812,642800
1689,2001-09-17,14.0,15.15,14.0,14.9625,14.800641,1407200
1690,2001-09-18,15.0,16.375,15.0,16.375,16.197861,1126000
1691,2001-09-19,16.375,16.5,15.975,16.157498999999998,15.982714999999999,1980400
1692,2001-09-20,16.1,16.1,15.5225,15.5775,15.408989000000002,1895200
1693,2001-09-21,14.9625,15.375,14.4925,14.4925,14.335726999999999,1442800
1694,2001-09-24,14.4925,15.1475,14.4925,14.7875,14.627535,1106800
1695,2001-09-25,14.9375,15.3025,14.655,15.3025,15.136964,1368000
1696,2001-09-26,15.3025,15.3725,14.6875,15.1275,14.963856,887600
1697,2001-09-27,15.1275,15.2375,14.7425,15.2275,15.062775,572400
1698,2001-09-28,15.23,15.875,15.225,15.6,15.431247,1060000
1699,2001-10-01,15.6625,15.7875,15.18,15.4425,15.275448,582400
1700,2001-10-02,15.505,15.9625,15.45,15.75,15.579622,852800
1701,2001-10-03,15.65,17.125,15.5525,16.9925,16.808681,1338800
1702,2001-10-04,16.9925,17.4125,16.25,16.5375,16.358603,1749600
1703,2001-10-05,16.5375,16.725,16.16,16.2925,16.116253,726400
1704,2001-10-08,16.299999,16.775,16.0525,16.5275,16.348713,596400
1705,2001-10-09,16.7125,17.3375,16.5875,17.2125,17.026301999999998,1441200
1706,2001-10-10,17.2125,17.625,17.02,17.6175,17.426920000000003,1154000
1707,2001-10-11,17.625,18.0,16.799999,16.827499,16.645464,1136000
1708,2001-10-12,16.764999,17.049999,16.200001,16.397499,16.220119,968000
1709,2001-10-15,16.362499,16.9475,16.09,16.6425,16.462467,727600
1710,2001-10-16,16.725,17.375,16.5375,17.299999,17.112854000000002,943600
1711,2001-10-17,17.5,17.6875,17.049999,17.059998999999998,16.875452,1356800
1712,2001-10-18,17.059998999999998,17.059998999999998,16.5625,16.565001000000002,16.385807,727200
1713,2001-10-19,16.5875,16.725,16.3375,16.57,16.390753,436000
1714,2001-10-22,16.65,17.049999,16.5375,16.9625,16.779004999999998,471200
1715,2001-10-23,16.9625,16.9625,16.3375,16.385,16.207752,654800
1716,2001-10-24,16.3225,16.549999,16.1975,16.35,16.173132,518800
1717,2001-10-25,16.362499,16.7925,15.8875,16.7125,16.53171,450000
1718,2001-10-26,16.674999,17.450001,16.66,17.405001000000002,17.216719,616000
1719,2001-10-29,17.387501,17.389999,16.7875,16.7875,16.605898,411600
1720,2001-10-30,16.674999,17.112499,16.200001,16.440001000000002,16.262159,727200
1721,2001-10-31,16.075001,16.700001,15.69,16.385,16.207752,1815600
1722,2001-11-01,16.387501,16.9175,16.1875,16.725,16.544075,1071600
1723,2001-11-02,16.8125,17.434998999999998,16.8125,17.33,17.142529999999997,920400
1724,2001-11-05,17.352501,17.8125,17.352501,17.622498999999998,17.431867999999998,975600
1725,2001-11-06,17.5625,17.865,17.360001,17.75,17.557987,679200
1726,2001-11-07,17.73,18.299999,17.6625,18.01,17.815174,696000
1727,2001-11-08,18.025,18.4125,17.987499,18.059998999999998,17.864632,936400
1728,2001-11-09,18.059998999999998,18.275,17.799999,18.1,17.904201999999998,639600
1729,2001-11-12,18.075001,18.1875,17.9025,17.975,17.780554000000002,699600
1730,2001-11-13,18.15,18.575001,18.049999,18.547501,18.346860999999997,748800
1731,2001-11-14,18.5625,18.924999,18.184998999999998,18.785,18.581791,781200
1732,2001-11-15,18.737499,18.762501,18.362499,18.51,18.309765,595200
1733,2001-11-16,18.275,18.275,17.262501,17.497498999999998,17.308218,2481600
1734,2001-11-19,17.497498999999998,17.5,17.0,17.125,16.939747,1546400
1735,2001-11-20,17.1875,17.379998999999998,17.0375,17.184998999999998,16.999098,730000
1736,2001-11-21,17.122498999999998,17.25,16.934998999999998,17.25,17.063395,543200
1737,2001-11-23,17.252501000000002,17.2875,17.1,17.125,16.939747,268400
1738,2001-11-26,17.1875,17.4125,17.025,17.325001,17.137587,528400
1739,2001-11-27,17.35,17.395,17.08,17.325001,17.137587,448800
1740,2001-11-28,17.2875,17.65,17.127501000000002,17.559998999999998,17.370041,373600
1741,2001-11-29,17.559998999999998,17.762501,17.375,17.674999,17.483798999999998,631600
1742,2001-11-30,17.65,17.9475,17.237499,17.237499,17.051029,811600
1743,2001-12-03,17.2075,17.4625,16.9,16.91,16.727073999999998,732400
1744,2001-12-04,16.9125,17.475,16.9125,17.2925,17.105434,563600
1745,2001-12-05,17.275,17.762501,17.2675,17.495001000000002,17.305746,611200
1746,2001-12-06,17.4575,17.4575,16.8475,16.942498999999998,16.759222,1020800
1747,2001-12-07,16.8125,16.9,16.547501,16.6,16.420429000000002,1354000
1748,2001-12-10,16.57,16.575001,16.184998999999998,16.3125,16.136038,633200
1749,2001-12-11,16.362499,16.487499,16.174999,16.23,16.05443,566800
1750,2001-12-12,16.2925,16.549999,14.825,15.5625,15.394151,7478000
1751,2001-12-13,15.5375,16.475,15.5275,16.235001,16.059378,3236800
1752,2001-12-14,16.0375,16.565001000000002,15.775,16.27,16.093998000000003,1684800
1753,2001-12-17,16.2775,17.012501,16.2775,16.7125,16.53171,1278400
1754,2001-12-18,16.780001000000002,17.1625,16.780001000000002,17.030001000000002,16.845776,1092400
1755,2001-12-19,17.030001000000002,17.325001,16.7425,17.219998999999998,17.033720000000002,1451600
1756,2001-12-20,17.2425,17.262501,16.725,16.762501,16.581170999999998,625600
1757,2001-12-21,16.75,16.844998999999998,16.125,16.5375,16.358603,910800
1758,2001-12-24,16.5375,16.975,16.5375,16.8375,16.655357000000002,214000
1759,2001-12-26,16.8125,16.98,16.725,16.852501,16.670198000000003,479600
1760,2001-12-27,16.915001,16.9625,16.225,16.735001,16.553967,864000
1761,2001-12-28,16.797501,16.9625,16.5375,16.82,16.638048,721200
1762,2001-12-31,16.775,16.775,16.375,16.5,16.321507999999998,622000
1763,2002-01-02,16.4375,16.549999,16.0625,16.4475,16.269576999999998,800400
1764,2002-01-03,16.23,16.549999,16.1875,16.4925,16.314091,1212000
1765,2002-01-04,16.5375,16.877501000000002,16.424999,16.674999,16.494614000000002,638000
1766,2002-01-07,16.575001,16.65,16.205,16.309998999999998,16.133562,590400
1767,2002-01-08,16.247498999999998,16.3325,15.9025,16.0425,15.868958,761200
1768,2002-01-09,16.040001,16.3375,15.9375,16.077499,15.903579999999998,682800
1769,2002-01-10,16.014999,16.15,15.8575,15.925,15.752729,422000
1770,2002-01-11,15.875,15.89,15.55,15.6125,15.443609,1046400
1771,2002-01-14,15.6125,15.625,15.0875,15.1175,14.953965,1017600
1772,2002-01-15,15.125,15.3675,15.075,15.2375,15.072667000000001,900000
1773,2002-01-16,15.1625,15.1625,14.53,14.6025,14.444536,2429600
1774,2002-01-17,14.875,16.174999,14.875,15.7625,15.591987,3062800
1775,2002-01-18,15.7625,16.1175,15.65,15.73,15.559838000000001,1308400
1776,2002-01-22,15.73,15.9625,15.5825,15.635,15.465867000000001,1004400
1777,2002-01-23,15.66,15.9825,15.3025,15.695,15.525217000000001,760000
1778,2002-01-24,15.725,16.0625,15.725,16.002501000000002,15.829391000000001,580800
1779,2002-01-25,16.0275,16.1975,15.7625,15.9075,15.735419,819200
1780,2002-01-28,15.875,16.0,15.75,15.85,15.67854,415600
1781,2002-01-29,15.875,16.0975,15.7875,15.8625,15.690907000000001,672800
1782,2002-01-30,15.7375,16.157498999999998,15.3625,16.067498999999998,15.893687,851200
1783,2002-01-31,16.067498999999998,16.15,15.9025,16.0,15.826919,887600
1784,2002-02-01,16.002501000000002,16.1075,15.85,16.057501000000002,15.883795999999998,772800
1785,2002-02-04,16.1,16.15,15.6325,15.685,15.515326000000002,815600
1786,2002-02-05,15.6775,15.97,15.475,15.8875,15.715635,866000
1787,2002-02-06,15.825,15.8875,15.255,15.425,15.258139000000002,675200
1788,2002-02-07,15.4375,15.4375,14.9,15.05,14.887195000000002,1345200
1789,2002-02-08,15.1125,15.5625,15.1125,15.505,15.337273000000001,746000
1790,2002-02-11,15.5675,15.9125,15.3875,15.7625,15.591987,817600
1791,2002-02-12,15.75,15.9975,15.665,15.795,15.624135,510800
1792,2002-02-13,15.8,15.95,15.725,15.765,15.59446,328800
1793,2002-02-14,15.8625,16.3375,15.83,16.245001000000002,16.069269,734800
1794,2002-02-15,16.245001000000002,16.35,15.85,15.95,15.777459,815600
1795,2002-02-19,15.895,16.022499,15.7625,15.98,15.807134,467600
1796,2002-02-20,16.0,16.139999,15.5375,16.125,15.950565,693200
1797,2002-02-21,16.1,16.225,15.7375,15.8075,15.6365,822800
1798,2002-02-22,15.8075,15.82,15.475,15.545,15.376841,720400
1799,2002-02-25,15.5675,16.3125,15.55,16.252501000000002,16.076689000000002,748000
1800,2002-02-26,16.3125,16.73,16.225,16.4625,16.284414,1061200
1801,2002-02-27,16.9,17.295,16.799999,17.295,17.10791,1485600
1802,2002-02-28,17.285,17.285,16.775,16.862499,16.680086,743600
1803,2002-03-01,16.775,16.775,16.165001,16.375,16.197861,1406400
1804,2002-03-04,16.424999,17.25,16.424999,17.1625,16.976843,927600
1805,2002-03-05,17.225,17.295,16.924999,17.094998999999998,16.91007,677600
1806,2002-03-06,17.129998999999998,17.497498999999998,17.012501,17.477501,17.288437,460000
1807,2002-03-07,17.5625,18.0,17.43,17.9375,17.743458,1164000
1808,2002-03-08,18.15,18.24,17.3225,17.42,17.231558,790800
1809,2002-03-11,17.4125,17.5625,17.25,17.4375,17.248867,350000
1810,2002-03-12,17.395,17.5,17.200001,17.5,17.310694,478400
1811,2002-03-13,17.497498999999998,17.5,17.299999,17.432501000000002,17.243923000000002,347600
1812,2002-03-14,17.432501000000002,17.764999,17.290001,17.692498999999998,17.501106,610400
1813,2002-03-15,17.754998999999998,17.7775,17.4125,17.59,17.399715,704400
1814,2002-03-18,17.4375,17.737499,17.4375,17.737499,17.545622,325600
1815,2002-03-19,17.76,18.25,17.76,18.1425,17.946239000000002,582800
1816,2002-03-20,18.1,18.102501,17.795,17.85,17.656906,377200
1817,2002-03-21,17.8375,17.977501,17.4125,17.82,17.627229999999997,491600
1818,2002-03-22,17.719998999999998,17.9925,17.627501000000002,17.862499,17.66927,640000
1819,2002-03-25,17.875,17.875,17.3125,17.405001000000002,17.216719,527600
1820,2002-03-26,17.467501000000002,18.1,17.4375,18.1,17.904201999999998,835200
1821,2002-03-27,18.0875,18.200001,17.825001,18.01,17.815174,631600
1822,2002-03-28,18.0,18.1975,17.795,17.8225,17.629704999999998,493600
1823,2002-04-01,17.8225,18.3125,17.5525,18.192498999999998,17.995699,571200
1824,2002-04-02,18.15,18.15,17.74,17.84,17.647015,486200
1825,2002-04-03,17.889999,17.895,17.424999,17.450001,17.261232,376800
1826,2002-04-04,17.525,17.735001,17.48,17.57,17.379934,373800
1827,2002-04-05,17.6,17.639999,17.365,17.504998999999998,17.315638,584400
1828,2002-04-08,17.424999,17.795,17.32,17.709999,17.518417000000003,340200
1829,2002-04-09,17.834999,17.975,17.65,17.91,17.716255,244000
1830,2002-04-10,17.959999,18.605,17.959999,18.594998999999998,18.393847,513800
1831,2002-04-11,18.754998999999998,19.215,18.625,19.174999,18.967571,1074400
1832,2002-04-12,19.184998999999998,19.195,18.5,18.700001,18.497711,338800
1833,2002-04-15,18.6,19.0,18.334999,18.9,18.695547,383000
1834,2002-04-16,18.950001,19.205,18.575001,19.18,18.972519000000002,395600
1835,2002-04-17,19.305,19.305,18.865,18.885,18.680708,368200
1836,2002-04-18,19.049999,19.424999,18.75,19.0,18.794466,684800
1837,2002-04-19,19.0,19.1,18.725,18.865,18.660926999999997,395000
1838,2002-04-22,18.75,19.135,18.629998999999998,19.08,18.8736,446200
1839,2002-04-23,19.225,20.6,19.225,20.0,19.783648,1128600
1840,2002-04-24,20.200001,20.475,19.639999,19.725,19.511623,467000
1841,2002-04-25,19.65,20.025,19.280001000000002,19.955,19.739138,456200
1842,2002-04-26,19.875,19.995001000000002,19.549999,19.655001000000002,19.442381,449600
1843,2002-04-29,19.66,19.799999,19.6,19.684998999999998,19.472054999999997,372400
1844,2002-04-30,19.575001,19.945,19.5,19.73,19.516567000000002,374600
1845,2002-05-01,19.9,20.049999,19.535,20.035,19.818268,367600
1846,2002-05-02,20.01,20.33,20.0,20.225,20.006214,336800
1847,2002-05-03,20.25,20.299999,20.025,20.129998999999998,19.912241,259400
1848,2002-05-06,20.125,20.245001000000002,20.1,20.105,19.88751,255600
1849,2002-05-07,20.105,20.540001,20.105,20.5,20.278238,666800
1850,2002-05-08,21.25,21.450001,20.775,21.290001,21.059696,1082600
1851,2002-05-09,21.24,21.32,20.93,21.120001000000002,20.891531,566800
1852,2002-05-10,21.365,21.365,20.6,20.695,20.47113,427800
1853,2002-05-13,20.75,21.049999,20.495001000000002,20.5,20.278238,461800
1854,2002-05-14,20.5,20.700001,20.25,20.5,20.278238,988200
1855,2002-05-15,20.495001000000002,20.625,20.35,20.549999,20.327698,611800
1856,2002-05-16,20.549999,20.549999,20.055,20.15,19.932024,440600
1857,2002-05-17,20.15,20.540001,20.1,20.525,20.302967000000002,232000
1858,2002-05-20,20.450001,20.700001,20.25,20.27,20.050728,273200
1859,2002-05-21,20.15,20.215,19.66,19.74,19.526459,433800
1860,2002-05-22,19.674999,19.860001,19.25,19.405001000000002,19.195084,699000
1861,2002-05-23,19.405001000000002,20.049999,19.4,19.995001000000002,19.778704,556800
1862,2002-05-24,19.9,20.225,19.57,19.594998999999998,19.383028,347400
1863,2002-05-28,19.6,19.700001,19.35,19.475,19.264328,277800
1864,2002-05-29,19.6,19.705,19.440001000000002,19.450001,19.239597,430200
1865,2002-05-30,19.35,19.4,18.975,19.125,18.918112,426600
1866,2002-05-31,19.125,19.299999,19.110001,19.195,18.987354,449800
1867,2002-06-03,19.145,19.145,18.5,18.700001,18.497711,586600
1868,2002-06-04,18.700001,18.700001,17.870001000000002,18.094998999999998,17.899254,801000
1869,2002-06-05,18.0,18.415001,18.0,18.34,18.141605,364400
1870,2002-06-06,18.290001,18.549999,18.075001,18.25,18.052578,315600
1871,2002-06-07,18.25,18.9,18.15,18.74,18.537275,492000
1872,2002-06-10,18.85,19.0,18.700001,18.875,18.670818,371400
1873,2002-06-11,18.875,18.969998999999998,18.844998999999998,18.870001000000002,18.665873,435800
1874,2002-06-12,18.700001,18.945,18.575001,18.719998999999998,18.517494,511000
1875,2002-06-13,18.725,18.725,18.209999,18.254998999999998,18.057524,287200
1876,2002-06-14,18.25,18.85,17.799999,18.525,18.324602,379000
1877,2002-06-17,18.700001,19.17,18.700001,19.030001000000002,18.824141,366400
1878,2002-06-18,19.035,19.25,18.424999,18.655001000000002,18.453197,542800
1879,2002-06-19,18.75,19.375,18.745001000000002,18.795,18.591681,560200
1880,2002-06-20,18.799999,19.155001000000002,18.780001000000002,18.809998999999998,18.60652,249600
1881,2002-06-21,18.684998999999998,18.799999,18.16,18.16,17.963551000000002,503000
1882,2002-06-24,18.200001,18.245001000000002,17.754998999999998,18.014999,17.820120000000003,555000
1883,2002-06-25,17.91,18.040001,17.450001,17.725,17.533258,737000
1884,2002-06-26,17.375,17.495001000000002,16.700001,17.434998999999998,17.246392999999998,650000
1885,2002-06-27,17.525,17.799999,17.195,17.245001000000002,17.058451,724600
1886,2002-06-28,17.245001000000002,17.450001,17.049999,17.389999,17.201881,1232000
1887,2002-07-01,17.315001000000002,17.74,17.280001000000002,17.450001,17.261232,388400
1888,2002-07-02,17.325001,17.525,17.0,17.525,17.335421,642400
1889,2002-07-03,17.4,17.5,16.375,16.76,16.578697000000002,772000
1890,2002-07-05,16.99,17.625,16.98,17.6,17.409610999999998,218000
1891,2002-07-08,17.5,17.695,17.334999,17.445,17.256287,832200
1892,2002-07-09,17.32,17.75,16.98,16.98,16.796314000000002,423200
1893,2002-07-10,16.99,17.200001,16.045,16.065001000000002,15.891214999999999,669400
1894,2002-07-11,16.125,16.299999,15.375,16.174999,16.000025,1285200
1895,2002-07-12,16.15,16.75,16.1,16.465,16.286888,661800
1896,2002-07-15,16.299999,16.305,14.605,15.93,15.757675,1712600
1897,2002-07-16,15.675,16.01,15.275,15.89,15.718109,802400
1898,2002-07-17,15.93,16.674999,15.855,16.129998999999998,15.955510999999998,909000
1899,2002-07-18,16.0,16.715,15.73,15.89,15.718109,735600
1900,2002-07-19,15.75,15.95,15.19,15.575,15.406514999999999,668400
1901,2002-07-22,15.515,15.7,14.675,14.76,14.600331,909000
1902,2002-07-23,14.75,15.15,14.41,14.74,14.580548,711200
1903,2002-07-24,14.4,15.55,14.1,15.43,15.263084,789000
1904,2002-07-25,15.43,16.08,14.875,15.67,15.500487,618600
1905,2002-07-26,15.65,15.82,15.45,15.725,15.554893,446800
1906,2002-07-29,16.0,17.0,15.95,16.924999,16.741910999999998,616600
1907,2002-07-30,16.85,17.5,16.25,17.254998999999998,17.06834,937200
1908,2002-07-31,17.254998999999998,17.6,16.879998999999998,17.344998999999998,17.157367999999998,1537000
1909,2002-08-01,17.275,17.275,16.075001,16.51,16.331402,951800
1910,2002-08-02,16.41,16.475,15.45,15.74,15.569729999999998,534400
1911,2002-08-05,15.53,15.8,15.15,15.565,15.396624,745600
1912,2002-08-06,15.675,16.325001,15.675,15.99,15.817026,714600
1913,2002-08-07,16.174999,16.299999,15.65,16.0,15.826919,822800
1914,2002-08-08,16.1,17.6,16.0,17.17,16.984262,1688000
1915,2002-08-09,17.17,17.325001,16.625,16.889999,16.707289000000003,823000
1916,2002-08-12,16.815001000000002,16.860001,16.35,16.754998999999998,16.57375,624000
1917,2002-08-13,16.745001000000002,16.844998999999998,16.5,16.555,16.375916,452600
1918,2002-08-14,16.555,16.995001000000002,16.424999,16.950001,16.766642,569600
1919,2002-08-15,16.950001,17.855,16.875,17.855,17.66185,920600
1920,2002-08-16,17.855,18.35,17.5,18.084999,17.889362,769400
1921,2002-08-19,18.09,18.219998999999998,17.785,17.934998999999998,17.740986,479000
1922,2002-08-20,17.934998999999998,17.934998999999998,17.745001000000002,17.844998999999998,17.651958,255000
1923,2002-08-21,17.84,17.84,17.125,17.334999,17.147476,1027000
1924,2002-08-22,17.299999,17.674999,17.275,17.629998999999998,17.439285,529800
1925,2002-08-23,17.6,17.615,17.174999,17.254998999999998,17.06834,399000
1926,2002-08-26,17.379998999999998,17.389999,16.885,17.264999,17.078234,365600
1927,2002-08-27,17.475,17.545,17.26,17.334999,17.147476,568000
1928,2002-08-28,17.285,17.285,16.83,16.945,16.761694,223800
1929,2002-08-29,16.945,17.15,16.799999,16.950001,16.766642,245000
1930,2002-08-30,16.940001000000002,17.15,16.799999,16.879998999999998,16.697397,285600
1931,2002-09-03,16.799999,16.799999,15.875,16.030001000000002,15.856594,638200
1932,2002-09-04,16.25,16.549999,16.125,16.530001000000002,16.351183,534800
1933,2002-09-05,16.5,16.735001,16.375,16.545,16.366022,583600
1934,2002-09-06,16.775,16.924999,16.610001,16.825001,16.642994,498600
1935,2002-09-09,16.700001,17.075001,16.49,16.93,16.746861,378000
1936,2002-09-10,16.93,17.0,16.450001,16.555,16.375916,464600
1937,2002-09-11,16.68,16.895,16.65,16.754998999999998,16.57375,217200
1938,2002-09-12,16.74,16.754998999999998,16.35,16.575001,16.395699,384800
1939,2002-09-13,16.450001,16.969998999999998,16.34,16.969998999999998,16.786425,345800
1940,2002-09-16,16.85,17.025,16.674999,16.795,16.613317000000002,227000
1941,2002-09-17,17.375,17.375,16.860001,16.940001000000002,16.75675,442800
1942,2002-09-18,16.905001000000002,16.915001,16.540001,16.674999,16.494614000000002,462200
1943,2002-09-19,16.549999,16.549999,15.625,15.675,15.505434,701200
1944,2002-09-20,15.75,15.95,15.55,15.75,15.579622,789400
1945,2002-09-23,15.625,15.805,15.175,15.455,15.287814000000001,444600
1946,2002-09-24,15.405,15.405,14.8,14.99,14.827844,726000
1947,2002-09-25,15.175,15.5,14.88,15.495,15.327380999999999,954200
1948,2002-09-26,15.515,15.95,15.4,15.755,15.584567999999999,496200
1949,2002-09-27,15.755,16.0,15.505,15.7,15.530163,501200
1950,2002-09-30,15.65,15.75,15.075,15.44,15.272976000000002,627400
1951,2002-10-01,15.5,15.85,15.0,15.85,15.67854,439000
1952,2002-10-02,15.75,16.094998999999998,15.4,15.4,15.233407000000001,611400
1953,2002-10-03,15.325,15.5,14.9,14.9,14.738816,589400
1954,2002-10-04,15.0,15.08,14.0,14.26,14.105741,922200
1955,2002-10-07,14.26,14.33,13.5,13.575,13.42815,725600
1956,2002-10-08,13.65,13.96,13.25,13.805,13.655663,779400
1957,2002-10-09,13.775,13.81,13.05,13.145,13.002804,593600
1958,2002-10-10,13.325,14.065,13.17,14.065,13.912849,605800
1959,2002-10-11,14.5,14.895,14.4,14.56,14.402495000000002,492200
1960,2002-10-14,14.565,14.71,14.245,14.375,14.219497,274400
1961,2002-10-15,14.7,15.005,14.695,15.005,14.842682,611600
1962,2002-10-16,14.93,15.01,14.24,14.275,14.120578,373400
1963,2002-10-17,14.575,15.35,14.575,15.255,15.089977,562000
1964,2002-10-18,15.0,15.15,14.64,14.775,14.615169,329400
1965,2002-10-21,14.725,15.175,14.4,15.095,14.931707999999999,333200
1966,2002-10-22,15.075,15.075,14.625,14.775,14.615169,377000
1967,2002-10-23,14.735,15.01,14.475,14.625,14.466792000000002,818000
1968,2002-10-24,14.7,14.85,14.235,14.235,14.081012,430400
1969,2002-10-25,14.25,14.71,14.2,14.675,14.516252,488600
1970,2002-10-28,14.875,15.05,14.575,14.635,14.476685999999999,735800
1971,2002-10-29,14.65,14.9,14.4,14.5,14.343144,642800
1972,2002-10-30,14.575,15.15,14.575,14.855,14.694304,611200
1973,2002-10-31,14.925,15.5,14.925,15.145,14.981167999999998,718800
1974,2002-11-01,15.145,16.275,15.075,16.129998999999998,15.955510999999998,1426800
1975,2002-11-04,16.475,16.879998999999998,16.25,16.65,16.469885,883800
1976,2002-11-05,16.465,16.525,16.25,16.469998999999998,16.291832,481200
1977,2002-11-06,16.530001000000002,16.940001000000002,16.225,16.66,16.479778,397200
1978,2002-11-07,16.725,16.725,16.075001,16.125,15.950565,477400
1979,2002-11-08,16.125,16.16,15.625,15.99,15.817026,327000
1980,2002-11-11,15.75,16.045,15.575,15.59,15.421354000000001,275400
1981,2002-11-12,15.6,15.825,15.5,15.57,15.401569,322800
1982,2002-11-13,15.55,15.7,15.425,15.535,15.366948,528400
1983,2002-11-14,15.66,16.125,15.66,16.025,15.851647,988200
1984,2002-11-15,16.025,16.450001,15.97,16.35,16.173132,872600
1985,2002-11-18,16.35,16.405001000000002,15.78,15.9,15.727998999999999,580200
1986,2002-11-19,15.85,16.139999,15.705,15.75,15.579622,315000
1987,2002-11-20,15.715,16.075001,15.525,16.02,15.846701999999999,296000
1988,2002-11-21,16.125,16.4,15.86,16.235001,16.059378,970800
1989,2002-11-22,16.110001,16.325001,15.95,16.145,15.97035,285800
1990,2002-11-25,16.200001,16.674999,16.025,16.59,16.410535999999997,576000
1991,2002-11-26,16.59,16.9,16.525,16.645,16.464941,583000
1992,2002-11-27,16.77,17.65,16.77,17.605,17.414555,978400
1993,2002-11-29,17.674999,18.4,17.674999,18.155001000000002,17.958609,766800
1994,2002-12-02,18.950001,18.950001,18.325001,18.4,18.200954,1473400
1995,2002-12-03,18.325001,18.325001,17.700001,17.799999,17.607445000000002,824200
1996,2002-12-04,17.700001,18.25,17.559998999999998,18.139999,17.943769,648600
1997,2002-12-05,18.145,18.174999,17.950001,17.985001,17.790445000000002,733400
1998,2002-12-06,17.860001,18.219998999999998,17.75,18.1,17.904201999999998,370200
1999,2002-12-09,18.025,18.075001,17.75,17.790001,17.597555,425200
2000,2002-12-10,17.799999,18.049999,17.790001,17.9,17.706364,641200
2001,2002-12-11,17.950001,18.094998999999998,17.725,17.924999,17.731094,478200
2002,2002-12-12,17.975,18.15,17.855,18.059998999999998,17.864632,370200
2003,2002-12-13,17.950001,18.225,17.75,18.059998999999998,17.864632,341800
2004,2002-12-16,18.059998999999998,18.455,18.049999,18.43,18.230632999999997,532400
2005,2002-12-17,18.325001,18.575001,18.32,18.4,18.200954,421800
2006,2002-12-18,18.4,18.4,18.09,18.225,18.027849,374000
2007,2002-12-19,18.225,18.379998999999998,18.15,18.334999,18.136657999999997,409400
2008,2002-12-20,17.950001,17.995001000000002,17.105,17.375,17.187042,1427400
2009,2002-12-23,17.370001000000002,17.469998999999998,17.075001,17.309998999999998,17.122747,608200
2010,2002-12-24,17.299999,17.370001000000002,17.190001000000002,17.26,17.073288,154400
2011,2002-12-26,17.235001,17.525,17.235001,17.375,17.187042,401000
2012,2002-12-27,17.424999,17.43,17.045,17.049999,16.865561,189800
2013,2002-12-30,17.049999,17.25,16.950001,17.16,16.974369,364400
2014,2002-12-31,17.16,18.035,17.16,17.799999,17.607445000000002,483200
2015,2003-01-02,17.875,18.200001,17.475,18.200001,18.003120000000003,317000
2016,2003-01-03,18.200001,18.25,17.82,17.965,17.770661999999998,281000
2017,2003-01-06,17.924999,18.365,17.674999,18.15,17.953659,323600
2018,2003-01-07,18.15,18.495001000000002,17.9,18.200001,18.003120000000003,372400
2019,2003-01-08,18.275,18.465,17.99,18.344998999999998,18.146547,380800
2020,2003-01-09,18.4,19.045,18.4,18.940001000000002,18.735113000000002,636400
2021,2003-01-10,18.85,19.495001000000002,18.725,19.23,19.021978,894800
2022,2003-01-13,19.355,19.5,18.75,18.965,18.759846,821600
2023,2003-01-14,18.969998999999998,19.57,18.83,19.514999,19.303894,883400
2024,2003-01-15,19.6,19.6,19.0,19.26,19.051652999999998,924400
2025,2003-01-16,19.174999,19.365,19.049999,19.155001000000002,18.947789999999998,778200
2026,2003-01-17,19.200001,19.200001,18.895,18.934998999999998,18.730169,498600
2027,2003-01-21,18.809998999999998,18.965,18.125,18.225,18.027849,794200
2028,2003-01-22,18.049999,18.35,17.905001000000002,18.084999,17.889362,540200
2029,2003-01-23,18.325001,18.575001,17.945,18.549999,18.349332999999998,523200
2030,2003-01-24,18.549999,18.745001000000002,18.325001,18.495001000000002,18.294928,604000
2031,2003-01-27,18.424999,18.450001,17.85,18.055,17.859688000000002,486200
2032,2003-01-28,18.200001,18.440001000000002,17.9,18.375,18.176226,612200
2033,2003-01-29,18.325001,18.549999,18.0,18.465,18.265251,437800
2034,2003-01-30,18.469998999999998,18.525,18.174999,18.23,18.032795,456000
2035,2003-01-31,18.23,18.865,18.1,18.610001,18.408684,686000
2036,2003-02-03,18.625,18.950001,18.4,18.665001,18.463089,759000
2037,2003-02-04,18.6,18.615,18.325001,18.475,18.275145000000002,312000
2038,2003-02-05,18.450001,18.940001000000002,18.405001000000002,18.709999,18.507599,788000
2039,2003-02-06,18.575001,18.74,18.5,18.514999,18.314713,440600
2040,2003-02-07,18.674999,18.725,18.200001,18.42,18.220739000000002,371600
2041,2003-02-10,18.42,18.635,18.375,18.629998999999998,18.428467,461600
2042,2003-02-11,18.629998999999998,18.825001,18.535,18.780001000000002,18.576845000000002,768400
2043,2003-02-12,18.75,18.870001000000002,18.459999,18.504998999999998,18.304819000000002,327200
2044,2003-02-13,18.504998999999998,18.504998999999998,18.0,18.225,18.027849,407400
2045,2003-02-14,18.23,18.504998999999998,17.950001,18.17,17.973442000000002,650800
2046,2003-02-18,18.200001,18.594998999999998,18.15,18.594998999999998,18.393847,447200
2047,2003-02-19,18.594998999999998,18.594998999999998,18.4,18.450001,18.250416,411800
2048,2003-02-20,18.450001,18.540001,18.325001,18.459999,18.260307,280200
2049,2003-02-21,18.459999,18.715,18.309998999999998,18.665001,18.463089,641200
2050,2003-02-24,18.700001,18.719998999999998,18.540001,18.59,18.388901,680400
2051,2003-02-25,18.549999,18.75,18.35,18.66,18.458145000000002,616200
2052,2003-02-26,18.549999,18.690001000000002,18.455,18.594998999999998,18.393847,484400
2053,2003-02-27,18.594998999999998,18.695,18.405001000000002,18.635,18.433413,519800
2054,2003-02-28,18.639999,19.33,18.639999,18.99,18.784575,795600
2055,2003-03-03,19.084999,19.25,19.004998999999998,19.030001000000002,18.824141,419200
2056,2003-03-04,19.15,19.15,18.725,18.975,18.769735,722800
2057,2003-03-05,18.98,19.075001,18.879998999999998,19.0,18.794466,333600
2058,2003-03-06,18.934998999999998,19.125,18.85,19.025,18.819195,679800
2059,2003-03-07,19.0,19.27,18.924999,19.115,18.90822,1239400
2060,2003-03-10,18.950001,18.975,18.76,18.9,18.695547,307200
2061,2003-03-11,19.025,19.08,18.540001,18.674999,18.472979000000002,413800
2062,2003-03-12,18.625,19.125,18.6,18.98,18.774681,628400
2063,2003-03-13,19.174999,19.35,19.049999,19.25,19.041759,1090000
2064,2003-03-14,19.334999,20.040001,19.299999,20.025,19.808376000000003,1728200
2065,2003-03-17,20.025,21.219998999999998,19.975,20.4,20.179319,2854000
2066,2003-03-18,20.4,20.575001,20.299999,20.485001,20.263401,1053000
2067,2003-03-19,20.469998999999998,20.6,20.35,20.525,20.302967000000002,728600
2068,2003-03-20,20.525,20.57,19.9,20.51,20.28813,736200
2069,2003-03-21,20.700001,21.25,20.674999,20.985001,20.757996,1693800
2070,2003-03-24,20.99,20.99,20.299999,20.35,20.129862,835800
2071,2003-03-25,20.440001000000002,20.674999,20.025,20.475,20.253510000000002,1134600
2072,2003-03-26,20.475,20.6,20.309998999999998,20.424999,20.20405,557600
2073,2003-03-27,20.325001,20.75,20.200001,20.475,20.253510000000002,393400
2074,2003-03-28,20.48,21.24,20.475,20.98,20.753044,759000
2075,2003-03-31,20.985001,21.25,20.85,21.004998999999998,20.777775,815600
2076,2003-04-01,21.35,21.440001000000002,20.870001000000002,21.1,20.871748,1034200
2077,2003-04-02,21.15,21.92,21.139999,21.674999,21.440527,1022800
2078,2003-04-03,22.0,22.075001,21.295,21.325001,21.094316,1068400
2079,2003-04-04,21.35,21.75,21.35,21.455,21.222908,590200
2080,2003-04-07,21.799999,22.15,21.700001,21.725,21.489988,762400
2081,2003-04-08,21.6,21.66,21.280001000000002,21.299999,21.069584,818000
2082,2003-04-09,21.299999,21.575001,21.15,21.445,21.213017,963800
2083,2003-04-10,21.35,21.709999,21.35,21.610001,21.376232,625800
2084,2003-04-11,21.674999,21.975,21.625,21.745001000000002,21.509771,502400
2085,2003-04-14,21.745001000000002,21.775,21.174999,21.295,21.064638000000002,1124400
2086,2003-04-15,21.299999,21.299999,19.775,20.52,20.298023,2512600
2087,2003-04-16,20.645,20.725,20.1,20.139999,19.922134,1358800
2088,2003-04-17,20.145,20.275,19.58,19.85,19.635271,1579200
2089,2003-04-21,19.9,20.24,19.254998999999998,20.15,19.932024,1669600
2090,2003-04-22,20.1,20.995001000000002,19.889999,20.84,20.614563,1560400
2091,2003-04-23,20.75,21.035,20.625,20.879998999999998,20.654127,798400
2092,2003-04-24,20.754998999999998,20.844998999999998,20.4,20.514999,20.293076,597200
2093,2003-04-25,20.450001,20.465,20.01,20.209999,19.991375,467400
2094,2003-04-28,20.275,20.530001000000002,20.205,20.290001,20.070513000000002,539200
2095,2003-04-29,20.415001,20.594998999999998,20.184998999999998,20.5,20.278238,572400
2096,2003-04-30,20.5,20.65,20.190001000000002,20.575001,20.352428,481200
2097,2003-05-01,20.575001,20.58,19.85,20.225,20.006214,380800
2098,2003-05-02,20.35,20.775,20.325001,20.65,20.426614999999998,417000
2099,2003-05-05,20.639999,20.799999,20.504998999999998,20.754998999999998,20.530480999999998,550200
2100,2003-05-06,20.700001,20.73,20.235001,20.41,20.189213,426600
2101,2003-05-07,20.35,20.735001,20.299999,20.615,20.391993,573600
2102,2003-05-08,20.584999,20.955,20.49,20.84,20.614563,484800
2103,2003-05-09,20.84,20.950001,20.6,20.745001000000002,20.520588,336000
2104,2003-05-12,20.745001000000002,21.4,20.674999,21.205,20.975614999999998,603400
2105,2003-05-13,21.205,21.424999,20.969998999999998,21.075001,20.847019,911600
2106,2003-05-14,21.075001,21.135,20.5,20.764999,20.540371,439800
2107,2003-05-15,20.825001,21.07,20.6,20.775,20.550264000000002,528200
2108,2003-05-16,20.799999,20.825001,20.34,20.34,20.119968,1265200
2109,2003-05-19,19.875,20.055,19.754998999999998,19.795,19.580866,1061800
2110,2003-05-20,19.875,20.09,19.625,19.834999,19.620434,717000
2111,2003-05-21,19.834999,19.84,19.375,19.475,19.264328,825200
2112,2003-05-22,19.48,20.07,19.395,19.959999,19.74408,573200
2113,2003-05-23,19.975,20.125,19.725,19.77,19.556133,445200
2114,2003-05-27,19.725,20.195,19.41,19.465,19.254433,1253000
2115,2003-05-28,19.5,19.674999,19.25,19.4,19.190138,1338200
2116,2003-05-29,19.275,19.4,18.450001,18.75,18.547171,2190800
2117,2003-05-30,18.700001,19.52,18.700001,19.52,19.30884,1443000
2118,2003-06-02,19.950001,19.965,18.879998999999998,19.325001,19.115952,1952000
2119,2003-06-03,19.25,19.375,18.98,19.165001,18.957682000000002,984000
2120,2003-06-04,19.25,20.0,19.25,19.924999,19.709459,1216800
2121,2003-06-05,19.85,20.139999,19.605,19.905001000000002,19.689676000000002,777400
2122,2003-06-06,20.1,20.120001000000002,19.344998999999998,19.35,19.14068,1243400
2123,2003-06-09,19.275,19.280001000000002,18.74,18.805,18.601576,918600
2124,2003-06-10,18.825001,19.115,18.514999,19.1,18.893383,753400
2125,2003-06-11,19.135,19.459999,19.01,19.389999,19.180246,319800
2126,2003-06-12,19.75,20.155001000000002,19.514999,19.92,19.704514,1006800
2127,2003-06-13,20.02,20.15,19.674999,19.75,19.536351999999997,573400
2128,2003-06-16,19.75,20.07,19.725,19.955,19.739138,413600
2129,2003-06-17,20.08,20.475,19.895,20.305,20.08535,834200
2130,2003-06-18,20.299999,20.745001000000002,20.245001000000002,20.6,20.377157,1121600
2131,2003-06-19,20.5,20.540001,20.299999,20.32,20.100187,780600
2132,2003-06-20,20.625,20.625,19.92,19.950001,19.734188,594800
2133,2003-06-23,20.0,20.17,19.870001000000002,20.15,19.932024,611000
2134,2003-06-24,20.15,20.57,20.129998999999998,20.49,20.268347,912600
2135,2003-06-25,20.59,20.74,20.254998999999998,20.344998999999998,20.124914,880000
2136,2003-06-26,20.5,20.875,20.424999,20.700001,20.476076000000003,553600
2137,2003-06-27,20.6,20.975,20.575001,20.674999,20.451344,686600
2138,2003-06-30,20.799999,21.285,20.73,21.075001,20.847019,883000
2139,2003-07-01,21.15,21.17,20.4,20.985001,20.757996,784800
2140,2003-07-02,21.075001,21.299999,20.955,21.295,21.064638000000002,394600
2141,2003-07-03,21.264999,21.485001,21.174999,21.434998999999998,21.203125,363600
2142,2003-07-07,21.385,21.549999,21.18,21.450001,21.217964000000002,617800
2143,2003-07-08,21.455,21.705,21.264999,21.555,21.321827,461000
2144,2003-07-09,21.625,21.9,21.49,21.799999,21.564175,526000
2145,2003-07-10,21.775,21.844998999999998,21.575001,21.795,21.559231,559400
2146,2003-07-11,21.9,22.190001000000002,21.9,22.075001,21.836201000000003,536200
2147,2003-07-14,22.35,22.445,22.200001,22.26,22.019199,372800
2148,2003-07-15,22.25,22.450001,21.98,22.09,21.85104,554600
2149,2003-07-16,22.09,22.200001,22.0,22.075001,21.836201000000003,434600
2150,2003-07-17,21.825001,21.825001,20.5,20.525,20.302967000000002,1558800
2151,2003-07-18,20.525,20.674999,19.950001,20.219998999999998,20.001265,1520800
2152,2003-07-21,20.219998999999998,20.25,19.860001,20.09,19.872673000000002,1811200
2153,2003-07-22,20.0,20.469998999999998,20.0,20.434998999999998,20.213942000000003,675200
2154,2003-07-23,20.440001000000002,20.799999,20.305,20.75,20.525536,605600
2155,2003-07-24,20.85,21.24,20.799999,20.870001000000002,20.644238,557400
2156,2003-07-25,20.9,20.969998999999998,20.5,20.695,20.47113,795600
2157,2003-07-28,20.695,21.745001000000002,20.6,21.465,21.2328,1062600
2158,2003-07-29,21.700001,21.924999,21.549999,21.665001,21.430637,990000
2159,2003-07-30,21.815001000000002,22.125,21.785,22.075001,21.836201000000003,889200
2160,2003-07-31,22.15,22.299999,21.875,21.92,21.682876999999998,739000
2161,2003-08-01,22.025,22.1,21.559998999999998,21.684998999999998,21.450422,358000
2162,2003-08-04,21.75,21.995001000000002,21.575001,21.885,21.648258,387000
2163,2003-08-05,21.799999,21.85,21.365,21.4,21.168503,458800
2164,2003-08-06,21.405001000000002,21.6,21.299999,21.405001000000002,21.173448999999998,687800
2165,2003-08-07,21.5,21.9,21.375,21.74,21.504826,557200
2166,2003-08-08,21.745001000000002,21.875,21.690001000000002,21.695,21.460312,306800
2167,2003-08-11,21.695,22.025,21.6,21.924999,21.687824,465200
2168,2003-08-12,22.125,22.450001,22.075001,22.42,22.177469,541000
2169,2003-08-13,22.4,22.42,22.26,22.315001000000002,22.073605,284000
2170,2003-08-14,22.375,22.4,22.215,22.315001000000002,22.073605,206200
2171,2003-08-15,22.35,23.02,22.35,23.0,22.751196,489200
2172,2003-08-18,23.049999,23.365,22.9,23.15,22.899572,623200
2173,2003-08-19,23.375,23.905001000000002,23.375,23.715,23.458462,420800
2174,2003-08-20,23.59,23.68,23.09,23.34,23.087517000000002,783200
2175,2003-08-21,23.34,23.75,23.32,23.594998999999998,23.339760000000002,679400
2176,2003-08-22,23.700001,23.700001,23.365,23.405001000000002,23.151814,282800
2177,2003-08-25,23.375,23.4,23.025,23.155001000000002,22.904518,372600
2178,2003-08-26,23.174999,23.34,22.93,23.299999,23.047947,362800
2179,2003-08-27,23.25,23.309998999999998,23.094998999999998,23.225,22.973761,271200
2180,2003-08-28,23.325001,23.385,23.075001,23.25,22.998489000000003,346600
2181,2003-08-29,23.174999,23.450001,23.174999,23.415001,23.161707,268600
2182,2003-09-02,23.540001,23.615,23.424999,23.475,23.221056,723200
2183,2003-09-03,23.325001,24.375,23.325001,24.24,23.977781,518800
2184,2003-09-04,24.174999,24.290001,23.885,24.030001000000002,23.770054000000002,464400
2185,2003-09-05,23.924999,24.375,23.924999,24.0,23.740377,447000
2186,2003-09-08,24.075001,24.16,23.84,24.125,23.864025,325800
2187,2003-09-09,23.975,24.084999,23.84,23.995001000000002,23.735433999999998,252400
2188,2003-09-10,23.870001000000002,23.9,23.525,23.545,23.2903,329800
2189,2003-09-11,23.5,23.799999,23.5,23.584999,23.329864999999998,278800
2190,2003-09-12,23.549999,23.77,23.35,23.725,23.468353,369000
2191,2003-09-15,23.85,23.98,23.6,23.875,23.61673,239600
2192,2003-09-16,23.875,23.985001,23.74,23.965,23.705757000000002,234800
2193,2003-09-17,23.875,23.959999,23.67,23.815001000000002,23.557379,233400
2194,2003-09-18,23.85,23.875,23.674999,23.75,23.49308,467800
2195,2003-09-19,23.725,23.815001000000002,23.49,23.549999,23.295244,635600
2196,2003-09-22,23.299999,23.395,22.85,23.059998999999998,22.810545,799400
2197,2003-09-23,23.075001,23.465,23.075001,23.4,23.146867999999998,282800
2198,2003-09-24,23.405001000000002,23.57,23.08,23.105,22.855057000000002,262800
2199,2003-09-25,23.200001,23.450001,22.700001,22.725,22.47917,479600
2200,2003-09-26,22.775,22.799999,22.5,22.504998999999998,22.261549,347200
2201,2003-09-29,22.504998999999998,22.85,22.504998999999998,22.695,22.449495000000002,336400
2202,2003-09-30,22.695,22.795,22.5,22.549999,22.306063,593000
2203,2003-10-01,22.6,23.74,22.6,23.735001,23.478243,585000
2204,2003-10-02,23.684998999999998,23.98,23.49,23.549999,23.295244,361800
2205,2003-10-03,23.775,23.870001000000002,23.450001,23.575001,23.319973,442600
2206,2003-10-06,23.65,24.1,23.605,24.0,23.740377,327400
2207,2003-10-07,24.004998999999998,24.045,23.790001,23.98,23.720592,264600
2208,2003-10-08,24.049999,24.195,23.834999,24.09,23.829403,306600
2209,2003-10-09,24.215,24.215,23.76,23.975,23.715649,464600
2210,2003-10-10,24.125,24.225,23.975,24.075001,23.814566,295600
2211,2003-10-13,24.125,24.625,24.125,24.625,24.358618,308800
2212,2003-10-14,24.75,24.924999,24.5,24.690001000000002,24.422915,347600
2213,2003-10-15,24.799999,24.799999,24.23,24.360001,24.096483,213800
2214,2003-10-16,24.459999,24.735001,24.405001000000002,24.52,24.254751000000002,233200
2215,2003-10-17,24.674999,24.860001,23.99,24.16,23.898645000000002,199400
2216,2003-10-20,24.275,24.344998999999998,24.07,24.225,23.962944,233800
2217,2003-10-21,24.1,24.25,23.985001,24.200001,23.938213,227000
2218,2003-10-22,24.200001,24.225,23.965,24.165001,23.903593,248600
2219,2003-10-23,24.1,24.299999,24.030001000000002,24.125,23.864025,203600
2220,2003-10-24,24.049999,24.08,23.655001000000002,24.004998999999998,23.745321,241800
2221,2003-10-27,24.004998999999998,24.370001000000002,23.985001,24.32,24.056915,474400
2222,2003-10-28,24.424999,24.85,24.424999,24.85,24.581182000000002,233000
2223,2003-10-29,24.85,24.85,24.225,24.445,24.180564999999998,689000
2224,2003-10-30,24.549999,24.969998999999998,21.549999,22.25,22.009307999999997,4186600
2225,2003-10-31,22.25,23.299999,22.049999,23.16,22.909461999999998,1932800
2226,2003-11-03,23.15,23.365,22.559998999999998,22.975,22.726465,1059000
2227,2003-11-04,23.075001,23.135,22.834999,22.969998999999998,22.721519,464200
2228,2003-11-05,22.969998999999998,22.969998999999998,22.299999,22.754998999999998,22.508844,669600
2229,2003-11-06,22.924999,23.0,22.549999,22.9,22.652276999999998,457400
2230,2003-11-07,22.950001,23.094998999999998,22.389999,22.389999,22.147793,705600
2231,2003-11-10,22.264999,22.4,21.85,21.924999,21.687824,674200
2232,2003-11-11,21.924999,22.1,21.684998999999998,21.735001,21.499878,574600
2233,2003-11-12,21.799999,21.9,21.6,21.85,21.613636,951200
2234,2003-11-13,21.9,21.9,21.690001000000002,21.785,21.549339,713600
2235,2003-11-14,21.9,22.0,21.495001000000002,21.5,21.267422,582400
2236,2003-11-17,21.4,21.575001,21.125,21.325001,21.094316,611800
2237,2003-11-18,21.370001000000002,21.424999,21.059998999999998,21.059998999999998,20.832182,522000
2238,2003-11-19,21.200001,21.450001,20.934998999999998,21.32,21.089369,556000
2239,2003-11-20,21.32,22.084999,21.32,21.985001,21.747175,994600
2240,2003-11-21,22.075001,22.42,22.0,22.334999,22.093388,872000
2241,2003-11-24,22.75,23.620001000000002,22.48,23.4,23.146867999999998,1069800
2242,2003-11-25,23.4,23.620001000000002,22.905001000000002,22.92,22.672060000000002,1111400
2243,2003-11-26,22.969998999999998,23.049999,22.605,22.870001000000002,22.622602,448600
2244,2003-11-28,22.9,23.08,22.82,22.969998999999998,22.721519,89600
2245,2003-12-01,22.969998999999998,23.450001,22.959999,23.280001000000002,23.028166,279000
2246,2003-12-02,23.4,24.475,23.4,24.475,24.210239,1481600
2247,2003-12-03,24.475,24.475,23.855,23.91,23.65135,720600
2248,2003-12-04,23.85,23.9,23.315001000000002,23.59,23.33481,486000
2249,2003-12-05,23.59,23.700001,23.4,23.559998999999998,23.305138,512000
2250,2003-12-08,23.565001000000002,23.790001,23.434998999999998,23.790001,23.53265,422000
2251,2003-12-09,23.915001,23.98,23.225,23.34,23.087517000000002,347600
2252,2003-12-10,23.215,23.26,22.66,22.85,22.602816,431600
2253,2003-12-11,22.885,24.0,22.885,23.924999,23.666187,714600
2254,2003-12-12,23.924999,23.950001,23.65,23.950001,23.690918,378600
2255,2003-12-15,24.0,24.045,23.385,23.434998999999998,23.181488,409600
2256,2003-12-16,23.559998999999998,23.645,23.040001,23.415001,23.161707,511000
2257,2003-12-17,23.450001,23.620001000000002,23.299999,23.469998999999998,23.216112,250600
2258,2003-12-18,23.575001,23.575001,23.190001000000002,23.41,23.156759,470000
2259,2003-12-19,23.35,23.549999,23.25,23.355,23.102354000000002,351000
2260,2003-12-22,23.424999,23.565001000000002,23.205,23.424999,23.171597,510600
2261,2003-12-23,23.375,23.530001000000002,23.075001,23.5,23.245787,524600
2262,2003-12-24,23.700001,23.975,23.625,23.745001000000002,23.488138,274000
2263,2003-12-26,23.799999,23.825001,23.690001000000002,23.775,23.517813,186000
2264,2003-12-29,23.875,24.290001,23.799999,24.055,23.794783,455800
2265,2003-12-30,23.950001,24.09,23.85,24.0,23.740377,471400
2266,2003-12-31,24.1,24.15,23.799999,24.004998999999998,23.745321,286600
2267,2004-01-02,23.975,24.110001,23.6,23.635,23.379326000000002,405400
2268,2004-01-05,23.674999,23.790001,23.35,23.74,23.483189000000003,540000
2269,2004-01-06,23.700001,23.92,23.674999,23.745001000000002,23.488138,462000
2270,2004-01-07,23.775,23.775,23.415001,23.655001000000002,23.399110999999998,364200
2271,2004-01-08,23.635,23.674999,23.299999,23.65,23.394160999999997,345600
2272,2004-01-09,23.424999,23.785,23.264999,23.315001000000002,23.062786,329800
2273,2004-01-12,23.190001000000002,23.344998999999998,22.950001,23.110001,22.860006,586800
2274,2004-01-13,23.1,23.125,22.299999,22.6,22.355522,937600
2275,2004-01-14,22.575001,22.799999,22.49,22.764999,22.518734,658200
2276,2004-01-15,22.799999,22.889999,22.190001000000002,22.735001,22.489061,683000
2277,2004-01-16,22.65,23.264999,22.575001,22.950001,22.701735,529200
2278,2004-01-20,22.950001,23.145,22.75,22.82,22.573141,564400
2279,2004-01-21,22.82,22.995001000000002,22.690001000000002,22.805,22.558305999999998,952000
2280,2004-01-22,22.975,23.375,22.924999,23.225,22.973761,1238800
2281,2004-01-23,23.25,23.280001000000002,22.879998999999998,22.965,22.716573999999998,875400
2282,2004-01-26,22.965,23.035,22.700001,22.950001,22.701735,783600
2283,2004-01-27,23.1,23.155001000000002,22.84,22.940001000000002,22.691843,500800
2284,2004-01-28,22.975,23.0,22.424999,22.48,22.23682,900600
2285,2004-01-29,22.6,22.674999,22.315001000000002,22.530001000000002,22.286278,660200
2286,2004-01-30,22.6,22.6,22.195,22.440001000000002,22.197254,410800
2287,2004-02-02,22.5,22.915001,22.415001,22.719998999999998,22.474222,521400
2288,2004-02-03,22.719998999999998,22.85,22.375,22.375,22.132956,389600
2289,2004-02-04,22.325001,22.33,22.02,22.115,21.875769000000002,1045400
2290,2004-02-05,22.0,22.165001,21.9,22.025,21.786741,960600
2291,2004-02-06,21.950001,22.545,21.945,22.525,22.281332,1060600
2292,2004-02-09,22.525,22.625,22.395,22.4,22.157684,491800
2293,2004-02-10,22.4,22.475,22.0,22.155001000000002,21.915337,988000
2294,2004-02-11,22.155001000000002,22.155001000000002,21.790001,21.950001,21.712553,1491800
2295,2004-02-12,22.0,22.049999,21.65,21.745001000000002,21.509771,929000
2296,2004-02-13,21.775,21.995001000000002,21.434998999999998,21.59,21.356445,658000
2297,2004-02-17,21.75,21.844998999999998,21.25,21.65,21.415798000000002,1168600
2298,2004-02-18,21.799999,21.924999,21.625,21.725,21.489988,786400
2299,2004-02-19,21.719998999999998,21.725,21.35,21.355,21.123989,545000
2300,2004-02-20,21.355,21.450001,21.084999,21.125,20.896476999999997,559200
2301,2004-02-23,21.17,21.575001,21.165001,21.5,21.267422,861400
2302,2004-02-24,21.5,21.83,21.49,21.584999,21.3515,951800
2303,2004-02-25,21.584999,21.775,21.450001,21.75,21.514717,749200
2304,2004-02-26,21.725,22.424999,21.625,22.26,22.019199,1274200
2305,2004-02-27,22.264999,22.424999,21.98,22.065001000000002,21.826309,885800
2306,2004-03-01,22.065001000000002,22.25,21.959999,22.24,21.999414,690400
2307,2004-03-02,22.1,22.195,21.85,22.0,21.762012,610200
2308,2004-03-03,22.0,22.049999,21.635,21.695,21.460312,674400
2309,2004-03-04,21.709999,21.754998999999998,21.575001,21.715,21.480095000000002,863600
2310,2004-03-05,21.715,21.969998999999998,21.575001,21.865,21.628473,577400
2311,2004-03-08,21.815001000000002,22.025,21.674999,21.775,21.539448,457000
2312,2004-03-09,21.865,21.879998999999998,21.559998999999998,21.639999,21.405907,567800
2313,2004-03-10,21.639999,21.705,21.455,21.48,21.247637,850000
2314,2004-03-11,21.450001,21.5,21.285,21.285,21.054745,911600
2315,2004-03-12,21.285,21.35,21.025,21.08,20.851965,1394800
2316,2004-03-15,20.975,21.245001000000002,20.975,21.155001000000002,20.926153,1157400
2317,2004-03-16,21.155001000000002,21.25,20.879998999999998,20.975,20.7481,1558800
2318,2004-03-17,21.075001,21.719998999999998,21.075001,21.645,21.410851,1071600
2319,2004-03-18,21.625,21.684998999999998,21.424999,21.65,21.415798000000002,576800
2320,2004-03-19,21.629998999999998,21.719998999999998,21.549999,21.620001000000002,21.386124,491400
2321,2004-03-22,21.549999,21.639999,21.385,21.5,21.267422,935400
2322,2004-03-23,21.424999,21.695,21.41,21.57,21.336662,589800
2323,2004-03-24,21.674999,21.799999,21.51,21.530001000000002,21.297096,608400
2324,2004-03-25,21.530001000000002,21.85,21.530001000000002,21.85,21.613636,781200
2325,2004-03-26,21.799999,21.860001,21.700001,21.790001,21.554282999999998,437200
2326,2004-03-29,21.725,22.18,21.67,22.1,21.860931,647800
2327,2004-03-30,22.1,22.415001,21.959999,22.334999,22.093388,480000
2328,2004-03-31,22.424999,22.424999,22.110001,22.299999,22.058767,588800
2329,2004-04-01,22.25,22.465,22.15,22.375,22.132956,868000
2330,2004-04-02,22.5,22.5,21.83,22.1,21.860931,901600
2331,2004-04-05,22.025,22.135,21.940001000000002,22.120001000000002,21.880716,514200
2332,2004-04-06,22.200001,22.559998999999998,22.200001,22.35,22.108227,659000
2333,2004-04-07,22.225,22.280001000000002,21.950001,22.120001000000002,21.880716,298600
2334,2004-04-08,22.125,22.125,21.625,21.805,21.569122,524600
2335,2004-04-12,21.75,21.93,21.719998999999998,21.795,21.559231,585600
2336,2004-04-13,21.77,21.9,21.725,21.754998999999998,21.519661,701600
2337,2004-04-14,21.700001,21.965,21.65,21.785,21.549339,373400
2338,2004-04-15,21.77,21.84,21.745001000000002,21.790001,21.554282999999998,506600
2339,2004-04-16,21.764999,22.195,21.764999,21.955,21.717501000000002,277800
2340,2004-04-19,21.875,21.945,21.799999,21.889999,21.6532,333600
2341,2004-04-20,21.889999,22.09,21.795,21.799999,21.564175,440400
2342,2004-04-21,21.799999,22.040001,21.799999,22.035,21.796633,445000
2343,2004-04-22,21.85,21.9,21.424999,21.799999,21.564175,3549000
2344,2004-04-23,21.775,21.885,21.6,21.825001,21.588905,1487200
2345,2004-04-26,21.799999,21.92,21.73,21.85,21.613636,584800
2346,2004-04-27,21.825001,22.125,21.780001000000002,21.879998999999998,21.643309,659600
2347,2004-04-28,21.885,21.885,21.59,21.625,21.391069,581000
2348,2004-04-29,21.625,21.719998999999998,20.844998999999998,21.1,20.871748,1008200
2349,2004-04-30,21.1,21.1,20.735001,20.855,20.629396,926800
2350,2004-05-03,20.950001,20.950001,20.67,20.77,20.545319,552200
2351,2004-05-04,20.77,20.77,20.450001,20.605,20.382103,666800
2352,2004-05-05,20.525,20.75,20.475,20.66,20.436508,320600
2353,2004-05-06,20.6,20.6,20.264999,20.530001000000002,20.307913,459000
2354,2004-05-07,20.450001,20.51,19.875,19.959999,19.74408,548600
2355,2004-05-10,19.75,19.915001,19.555,19.75,19.536351999999997,684800
2356,2004-05-11,19.725,19.995001000000002,19.700001,19.875,19.66,393000
2357,2004-05-12,19.875,20.295,19.754998999999998,20.25,20.030943,1025600
2358,2004-05-13,20.424999,20.924999,20.370001000000002,20.815001000000002,20.58983,1093200
2359,2004-05-14,20.9,21.290001,20.639999,20.975,20.7481,1061600
2360,2004-05-17,20.98,20.98,20.77,20.879998999999998,20.654127,600200
2361,2004-05-18,21.025,21.094998999999998,20.799999,20.865,20.639292,497400
2362,2004-05-19,20.889999,20.889999,20.555,20.635,20.411779,654200
2363,2004-05-20,20.575001,20.695,20.375,20.545,20.322751999999998,715000
2364,2004-05-21,20.504998999999998,20.74,20.450001,20.725,20.500805,351800
2365,2004-05-24,20.775,21.290001,20.775,21.25,21.020124,627200
2366,2004-05-25,21.174999,21.780001000000002,21.059998999999998,21.754998999999998,21.519661,626600
2367,2004-05-26,21.834999,22.049999,21.625,21.965,21.72739,779200
2368,2004-05-27,21.950001,22.115,21.610001,22.1,21.860931,556000
2369,2004-05-28,22.0,22.299999,21.975,22.299999,22.058767,386200
2370,2004-06-01,22.299999,22.6,22.25,22.6,22.355522,880200
2371,2004-06-02,22.6,22.695,22.389999,22.504998999999998,22.261549,539600
2372,2004-06-03,22.4,22.535,22.254998999999998,22.26,22.019199,425000
2373,2004-06-04,22.4,22.465,22.115,22.290001,22.048878,250000
2374,2004-06-07,22.415001,22.815001000000002,22.325001,22.780001000000002,22.533575,371400
2375,2004-06-08,22.780001000000002,22.915001,22.555,22.9,22.652276999999998,343000
2376,2004-06-09,22.9,22.9,22.355,22.6,22.355522,309600
2377,2004-06-10,22.5,22.514999,22.155001000000002,22.48,22.23682,402800
2378,2004-06-14,22.370001000000002,22.475,22.035,22.09,21.85104,324600
2379,2004-06-15,22.09,22.24,22.035,22.094998999999998,21.855982,481400
2380,2004-06-16,22.025,22.309998999999998,21.969998999999998,22.139999,21.900497,474400
2381,2004-06-17,22.040001,22.219998999999998,21.879998999999998,22.115,21.875769000000002,408000
2382,2004-06-18,22.084999,22.1,21.65,21.93,21.69277,895400
2383,2004-06-21,21.9,22.33,21.855,22.285,22.043928,431200
2384,2004-06-22,22.235001,22.280001000000002,21.934998999999998,22.165001,21.925228,252000
2385,2004-06-23,22.225,22.32,22.139999,22.315001000000002,22.073605,276400
2386,2004-06-24,22.355,23.58,22.355,23.344998999999998,23.092461,1001800
2387,2004-06-25,23.275,23.575001,23.075001,23.110001,22.860006,608000
2388,2004-06-28,23.235001,23.455,23.120001000000002,23.215,22.963867,483000
2389,2004-06-29,19.75,20.475,19.605,20.0,19.783648,6897800
2390,2004-06-30,20.25,20.25,19.25,19.690001000000002,19.477003,3154000
2391,2004-07-01,19.635,19.795,19.405001000000002,19.615,19.402813000000002,1316400
2392,2004-07-02,19.584999,19.629998999999998,19.325001,19.6,19.387976000000002,902000
2393,2004-07-06,19.59,19.9,19.48,19.629998999999998,19.417648,1050800
2394,2004-07-07,19.629998999999998,19.799999,19.475,19.51,19.298948,1354200
2395,2004-07-08,19.4,19.4,19.155001000000002,19.305,19.096165,1205000
2396,2004-07-09,19.25,19.35,18.815001000000002,19.004998999999998,18.79941,1145800
2397,2004-07-12,19.094998999999998,19.094998999999998,18.860001,19.014999,18.809299,701800
2398,2004-07-13,19.075001,19.575001,18.950001,19.52,19.30884,804000
2399,2004-07-14,19.52,19.969998999999998,19.52,19.855,19.640217,1501400
2400,2004-07-15,19.855,19.870001000000002,19.65,19.809998999999998,19.595703,849800
2401,2004-07-16,19.860001,19.9,19.525,19.559998999999998,19.348408,443800
2402,2004-07-19,19.5,19.584999,19.305,19.49,19.279165,414200
2403,2004-07-20,19.440001000000002,19.65,19.174999,19.65,19.437433,516400
2404,2004-07-21,19.6,19.875,19.275,19.290001,19.081329,466000
2405,2004-07-22,19.16,19.469998999999998,19.1,19.325001,19.115952,454800
2406,2004-07-23,19.33,19.33,18.9,19.09,18.883492,459200
2407,2004-07-26,19.025,19.110001,18.690001000000002,18.790001,18.586739,402000
2408,2004-07-27,18.790001,19.66,18.764999,19.559998999999998,19.348408,930600
2409,2004-07-28,19.5,19.605,19.275,19.334999,19.125839000000003,711600
2410,2004-07-29,19.450001,19.955,19.450001,19.875,19.66,1412000
2411,2004-07-30,19.879998999999998,20.120001000000002,19.75,19.99,19.773754,541800
2412,2004-08-02,19.99,20.155001000000002,19.775,20.09,19.872673000000002,421200
2413,2004-08-03,20.174999,20.174999,19.725,19.77,19.556133,770800
2414,2004-08-04,19.77,19.77,19.465,19.690001000000002,19.477003,777800
2415,2004-08-05,19.65,19.85,18.995001000000002,19.075001,18.868654,900200
2416,2004-08-06,18.950001,19.09,18.85,18.915001,18.710384,590400
2417,2004-08-09,19.014999,19.120001000000002,18.549999,18.745001000000002,18.542225,453000
2418,2004-08-10,18.825001,19.33,18.825001,19.33,19.120897,388800
2419,2004-08-11,19.225,19.23,18.745001000000002,18.945,18.740059,517200
2420,2004-08-12,18.9,18.950001,18.6,18.655001000000002,18.453197,353800
2421,2004-08-13,18.625,18.77,18.43,18.605,18.40374,465000
2422,2004-08-16,18.700001,19.450001,18.674999,19.43,19.219812,684400
2423,2004-08-17,19.41,19.715,19.120001000000002,19.365,19.155516,453600
2424,2004-08-18,19.379998999999998,19.895,19.325001,19.780001000000002,19.566031,599000
2425,2004-08-19,19.785,19.785,19.215,19.25,19.041759,402000
2426,2004-08-20,19.15,19.605,19.025,19.584999,19.373135,806800
2427,2004-08-23,19.504998999999998,19.75,19.4,19.690001000000002,19.477003,363600
2428,2004-08-24,19.805,19.844998999999998,19.639999,19.690001000000002,19.477003,313400
2429,2004-08-25,19.674999,19.77,19.219998999999998,19.754998999999998,19.541296,389400
2430,2004-08-26,19.775,19.844998999999998,19.58,19.775,19.561083,226600
2431,2004-08-27,19.75,19.885,19.65,19.815001000000002,19.600649,184000
2432,2004-08-30,19.725,19.934998999999998,19.6,19.615,19.402813000000002,309800
2433,2004-08-31,19.549999,19.735001,19.4,19.555,19.34346,434400
2434,2004-09-01,19.555,19.780001000000002,19.459999,19.6,19.387976000000002,302000
2435,2004-09-02,19.549999,19.885,19.34,19.834999,19.620434,351200
2436,2004-09-03,19.785,19.790001,19.51,19.65,19.437433,289000
2437,2004-09-07,19.65,19.799999,19.575001,19.625,19.412704,602400
2438,2004-09-08,19.575001,19.58,19.15,19.24,19.03187,658600
2439,2004-09-09,19.190001000000002,19.200001,18.945,19.055,18.848873,768600
2440,2004-09-10,19.049999,19.264999,18.9,19.245001000000002,19.036814,484800
2441,2004-09-13,19.200001,19.299999,19.174999,19.245001000000002,19.036814,388400
2442,2004-09-14,19.245001000000002,19.365,18.995001000000002,19.309998999999998,19.101110000000002,299200
2443,2004-09-15,19.325001,19.35,18.959999,19.299999,19.091219,410600
2444,2004-09-16,19.23,19.57,19.225,19.49,19.279165,389400
2445,2004-09-17,19.440001000000002,19.5,19.139999,19.225,19.017031,456000
2446,2004-09-20,19.110001,19.115,18.799999,18.9,18.695547,497800
2447,2004-09-21,18.975,19.174999,18.91,19.174999,18.967571,418600
2448,2004-09-22,19.075001,19.075001,18.85,18.940001000000002,18.735113000000002,327200
2449,2004-09-23,19.030001000000002,19.174999,18.75,19.110001,18.903278,755200
2450,2004-09-24,19.049999,19.305,19.02,19.299999,19.091219,684600
2451,2004-09-27,19.200001,19.205,18.924999,19.0,18.794466,564200
2452,2004-09-28,19.075001,19.094998999999998,18.629998999999998,18.809998999999998,18.60652,936600
2453,2004-09-29,18.799999,19.02,18.775,18.98,18.774681,568400
2454,2004-09-30,18.889999,19.200001,18.844998999999998,19.145,18.937897,645400
2455,2004-10-01,19.145,19.549999,19.075001,19.549999,19.338514,469800
2456,2004-10-04,19.545,19.610001,19.120001000000002,19.205,18.997248000000003,691600
2457,2004-10-05,19.205,19.205,18.74,18.945,18.740059,628000
2458,2004-10-06,18.924999,19.415001,18.754998999999998,19.355,19.145623999999998,858800
2459,2004-10-07,19.355,19.365,19.155001000000002,19.325001,19.115952,502800
2460,2004-10-08,19.325001,19.549999,19.295,19.549999,19.338514,1044200
2461,2004-10-11,19.5,19.625,19.344998999999998,19.504998999999998,19.294004,406600
2462,2004-10-12,19.51,19.51,19.209999,19.4,19.190138,624400
2463,2004-10-13,19.475,19.48,19.105,19.245001000000002,19.036814,262400
2464,2004-10-14,19.145,19.280001000000002,19.040001,19.205,18.997248000000003,376400
2465,2004-10-15,19.245001000000002,19.424999,19.145,19.360001,19.150574,365600
2466,2004-10-18,19.325001,19.665001,19.25,19.575001,19.363245000000003,553400
2467,2004-10-19,19.525,19.525,19.275,19.395,19.185192,630200
2468,2004-10-20,19.35,19.475,19.275,19.385,19.175303,354600
2469,2004-10-21,19.285,19.690001000000002,19.200001,19.57,19.358299,399800
2470,2004-10-22,19.49,19.700001,19.375,19.51,19.298948,357800
2471,2004-10-25,19.424999,19.799999,19.424999,19.715,19.50173,276200
2472,2004-10-26,19.715,20.0,19.6,19.940001000000002,19.724298,390600
2473,2004-10-27,19.940001000000002,20.344998999999998,19.775,20.315001000000002,20.095242000000002,551000
2474,2004-10-28,20.315001000000002,20.4,20.0,20.375,20.154591,747800
2475,2004-10-29,20.375,20.434998999999998,19.99,20.365,20.144697,482000
2476,2004-11-01,20.365,20.375,20.1,20.18,19.9617,425600
2477,2004-11-02,20.0,20.27,19.975,20.17,19.951809,953000
2478,2004-11-03,20.225,20.375,20.0,20.125,19.907295,804400
2479,2004-11-04,20.0,21.025,18.875,21.01,20.782721,1804800
2480,2004-11-05,21.135,21.844998999999998,21.135,21.450001,21.217964000000002,2631800
2481,2004-11-08,21.450001,21.485001,21.1,21.125,20.896476999999997,686400
2482,2004-11-09,21.174999,21.559998999999998,21.105,21.465,21.2328,716600
2483,2004-11-10,21.4,21.57,21.34,21.465,21.2328,496400
2484,2004-11-11,21.424999,21.584999,21.360001,21.559998999999998,21.326771,402600
2485,2004-11-12,21.475,21.799999,21.42,21.674999,21.440527,554600
2486,2004-11-15,21.674999,21.825001,21.57,21.815001000000002,21.579016,705400
2487,2004-11-16,21.725,21.924999,21.674999,21.790001,21.554282999999998,1960400
2488,2004-11-17,21.764999,21.940001000000002,21.764999,21.785,21.549339,876200
2489,2004-11-18,21.735001,21.905001000000002,21.665001,21.74,21.504826,1761200
2490,2004-11-19,21.73,21.74,21.23,21.695,21.460312,862400
2491,2004-11-22,21.6,21.815001000000002,21.540001,21.745001000000002,21.509771,1323400
2492,2004-11-23,21.674999,22.219998999999998,21.559998999999998,22.145,21.905445,1305000
2493,2004-11-24,22.200001,22.495001000000002,22.18,22.465,22.221982999999998,1191400
2494,2004-11-26,22.465,22.674999,22.450001,22.610001,22.365414,402800
2495,2004-11-29,22.725,22.82,22.625,22.700001,22.454441,1031400
2496,2004-11-30,22.705,23.15,22.705,22.985001,22.736359,1216800
2497,2004-12-01,22.985001,23.215,22.84,23.105,22.855057000000002,789000
2498,2004-12-02,23.0,23.27,22.834999,23.209999,22.958923000000002,776800
2499,2004-12-03,23.084999,23.18,22.559998999999998,22.655001000000002,22.409927,1047200
2500,2004-12-06,22.725,23.1,22.6,23.004998999999998,22.75614,530200
2501,2004-12-07,23.004998999999998,23.035,22.725,22.82,22.573141,412400
2502,2004-12-08,22.775,22.969998999999998,22.625,22.860001,22.612710999999997,380400
2503,2004-12-09,22.785,23.0,22.65,22.959999,22.711626000000003,425200
2504,2004-12-10,22.955,23.15,22.85,23.084999,22.835274,528800
2505,2004-12-13,23.15,23.15,22.950001,23.02,22.770981,452600
2506,2004-12-14,22.950001,23.344998999999998,22.85,23.344998999999998,23.092461,513200
2507,2004-12-15,23.440001000000002,23.950001,23.4,23.950001,23.690918,703800
2508,2004-12-16,23.950001,23.950001,23.535,23.735001,23.478243,472600
2509,2004-12-17,23.74,23.950001,23.65,23.950001,23.690918,1486800
2510,2004-12-20,23.950001,24.0,23.65,23.725,23.468353,1089200
2511,2004-12-21,23.75,23.85,23.66,23.85,23.592001,675000
2512,2004-12-22,23.85,23.889999,23.584999,23.725,23.468353,788800
2513,2004-12-23,23.735001,24.075001,23.65,23.975,23.715649,687200
2514,2004-12-27,23.9,24.025,23.42,23.495001000000002,23.240841,453800
2515,2004-12-28,23.49,23.9,23.49,23.9,23.641459,449600
2516,2004-12-29,23.875,23.950001,23.690001000000002,23.9,23.641459,280800
2517,2004-12-30,23.860001,24.01,23.795,23.99,23.730484,215200
2518,2004-12-31,23.9,24.09,23.83,23.895,23.636513,211400
2519,2005-01-03,23.85,23.9,23.18,23.190001000000002,22.939138,669200
2520,2005-01-04,23.5,23.575001,22.895,23.195,22.944084,798000
2521,2005-01-05,23.094998999999998,23.200001,22.790001,22.790001,22.543468,478800
2522,2005-01-06,22.75,23.065001000000002,22.695,22.799999,22.553356,332600
2523,2005-01-07,22.9,22.975,22.690001000000002,22.695,22.449495000000002,352000
2524,2005-01-10,22.709999,22.9,22.709999,22.764999,22.518734,557200
2525,2005-01-11,22.815001000000002,23.035,22.65,23.004998999999998,22.75614,556200
2526,2005-01-12,22.9,22.950001,22.75,22.844998999999998,22.597872,484600
2527,2005-01-13,22.85,23.174999,22.790001,22.955,22.706682,402400
2528,2005-01-14,23.049999,23.145,22.84,22.93,22.681953,473600
2529,2005-01-18,22.93,23.254998999999998,22.764999,23.24,22.9886,433600
2530,2005-01-19,23.139999,23.275,22.875,23.0,22.751196,358400
2531,2005-01-20,22.924999,22.950001,22.715,22.735001,22.489061,354400
2532,2005-01-21,22.65,22.74,22.4,22.5,22.256601,397000
2533,2005-01-24,22.475,22.625,22.325001,22.379998999999998,22.137901,262400
2534,2005-01-25,22.5,24.875,22.5,24.700001,24.432806,1928400
2535,2005-01-26,24.950001,26.475,24.924999,25.315001000000002,25.041153,3654400
2536,2005-01-27,25.315001000000002,25.315001000000002,24.684998999999998,24.895,24.625698,969600
2537,2005-01-28,24.895,25.065001000000002,24.66,24.799999,24.531720999999997,726200
2538,2005-01-31,25.200001,25.459999,25.125,25.395,25.120285,819000
2539,2005-02-01,25.35,25.995001000000002,25.299999,25.605,25.328014000000003,818000
2540,2005-02-02,25.700001,26.485001,25.65,26.264999,25.980875,1057200
2541,2005-02-03,26.15,26.32,25.57,25.639999,25.362635,842000
2542,2005-02-04,25.65,26.275,25.584999,25.924999,25.644554,1152600
2543,2005-02-07,25.875,26.184998999999998,25.844998999999998,26.1,25.817660999999998,483600
2544,2005-02-08,26.1,26.450001,25.879998999999998,25.975,25.694012,516600
2545,2005-02-09,25.924999,25.99,25.485001,25.49,25.21426,382200
2546,2005-02-10,25.549999,25.584999,25.385,25.525,25.248878,756800
2547,2005-02-11,25.525,25.924999,25.280001000000002,25.844998999999998,25.565416,482600
2548,2005-02-14,25.844998999999998,25.915001,25.5,25.75,25.471447,347800
2549,2005-02-15,25.725,26.799999,25.725,26.700001,26.411169,990000
2550,2005-02-16,26.65,26.895,26.465,26.629998999999998,26.341927000000002,730200
2551,2005-02-17,26.65,27.139999,26.65,26.924999,26.633736,1002800
2552,2005-02-18,26.9,26.975,26.780001000000002,26.875,26.584276000000003,528400
2553,2005-02-22,26.875,27.105,26.34,26.375,26.089685,713600
2554,2005-02-23,26.379998999999998,27.225,26.35,27.129998999999998,26.836516999999997,894800
2555,2005-02-24,27.040001,27.635,27.040001,27.610001,27.311325,812000
2556,2005-02-25,27.610001,28.105,27.475,28.105,27.80097,967600
2557,2005-02-28,28.0,28.205,27.955,27.99,27.687215999999996,1125000
2558,2005-03-01,27.889999,28.075001,27.875,27.950001,27.647646,665600
2559,2005-03-02,27.985001,28.155001000000002,27.879998999999998,28.004998999999998,27.702051,490600
2560,2005-03-03,27.934998999999998,27.945,27.115,27.530001000000002,27.232190999999997,665200
2561,2005-03-04,27.625,28.184998999999998,27.530001000000002,28.07,27.766347999999997,603800
2562,2005-03-07,27.959999,28.215,27.889999,28.200001,27.894942999999998,476800
2563,2005-03-08,28.200001,28.4,27.959999,28.02,27.716891999999998,876200
2564,2005-03-09,28.02,28.02,27.285,27.35,27.054140000000004,841400
2565,2005-03-10,27.450001,27.475,26.915001,26.959999,26.668358,794000
2566,2005-03-11,27.049999,27.174999,26.834999,26.950001,26.658464000000002,222000
2567,2005-03-14,27.0,27.1,26.790001,26.950001,26.658464000000002,412000
2568,2005-03-15,26.950001,27.07,26.785,26.875,26.584276000000003,1048800
2569,2005-03-16,26.775,26.91,26.635,26.639999,26.35182,384000
2570,2005-03-17,26.674999,26.940001000000002,26.545,26.875,26.584276000000003,463600
2571,2005-03-18,26.75,27.174999,26.715,27.110001,26.816736,920200
2572,2005-03-21,27.0,27.08,26.879998999999998,26.99,26.698032,671800
2573,2005-03-22,26.924999,27.52,26.924999,27.475,27.177788,858600
2574,2005-03-23,27.48,27.924999,27.42,27.52,27.222298,868400
2575,2005-03-24,27.424999,27.5,26.73,26.785,26.495251,939200
2576,2005-03-28,26.65,26.65,26.174999,26.485001,26.198496,702400
2577,2005-03-29,26.525,26.549999,25.690001000000002,25.75,25.471447,656600
2578,2005-03-30,25.674999,26.195,25.655001000000002,25.98,25.698957,627600
2579,2005-03-31,25.855,26.09,25.799999,25.959999,25.679174,503000
2580,2005-04-01,25.934998999999998,26.360001,25.815001000000002,25.905001000000002,25.624771,516600
2581,2005-04-04,25.815001000000002,26.52,25.775,26.25,25.966036,483400
2582,2005-04-05,26.25,26.48,26.155001000000002,26.334999,26.050119,473400
2583,2005-04-06,26.34,26.76,26.07,26.635,26.346871999999998,778800
2584,2005-04-07,26.635,26.99,26.6,26.844998999999998,26.5546,473000
2585,2005-04-08,26.745001000000002,26.83,26.504998999999998,26.57,26.282576000000002,302200
2586,2005-04-11,26.51,26.745001000000002,26.309998999999998,26.665001,26.376549,437200
2587,2005-04-12,26.665001,27.254998999999998,26.450001,27.25,26.955219,859200
2588,2005-04-13,27.15,27.155001000000002,26.549999,26.67,26.381493,549600
2589,2005-04-14,26.674999,26.754998999999998,25.465,25.700001,25.421985999999997,489200
2590,2005-04-15,25.575001,25.885,24.68,24.815001000000002,24.54656,993600
2591,2005-04-18,24.825001,25.245001000000002,24.6,25.235001,24.962019,775000
2592,2005-04-19,25.235001,25.4,25.115,25.365,25.090611,374400
2593,2005-04-20,25.325001,25.360001,24.76,24.85,24.581182000000002,456800
2594,2005-04-21,24.975,25.424999,24.85,25.424999,25.149960999999998,366000
2595,2005-04-22,25.4,25.475,24.825001,25.014999,24.744394,479800
2596,2005-04-25,25.004998999999998,25.76,25.0,25.700001,25.421985999999997,486600
2597,2005-04-26,25.575001,25.799999,25.014999,25.040001,24.769129,625200
2598,2005-04-27,25.040001,25.040001,24.375,24.754998999999998,24.487209,803400
2599,2005-04-28,24.700001,24.700001,23.754998999999998,24.01,23.750270999999998,937200
2600,2005-04-29,24.059998999999998,24.450001,23.825001,24.355,24.091537,982200
2601,2005-05-02,24.355,24.620001000000002,24.195,24.610001,24.343779,621400
2602,2005-05-03,24.49,24.495001000000002,24.049999,24.065001000000002,23.804676,994800
2603,2005-05-04,24.065001000000002,24.42,23.825001,24.375,24.111319,632200
2604,2005-05-05,24.299999,24.725,24.24,24.540001,24.274535999999998,470600
2605,2005-05-06,24.5,25.684998999999998,24.434998999999998,25.525,25.248878,876400
2606,2005-05-09,25.5,26.309998999999998,25.5,26.23,25.946254999999997,1539600
2607,2005-05-10,26.23,26.725,26.0,26.620001000000002,26.332034999999998,1027600
2608,2005-05-11,26.620001000000002,26.825001,26.535,26.775,26.485357,745800
2609,2005-05-12,26.77,26.77,26.280001000000002,26.370001000000002,26.08474,750200
2610,2005-05-13,26.375,26.415001,25.555,25.865,25.585203,789400
2611,2005-05-16,25.9,26.545,25.9,26.395,26.109468,633000
2612,2005-05-17,26.299999,26.49,26.15,26.465,26.178713000000002,341000
2613,2005-05-18,26.5,27.09,26.424999,26.85,26.559547,763600
2614,2005-05-19,26.85,26.924999,26.625,26.790001,26.500196000000003,429200
2615,2005-05-20,26.790001,26.790001,26.49,26.684998999999998,26.396332,358800
2616,2005-05-23,26.719998999999998,26.99,26.719998999999998,26.905001000000002,26.613953000000002,249800
2617,2005-05-24,26.549999,26.655001000000002,26.325001,26.535,26.247954999999997,461200
2618,2005-05-25,26.57,26.57,26.075001,26.16,25.877012,305400
2619,2005-05-26,26.285,26.875,26.285,26.68,26.391385999999997,444400
2620,2005-05-27,26.610001,26.674999,26.26,26.344998999999998,26.060009,285000
2621,2005-05-31,26.25,26.65,26.25,26.290001,26.005608,480400
2622,2005-06-01,26.174999,26.504998999999998,26.08,26.459999,26.173765,748000
2623,2005-06-02,26.375,26.455,26.305,26.334999,26.050119,634000
2624,2005-06-03,26.34,26.41,25.875,26.055,25.773148000000003,821400
2625,2005-06-06,26.075001,26.375,26.0,26.365,26.079792,405000
2626,2005-06-07,26.34,26.540001,26.315001000000002,26.385,26.099577,703800
2627,2005-06-08,26.385,26.535,26.23,26.344998999999998,26.060009,502600
2628,2005-06-09,26.225,26.764999,26.040001,26.764999,26.475464000000002,691200
2629,2005-06-10,26.809998999999998,27.370001000000002,26.75,27.055,26.762331,785000
2630,2005-06-13,26.950001,27.0,26.709999,26.9,26.609007000000002,367800
2631,2005-06-14,26.9,27.334999,26.875,27.24,26.945328000000003,386400
2632,2005-06-15,27.215,27.34,27.055,27.254998999999998,26.960165000000003,353800
2633,2005-06-16,27.26,27.545,27.07,27.530001000000002,27.232190999999997,247000
2634,2005-06-17,27.875,28.625,27.415001,27.440001000000002,27.143165999999997,1762400
2635,2005-06-20,27.25,27.35,27.059998999999998,27.309998999999998,27.014570000000003,428200
2636,2005-06-21,27.309998999999998,27.309998999999998,26.9,27.235001,26.940384,410800
2637,2005-06-22,27.23,27.424999,26.865,27.145,26.851358,537600
2638,2005-06-23,27.075001,27.309998999999998,26.91,26.950001,26.658464000000002,586200
2639,2005-06-24,26.950001,27.145,26.465,26.65,26.36171,422800
2640,2005-06-27,26.375,26.77,26.275,26.725,26.4359,450200
2641,2005-06-28,26.799999,27.27,26.799999,27.26,26.965113,714600
2642,2005-06-29,27.379998999999998,28.035,27.375,27.91,27.608079999999998,1216800
2643,2005-06-30,27.915001,28.4,27.915001,28.129998999999998,27.825699,1495200
2644,2005-07-01,28.254998999999998,28.5,28.035,28.225,27.919672,1097800
2645,2005-07-05,28.24,28.809998999999998,28.139999,28.795,28.483504999999997,534600
2646,2005-07-06,28.875,29.195,28.4,28.629998999999998,28.320292,1116400
2647,2005-07-07,28.174999,28.245001000000002,27.5,28.225,27.919672,2282600
2648,2005-07-08,28.15,28.280001000000002,27.725,28.129998999999998,27.825699,918600
2649,2005-07-11,28.129998999999998,28.545,28.1,28.504998999999998,28.196644,686800
2650,2005-07-12,28.504998999999998,28.504998999999998,28.055,28.245001000000002,27.939457,603800
2651,2005-07-13,28.275,28.455,28.18,28.325001,28.018593,416800
2652,2005-07-14,28.360001,28.5,27.99,28.309998999999998,28.003752000000002,611800
2653,2005-07-15,28.309998999999998,28.780001000000002,28.25,28.77,28.458776,490800
2654,2005-07-18,28.735001,28.885,28.115,28.174999,27.870214,458200
2655,2005-07-19,28.105,28.725,28.030001000000002,28.485001,28.176861,369600
2656,2005-07-20,28.48,28.875,28.48,28.684998999999998,28.374696999999998,414600
2657,2005-07-21,28.785,29.065001000000002,28.605,28.76,28.448884999999997,821600
2658,2005-07-22,28.620001000000002,28.92,28.275,28.59,28.280724,434600
2659,2005-07-25,28.465,28.645,27.924999,28.0,27.697107,474800
2660,2005-07-26,28.375,29.92,28.375,29.610001,29.289690000000004,2806400
2661,2005-07-27,29.549999,29.549999,29.145,29.375,29.05723,1340600
2662,2005-07-28,29.5,29.834999,29.184998999999998,29.684998999999998,29.363879999999998,730000
2663,2005-07-29,29.6,29.715,29.305,29.440001000000002,29.121531,704800
2664,2005-08-01,29.4,29.75,29.4,29.51,29.190772999999997,537800
2665,2005-08-02,29.434998999999998,29.959999,29.42,29.75,29.428175,821800
2666,2005-08-03,29.625,29.91,29.459999,29.74,29.418283000000002,350600
2667,2005-08-04,29.674999,29.965,29.5,29.75,29.428175,639000
2668,2005-08-05,29.674999,29.815001000000002,29.6,29.65,29.329256,1080600
2669,2005-08-08,29.65,30.215,29.635,30.075001,29.749659,1255800
2670,2005-08-09,30.055,30.059998999999998,29.700001,29.955,29.630959000000004,1168200
2671,2005-08-10,29.959999,30.315001000000002,29.83,29.965,29.64085,571600
2672,2005-08-11,29.965,30.07,29.700001,29.924999,29.601282,586800
2673,2005-08-12,29.924999,30.190001000000002,29.575001,30.0,29.67547,592800
2674,2005-08-15,29.995001000000002,30.190001000000002,29.74,29.969998999999998,29.645794,395800
2675,2005-08-16,29.985001,29.985001,29.344998999999998,29.48,29.161096999999998,440400
2676,2005-08-17,29.43,29.5,29.225,29.245001000000002,28.928638,557200
2677,2005-08-18,29.049999,29.075001,28.6,28.709999,28.399424,1191000
2678,2005-08-19,28.6,28.719998999999998,28.07,28.6,28.290616999999997,1066200
2679,2005-08-22,28.725,28.889999,28.5,28.65,28.340072999999997,592400
2680,2005-08-23,28.65,28.74,28.225,28.57,28.260942,479200
2681,2005-08-24,28.49,29.299999,28.405001000000002,28.885,28.572533,704000
2682,2005-08-25,28.885,29.165001,28.68,28.955,28.641777,354800
2683,2005-08-26,29.0,29.01,28.209999,28.625,28.315347999999997,449200
2684,2005-08-29,29.025,29.295,28.52,29.049999,28.735747999999997,520600
2685,2005-08-30,29.049999,29.745001000000002,28.959999,29.084999,28.770369,661600
2686,2005-08-31,29.35,31.4,29.344998999999998,31.200001,30.862494,3077200
2687,2005-09-01,31.040001,31.575001,30.93,31.049999,30.714111,2076800
2688,2005-09-02,30.940001000000002,31.1,30.700001,30.9,30.565734999999997,1141600
2689,2005-09-06,31.125,32.290001000000004,31.1,31.775,31.431271000000002,1690600
2690,2005-09-07,32.025002,32.349998,31.485001,31.58,31.23838,841800
2691,2005-09-08,31.629998999999998,31.709999,30.790001,30.995001000000002,30.659708000000002,1171000
2692,2005-09-09,31.110001,31.795,31.084999,31.665001,31.322459999999996,745000
2693,2005-09-12,31.709999,32.049999,31.424999,31.514999,31.174082000000002,654000
2694,2005-09-13,31.450001,31.58,30.85,31.325001,30.986139,761200
2695,2005-09-14,31.325001,31.42,30.775,31.065001000000002,30.728951000000002,330000
2696,2005-09-15,31.075001,31.48,30.950001,31.0,30.664654,407800
2697,2005-09-16,30.975,31.049999,30.57,30.934998999999998,30.600357000000002,907800
2698,2005-09-19,30.975,31.15,30.754998999999998,31.120001000000002,30.783356,436600
2699,2005-09-20,31.190001000000002,31.459999,30.625,30.674999,30.34317,472000
2700,2005-09-21,30.65,31.525,30.65,31.219998999999998,30.882272999999998,1239800
2701,2005-09-22,31.5,32.945,31.434998999999998,32.049999,31.703295,1839000
2702,2005-09-23,32.259997999999996,32.299999,31.6,31.955,31.609325,1217400
2703,2005-09-26,31.955,32.185001,31.75,31.879998999999998,31.535133000000002,848600
2704,2005-09-27,32.005001,33.110001000000004,31.950001,33.0,32.643017,1504400
2705,2005-09-28,33.275002,33.845001,33.134997999999996,33.224998,32.865584999999996,1603800
2706,2005-09-29,33.34,33.424999,32.985001000000004,33.299999,32.93977,1003400
2707,2005-09-30,33.384997999999996,34.049999,33.369999,33.700001,33.335445,772000
2708,2005-10-03,33.950001,34.445,33.810001,33.994999,33.627254,1026800
2709,2005-10-04,33.994999,33.994999,32.325001,32.380001,32.029728000000006,2443000
2710,2005-10-05,32.380001,32.380001,31.290001,31.360001,31.020761,1297800
2711,2005-10-06,31.33,31.334999,30.305,30.555,30.224467999999998,1196000
2712,2005-10-07,30.629998999999998,31.15,30.43,30.75,30.41736,1030600
2713,2005-10-10,31.025,31.055,30.389999,30.440001000000002,30.110712,565200
2714,2005-10-11,30.565001000000002,30.969998999999998,30.299999,30.5,30.170063,620800
2715,2005-10-12,30.475,30.639999,29.975,30.200001,29.873309999999996,729600
2716,2005-10-13,30.174999,30.290001,29.35,29.959999,29.635903999999996,611000
2717,2005-10-14,29.959999,30.440001000000002,29.540001,30.129998999999998,29.804062,482800
2718,2005-10-17,29.83,30.475,29.83,30.465,30.135440999999997,627800
2719,2005-10-18,30.525,30.924999,30.280001000000002,30.584999,30.254143,1121800
2720,2005-10-19,30.459999,30.58,29.91,30.5,30.170063,1229400
2721,2005-10-20,30.5,30.525,29.49,29.645,29.324312,916000
2722,2005-10-21,29.700001,30.084999,29.540001,29.969998999999998,29.645794,534200
2723,2005-10-24,29.975,30.559998999999998,29.775,30.559998999999998,30.229412,1036800
2724,2005-10-25,31.025,31.445,30.764999,31.08,30.74379,1261200
2725,2005-10-26,31.030001000000002,31.43,30.915001,31.174999,30.837759000000002,725400
2726,2005-10-27,31.225,31.375,30.035,30.035,29.710093,741800
2727,2005-10-28,30.120001000000002,30.705,29.9,30.705,30.372845,537200
2728,2005-10-31,30.83,32.084998999999996,30.83,31.875,31.530188,1090800
2729,2005-11-01,32.099998,32.125,31.26,31.5,31.159245000000002,1198000
2730,2005-11-02,31.549999,32.25,31.405001000000002,31.995001000000002,31.648891,1281800
2731,2005-11-03,32.424999,32.650002,30.790001,31.325001,30.986139,1751200
2732,2005-11-04,31.375,31.450001,31.0,31.450001,31.109787,841000
2733,2005-11-07,32.125,32.34,31.934998999999998,32.275002,31.925860999999998,1060000
2734,2005-11-08,31.875,31.879998999999998,31.225,31.4,31.060326,794000
2735,2005-11-09,31.475,31.969998999999998,31.245001000000002,31.445,31.104839000000002,583200
2736,2005-11-10,31.344998999999998,31.344998999999998,30.700001,31.014999,30.679489,667800
2737,2005-11-11,31.059998999999998,31.295,30.945,31.0,30.664654,385800
2738,2005-11-14,30.995001000000002,31.065001000000002,30.674999,30.895,30.560793,531400
2739,2005-11-15,30.969998999999998,31.075001,30.35,30.565001000000002,30.23436,736000
2740,2005-11-16,30.565001000000002,30.655001000000002,29.975,30.629998999999998,30.298656,619400
2741,2005-11-17,30.754998999999998,32.605,30.754998999999998,32.325001,31.975321,1195600
2742,2005-11-18,32.400002,32.549999,31.93,32.095001,31.747808000000003,518800
2743,2005-11-21,32.125,32.395,32.049999,32.185001,31.836835999999998,360000
2744,2005-11-22,32.185001,32.965,31.905001000000002,32.834998999999996,32.479805,569600
2745,2005-11-23,32.709998999999996,32.919998,32.380001,32.610001000000004,32.25724,283400
2746,2005-11-25,32.575001,32.785,32.41,32.75,32.395721,78600
2747,2005-11-28,32.875,32.875,32.049999,32.18,31.831888,335800
2748,2005-11-29,32.205002,33.330002,32.205002,32.415001000000004,32.064346,416000
2749,2005-11-30,32.384997999999996,33.235001000000004,32.384997999999996,32.485001000000004,32.133595,546800
2750,2005-12-01,32.66,33.075001,32.599998,33.025002,32.667747,462800
2751,2005-12-02,32.974998,32.974998,32.494999,32.884997999999996,32.529263,494600
2752,2005-12-05,32.584998999999996,32.599998,32.334998999999996,32.404999,32.054451,357600
2753,2005-12-06,32.474998,32.689999,32.205002,32.25,31.901131,417200
2754,2005-12-07,32.174999,32.174999,31.695,32.174999,31.826942,655400
2755,2005-12-08,32.275002,32.875,32.275002,32.73,32.375938,719600
2756,2005-12-09,32.73,32.75,32.305,32.685001,32.331432,425000
2757,2005-12-12,32.810001,33.139998999999996,32.755001,33.025002,32.667747,916200
2758,2005-12-13,33.0,33.735001000000004,32.875,33.240002000000004,32.880421000000005,677200
2759,2005-12-14,33.299999,33.665001000000004,33.174999,33.509997999999996,33.147498999999996,362000
2760,2005-12-15,33.25,33.5,33.005001,33.450001,33.08815,967000
2761,2005-12-16,33.5,33.825001,33.290001000000004,33.345001,32.984291,691200
2762,2005-12-19,33.299999,33.299999,32.709998999999996,32.814999,32.460018,603600
2763,2005-12-20,32.785,33.404999,32.564999,33.035,32.677642999999996,366600
2764,2005-12-21,33.099998,33.529999,33.099998,33.529999,33.167282,663600
2765,2005-12-22,34.450001,34.650002,34.299999,34.455002,34.082283000000004,1032400
2766,2005-12-23,34.435001,34.705002,34.195,34.384997999999996,34.013034999999995,339800
2767,2005-12-27,34.424999,34.645,33.799999,33.924999,33.558009999999996,633800
2768,2005-12-28,34.049999,34.455002,34.029999,34.275002,33.904228,345000
2769,2005-12-29,34.279999,34.485001000000004,34.174999,34.235001000000004,33.864658,281800
2770,2005-12-30,34.185001,34.185001,33.610001000000004,33.935001,33.567904999999996,313800
2771,2006-01-03,34.400002,34.619999,33.900002,34.505001,34.131741,962800
2772,2006-01-04,34.459998999999996,34.665001000000004,34.275002,34.654999,34.280113,658600
2773,2006-01-05,34.73,35.125,34.560001,34.639998999999996,34.265278,491000
2774,2006-01-06,35.075001,35.68,34.950001,35.445,35.061569,675800
2775,2006-01-09,35.445,35.994999,35.439999,35.82,35.43251,708600
2776,2006-01-10,35.619999,36.424999,35.599998,36.220001,35.82819,887400
2777,2006-01-11,36.220001,36.345001,35.904999,36.305,35.91227,683200
2778,2006-01-12,36.305,36.645,35.919998,35.985001000000004,35.595726,481200
2779,2006-01-13,36.029999,36.490002000000004,36.029999,36.205002,35.813351000000004,419600
2780,2006-01-17,36.150002,36.314999,35.525002,35.895,35.506702000000004,748400
2781,2006-01-18,35.674999,36.075001,35.5,35.615002000000004,35.229733,469200
2782,2006-01-19,35.740002000000004,36.259997999999996,35.494999,36.200001,35.808403000000006,525800
2783,2006-01-20,36.215,36.334998999999996,35.349998,35.459998999999996,35.076408,536400
2784,2006-01-23,35.435001,35.904999,35.349998,35.834998999999996,35.44735,915000
2785,2006-01-24,38.5,39.549999,37.93,38.605,38.187386,3547200
2786,2006-01-25,38.68,39.099998,38.375,39.099998,38.677029,989600
2787,2006-01-26,39.224998,39.375,38.505001,39.130001,38.706707,771800
2788,2006-01-27,39.23,40.275002,39.174999,40.115002000000004,39.681053000000006,1108400
2789,2006-01-30,40.115002000000004,41.814999,40.115002000000004,41.389998999999996,40.942261,1628000
2790,2006-01-31,41.325001,42.049999,41.150002,41.685001,41.234066,1917000
2791,2006-02-01,42.185001,42.185001,41.110001000000004,41.459998999999996,41.011501,1329600
2792,2006-02-02,41.459998999999996,41.494999,40.485001000000004,40.630001,40.190483,1033000
2793,2006-02-03,40.555,41.404999,40.325001,40.970001,40.526802,715800
2794,2006-02-06,41.125,41.459998999999996,40.845001,41.099998,40.655396,426800
2795,2006-02-07,41.224998,41.575001,41.0,41.305,40.858177000000005,1132000
2796,2006-02-08,41.5,41.575001,40.98,41.5,41.051071,1024400
2797,2006-02-09,41.939999,42.029999,41.5,41.650002,41.199448,1031200
2798,2006-02-10,41.650002,41.650002,40.900002,41.310001,40.863125,1087400
2799,2006-02-13,41.5,41.575001,40.375,40.470001,40.032211,1028000
2800,2006-02-14,40.220001,41.310001,39.75,41.18,40.734531,1020000
2801,2006-02-15,41.150002,41.919998,40.700001,40.825001,40.383369,834600
2802,2006-02-16,40.950001,41.264998999999996,40.384997999999996,41.264998999999996,40.818607,979600
2803,2006-02-17,41.349998,41.744999,40.924999,41.555,41.105476,430600
2804,2006-02-21,41.68,41.91,41.445,41.775002,41.323097,477800
2805,2006-02-22,41.825001,43.665001000000004,41.799999,43.470001,42.999756,1526800
2806,2006-02-23,43.57,43.75,43.009997999999996,43.494999,43.02449,791400
2807,2006-02-24,43.200001,43.5,43.044998,43.48,43.009651,515600
2808,2006-02-27,43.48,44.0,43.215,43.424999,42.955246,979200
2809,2006-02-28,43.299999,43.544998,42.810001,42.869999,42.40625,589200
2810,2006-03-01,42.945,43.514998999999996,42.52,43.470001,42.999756,686600
2811,2006-03-02,43.235001000000004,43.25,42.169998,42.869999,42.40625,1008200
2812,2006-03-03,42.744999,43.445,42.580002,42.814999,42.351845000000004,731800
2813,2006-03-06,43.064999,43.395,42.299999,42.310001,41.852306,1002600
2814,2006-03-07,41.400002,41.5,39.200001,39.474998,39.047973999999996,2326200
2815,2006-03-08,39.200001,39.759997999999996,38.59,39.599998,39.171619,1575200
2816,2006-03-09,39.900002,40.540001000000004,39.755001,39.759997999999996,39.329887,1430600
2817,2006-03-10,39.685001,41.119999,39.610001000000004,40.880001,40.437775,1346600
2818,2006-03-13,40.700001,41.490002000000004,40.580002,40.674999,40.234992999999996,660800
2819,2006-03-14,40.68,41.755001,40.305,41.744999,41.293415,815800
2820,2006-03-15,41.849998,42.384997999999996,41.535,42.27,41.812737,750600
2821,2006-03-16,42.924999,43.16,42.380001,42.630001,42.168846,682800
2822,2006-03-17,42.625,43.25,42.439999,42.860001000000004,42.396355,726400
2823,2006-03-20,42.880001,43.18,42.404999,42.599998,42.139168,603800
2824,2006-03-21,42.474998,42.505001,41.049999,41.185001,40.739475,1118800
2825,2006-03-22,41.189999,41.790001000000004,40.775002,41.619999,41.169773,849400
2826,2006-03-23,41.625,42.674999,41.314999,42.389998999999996,41.931435,737200
2827,2006-03-24,42.400002,43.355,41.82,43.330002,42.861275,1054600
2828,2006-03-27,43.384997999999996,43.825001,42.689999,42.849998,42.386459,880800
2829,2006-03-28,43.450001,43.700001,43.009997999999996,43.365002000000004,42.895893,825600
2830,2006-03-29,43.450001,44.290001000000004,43.450001,44.005001,43.528973,715400
2831,2006-03-30,44.09,44.875,43.625,43.755001,43.281677,773000
2832,2006-03-31,43.880001,44.0,42.875,43.369999,42.900845000000004,569000
2833,2006-04-03,43.43,44.150002,43.07,43.84,43.365753000000005,813400
2834,2006-04-04,43.715,43.814999,43.255001,43.555,43.083839000000005,494400
2835,2006-04-05,43.455002,44.5,43.290001000000004,44.445,43.964211,617800
2836,2006-04-06,44.345001,45.535,44.345001,45.215,44.725883,1336800
2837,2006-04-07,45.34,45.595001,44.395,44.955002,44.468697,886200
2838,2006-04-10,44.924999,44.93,44.235001000000004,44.330002,43.850456,837600
2839,2006-04-11,44.450001,44.450001,43.044998,43.060001,42.594193,1095800
2840,2006-04-12,43.009997999999996,43.43,42.755001,43.18,42.712891,600400
2841,2006-04-13,42.849998,43.794998,42.700001,43.459998999999996,42.989864000000004,504400
2842,2006-04-17,43.459998999999996,43.785,42.970001,43.290001000000004,42.821701000000004,423000
2843,2006-04-18,43.415001000000004,45.154999,43.415001000000004,44.974998,44.488479999999996,753200
2844,2006-04-19,44.955002,46.064999,44.700001,46.025002,45.527122,1175200
2845,2006-04-20,46.0,46.299999,45.299999,45.779999,45.284766999999995,639400
2846,2006-04-21,46.0,46.634997999999996,45.665001000000004,46.459998999999996,45.957413,1136400
2847,2006-04-24,46.459998999999996,46.505001,45.849998,46.334998999999996,45.833763,1048600
2848,2006-04-25,46.334998999999996,46.334998999999996,41.599998,41.715,41.263744,4804600
2849,2006-04-26,42.525002,42.525002,41.404999,41.700001,41.248905,2403600
2850,2006-04-27,41.400002,41.82,40.759997999999996,41.014998999999996,40.571315999999996,1378600
2851,2006-04-28,41.0,41.779999,40.794998,41.349998,40.902687,1093800
2852,2006-05-01,42.740002000000004,42.740002000000004,41.814999,42.299999,41.842415,1689200
2853,2006-05-02,42.650002,43.0,42.099998,42.880001,42.416142,878200
2854,2006-05-03,42.93,43.709998999999996,42.615002000000004,42.615002000000004,42.154011,1029200
2855,2006-05-04,42.450001,43.09,42.450001,42.599998,42.139168,658000
2856,2006-05-05,42.865002000000004,43.57,42.650002,43.459998999999996,42.989864000000004,562000
2857,2006-05-08,43.465,44.549999,43.465,44.43,43.949371,1009200
2858,2006-05-09,44.73,45.169998,44.200001,44.945,44.458801,1374000
2859,2006-05-10,44.445,44.695,43.599998,44.18,43.70208,1339600
2860,2006-05-11,44.450001,45.174999,44.189999,44.240002000000004,43.761433000000004,869400
2861,2006-05-12,44.115002000000004,44.119999,42.599998,43.200001,42.732681,813600
2862,2006-05-15,43.099998,43.125,41.855,42.404999,41.946274,1024800
2863,2006-05-16,42.474998,42.740002000000004,41.34,41.400002,40.952152000000005,1135400
2864,2006-05-17,40.5,41.195,39.685001,39.764998999999996,39.334839,1861400
2865,2006-05-18,39.974998,40.174999,39.139998999999996,39.169998,38.746269,1432200
2866,2006-05-19,39.389998999999996,39.650002,38.369999,38.990002000000004,38.568222,1574800
2867,2006-05-22,38.400002,38.785,37.75,38.305,37.890629,2244200
2868,2006-05-23,38.955002,40.130001,38.540001000000004,38.540001000000004,38.123093,1941800
2869,2006-05-24,38.544998,39.240002000000004,36.465,37.404999,37.000366,2560600
2870,2006-05-25,37.875,38.455002,37.540001000000004,38.34,37.925255,1073000
2871,2006-05-26,38.700001,39.564999,38.700001,39.235001000000004,38.81057,1426800
2872,2006-05-30,39.25,39.555,38.48,38.5,38.083519,1541600
2873,2006-05-31,38.775002,39.450001,38.549999,39.014998999999996,38.592949,3012200
2874,2006-06-01,39.02,39.25,38.75,39.220001,38.795730999999996,1236000
2875,2006-06-02,39.919998,40.275002,39.389998999999996,40.084998999999996,39.651375,1046600
2876,2006-06-05,40.195,40.195,38.325001,38.404999,37.989548,880000
2877,2006-06-06,38.529999,38.549999,37.375,38.040001000000004,37.628502000000005,976000
2878,2006-06-07,38.040001000000004,38.630001,37.584998999999996,37.634997999999996,37.227875,798800
2879,2006-06-08,37.639998999999996,37.91,35.985001000000004,37.75,37.341637,1218800
2880,2006-06-09,37.950001,38.5,36.970001,37.355,36.950909,651000
2881,2006-06-12,37.384997999999996,37.485001000000004,36.055,36.110001000000004,35.719376000000004,632400
2882,2006-06-13,35.625,36.200001,34.279999,34.439999,34.067440000000005,2166200
2883,2006-06-14,35.0,36.075001,34.869999,35.970001,35.580890999999994,1537400
2884,2006-06-15,36.450001,38.150002,36.445,38.014998999999996,37.603767,1171000
2885,2006-06-16,38.09,38.224998,37.185001,37.584998999999996,37.178421,782000
2886,2006-06-19,37.59,37.724998,36.275002,36.415001000000004,36.021072,995800
2887,2006-06-20,36.555,37.25,36.305,36.355,35.96172,921800
2888,2006-06-21,36.349998,37.860001000000004,36.345001,37.57,37.163582,626200
2889,2006-06-22,37.395,37.674999,37.0,37.349998,36.945957,597600
2890,2006-06-23,37.419998,38.549999,37.009997999999996,38.404999,37.989548,925400
2891,2006-06-26,38.529999,38.950001,37.735001000000004,38.035,37.623554,1136000
2892,2006-06-27,38.084998999999996,38.384997999999996,37.650002,37.869999,37.460339000000005,782000
2893,2006-06-28,37.994999,38.150002,37.305,37.799999,37.391094,652000
2894,2006-06-29,38.099998,39.84,38.025002,39.830002,39.399132,959600
2895,2006-06-30,40.049999,40.169998,39.535,39.82,39.389244,763200
2896,2006-07-03,40.07,40.150002,39.93,40.0,39.567295,400400
2897,2006-07-05,40.0,40.0,39.09,39.555,39.127106,776200
2898,2006-07-06,39.625,40.125,39.599998,39.830002,39.399132,757400
2899,2006-07-07,39.830002,39.985001000000004,37.924999,37.985001000000004,37.574093,1134400
2900,2006-07-10,37.764998999999996,38.490002000000004,37.560001,38.025002,37.613663,851400
2901,2006-07-11,38.025002,38.880001,37.825001,38.779999,38.360493,777800
2902,2006-07-12,38.700001,38.880001,37.875,38.305,37.890629,648800
2903,2006-07-13,38.205002,38.465,37.595001,37.619999,37.213039,763200
2904,2006-07-14,37.619999,37.73,36.625,36.875,36.476105,691400
2905,2006-07-17,36.759997999999996,37.075001,35.924999,35.939999,35.551212,791600
2906,2006-07-18,35.799999,36.59,35.41,36.494999,36.100212,784200
2907,2006-07-19,36.595001,37.584998999999996,36.595001,37.23,36.827259000000005,859600
2908,2006-07-20,37.220001,37.5,35.884997999999996,35.884997999999996,35.496811,622200
2909,2006-07-21,35.919998,35.98,34.650002,34.950001,34.571926,821200
2910,2006-07-24,35.0,35.955002,34.665001000000004,35.849998,35.462189,1233600
2911,2006-07-25,37.724998,39.674999,37.25,39.125,38.701759,3080800
2912,2006-07-26,39.125,40.075001,38.855,39.52,39.092487,1208000
2913,2006-07-27,39.849998,40.599998,39.825001,40.424999,39.987697999999995,1298800
2914,2006-07-28,40.599998,41.384997999999996,40.584998999999996,40.825001,40.383369,955000
2915,2006-07-31,41.325001,41.610001000000004,40.650002,41.494999,41.046124,771000
2916,2006-08-01,41.25,41.275002,40.375,40.740002000000004,40.299294,780000
2917,2006-08-02,41.02,41.990002000000004,40.990002000000004,41.759997999999996,41.308254,730200
2918,2006-08-03,41.759997999999996,42.740002000000004,41.305,42.189999,41.733604,809400
2919,2006-08-04,42.525002,43.049999,41.560001,42.16,41.70393,835600
2920,2006-08-07,42.209998999999996,42.455002,41.764998999999996,42.18,41.723717,610400
2921,2006-08-08,41.68,41.895,40.75,41.044998,40.60099,1273000
2922,2006-08-09,41.525002,41.634997999999996,40.865002000000004,41.185001,40.739475,1187400
2923,2006-08-10,40.985001000000004,41.955002,40.985001000000004,41.900002,41.446743,739400
2924,2006-08-11,41.924999,42.014998999999996,41.285,41.580002,41.130203,788400
2925,2006-08-14,41.674999,41.875,41.0,41.185001,40.739475,954200
2926,2006-08-15,42.25,42.334998999999996,41.625,42.264998999999996,41.807793,644000
2927,2006-08-16,42.5,43.709998999999996,42.275002,43.599998,43.128349,785200
2928,2006-08-17,43.5,44.150002,42.564999,42.654999,42.193573,674200
2929,2006-08-18,42.764998999999996,43.285,42.150002,43.205002,42.737625,533800
2930,2006-08-21,42.904999,42.904999,42.200001,42.724998,42.262814,719000
2931,2006-08-22,42.849998,43.07,42.185001,42.5,42.040248999999996,467600
2932,2006-08-23,42.625,42.75,41.349998,42.0,41.545662,630000
2933,2006-08-24,42.200001,42.544998,41.619999,42.185001,41.728660999999995,586000
2934,2006-08-25,42.099998,42.549999,41.75,42.264998999999996,41.807793,280400
2935,2006-08-28,42.139998999999996,42.790001000000004,42.09,42.77,42.307331,477200
2936,2006-08-29,42.849998,43.285,42.424999,43.285,42.816761,690600
2937,2006-08-30,43.41,43.435001,42.630001,43.145,42.678276000000004,680600
2938,2006-08-31,43.125,43.700001,42.939999,43.544998,43.073944,657000
2939,2006-09-01,43.619999,43.73,43.080002,43.650002,43.177811,411600
2940,2006-09-05,43.650002,43.669998,43.27,43.595001,43.123405,1172600
2941,2006-09-06,43.5,43.5,42.314999,42.474998,42.015518,931200
2942,2006-09-07,42.349998,42.349998,41.384997999999996,41.564999,41.115364,1354200
2943,2006-09-08,40.709998999999996,42.424999,40.709998999999996,41.669998,41.219227000000004,707800
2944,2006-09-11,41.419998,41.924999,41.049999,41.474998,41.026337,1013400
2945,2006-09-12,41.5,42.09,41.009997999999996,41.450001,41.00161,1283600
2946,2006-09-13,41.349998,41.965,41.334998999999996,41.494999,41.046124,686800
2947,2006-09-14,41.369999,41.799999,40.855,41.115002000000004,40.670235,800600
2948,2006-09-15,41.099998,41.264998999999996,39.764998999999996,39.990002000000004,39.557407,2138800
2949,2006-09-18,39.880001,39.884997999999996,39.125,39.485001000000004,39.057865,1540800
2950,2006-09-19,39.334998999999996,39.645,38.244999,38.650002,38.231903,1667200
2951,2006-09-20,38.650002,38.974998,37.650002,37.77,37.361416,1737800
2952,2006-09-21,37.82,37.895,36.474998,36.630001,36.233748999999996,2316800
2953,2006-09-22,36.599998,36.599998,35.73,36.060001,35.669918,2167600
2954,2006-09-25,36.0,36.650002,35.5,36.424999,36.030968,2280400
2955,2006-09-26,36.299999,37.195,36.279999,37.009997999999996,36.609638000000004,960800
2956,2006-09-27,36.98,37.650002,36.759997999999996,37.205002,36.802528,944600
2957,2006-09-28,37.5,38.584998999999996,37.450001,37.955002,37.544418,1492000
2958,2006-09-29,38.0,38.275002,37.290001000000004,37.365002000000004,36.9608,979000
2959,2006-10-02,37.365002000000004,37.775002,37.035,37.330002,36.926178,1148600
2960,2006-10-03,37.105,37.115002000000004,36.150002,36.240002000000004,35.847972999999996,1052000
2961,2006-10-04,36.150002,37.330002,36.025002,37.195,36.792640999999996,1534800
2962,2006-10-05,37.299999,37.724998,36.825001,37.650002,37.242717999999996,1208400
2963,2006-10-06,37.724998,37.724998,37.285,37.360001000000004,36.955853000000005,1180400
2964,2006-10-09,37.470001,38.32,37.299999,37.970001,37.559258,840400
2965,2006-10-10,37.849998,38.099998,37.584998999999996,37.830002,37.420769,652200
2966,2006-10-11,37.580002,38.09,37.5,37.740002000000004,37.331745,857000
2967,2006-10-12,37.970001,38.48,37.945,38.465,38.048901,376200
2968,2006-10-13,38.334998999999996,38.419998,37.990002000000004,38.189999,37.776875,652000
2969,2006-10-16,38.349998,39.220001,38.27,39.099998,38.677029,992400
2970,2006-10-17,38.849998,39.189999,38.549999,38.764998999999996,38.345653999999996,896200
2971,2006-10-18,39.099998,39.310001,38.290001000000004,38.404999,37.989548,631000
2972,2006-10-19,38.294998,38.794998,38.154999,38.695,38.276409,595600
2973,2006-10-20,38.48,38.5,37.055,37.325001,36.92123,1327800
2974,2006-10-23,37.200001,37.779999,37.105,37.724998,37.316902,867800
2975,2006-10-24,37.375,38.125,37.205002,38.09,37.677956,589800
2976,2006-10-25,37.619999,38.349998,37.139998999999996,38.139998999999996,37.727413,778400
2977,2006-10-26,38.110001000000004,38.450001,37.75,38.330002,37.915363,679800
2978,2006-10-27,38.205002,38.384997999999996,37.665001000000004,37.77,37.361416,485400
2979,2006-10-30,37.669998,37.700001,37.235001000000004,37.389998999999996,36.985531,512400
2980,2006-10-31,37.389998999999996,37.950001,37.360001000000004,37.77,37.361416,1094600
2981,2006-11-01,37.830002,38.59,37.294998,37.5,37.094341,1725800
2982,2006-11-02,38.950001,39.0,37.855,37.950001,37.539471,1639000
2983,2006-11-03,38.619999,40.009997999999996,38.619999,39.400002,38.973785,1991000
2984,2006-11-06,39.875,40.110001000000004,39.650002,39.985001000000004,39.552459999999996,1022000
2985,2006-11-07,39.939999,40.369999,39.764998999999996,39.814999,39.384289,920800
2986,2006-11-08,39.5,40.299999,39.105,40.189999,39.755238,1139200
2987,2006-11-09,40.235001000000004,40.310001,39.895,40.0,39.567295,1068800
2988,2006-11-10,39.990002000000004,40.400002,39.75,40.174999,39.740398,569400
2989,2006-11-13,40.075001,40.299999,39.759997999999996,39.900002,39.468376,782600
2990,2006-11-14,39.974998,40.740002000000004,39.810001,40.564999,40.126183000000005,688000
2991,2006-11-15,40.5,40.77,40.41,40.610001000000004,40.1707,486200
2992,2006-11-16,40.875,41.305,40.41,40.5,40.061886,1377800
2993,2006-11-17,40.450001,40.450001,39.919998,40.41,39.972858,848200
2994,2006-11-20,40.41,40.720001,40.119999,40.615002000000004,40.175647999999995,611800
2995,2006-11-21,40.610001000000004,41.375,40.560001,41.299999,40.853229999999996,640600
2996,2006-11-22,41.5,41.875,41.474998,41.799999,41.347823999999996,671400
2997,2006-11-24,41.75,41.794998,41.455002,41.5,41.051071,270400
2998,2006-11-27,41.450001,41.709998999999996,40.740002000000004,40.994999,40.551533,1094400
2999,2006-11-28,40.724998,40.939999,40.299999,40.599998,40.160804999999996,621600
3000,2006-11-29,40.849998,41.715,40.740002000000004,41.674999,41.224174,684800
3001,2006-11-30,41.669998,42.314999,41.57,41.935001,41.481361,645400
3002,2006-12-01,41.93,42.380001,41.395,41.880001,41.42696,1082000
3003,2006-12-04,41.950001,42.195,41.564999,41.990002000000004,41.53577,417000
3004,2006-12-05,42.115002000000004,42.93,42.115002000000004,42.360001000000004,41.901768,865200
3005,2006-12-06,42.439999,42.779999,42.150002,42.240002000000004,41.783062,741800
3006,2006-12-07,42.200001,42.700001,41.965,42.395,41.93639,523000
3007,2006-12-08,42.400002,42.540001000000004,41.57,41.709998999999996,41.258793,591000
3008,2006-12-11,41.709998999999996,41.91,41.544998,41.775002,41.323097,347200
3009,2006-12-12,41.700001,41.700001,41.23,41.625,41.174717,504000
3010,2006-12-13,41.709998999999996,41.880001,41.41,41.724998,41.273632,491600
3011,2006-12-14,41.950001,42.625,41.860001000000004,42.215,41.758334999999995,478000
3012,2006-12-15,42.34,42.400002,41.735001000000004,41.735001000000004,41.283527,548600
3013,2006-12-18,41.860001000000004,42.224998,41.560001,41.560001,41.11042,473200
3014,2006-12-19,41.52,42.290001000000004,41.255001,42.105,41.649525,687400
3015,2006-12-20,42.055,42.445,41.904999,42.07,41.614899,527000
3016,2006-12-21,42.0,42.0,41.259997999999996,41.384997999999996,40.937309,448400
3017,2006-12-22,41.0,41.549999,40.775002,40.799999,40.358639000000004,396200
3018,2006-12-26,40.744999,40.974998,40.595001,40.790001000000004,40.348746999999996,368200
3019,2006-12-27,40.915001000000004,41.360001000000004,40.790001000000004,41.305,40.858177000000005,418600
3020,2006-12-28,41.25,41.275002,40.759997999999996,41.099998,40.655396,438200
3021,2006-12-29,41.075001,41.259997999999996,40.685001,40.77,40.328964,314800
3022,2007-01-03,41.150002,41.25,40.095001,40.25,39.81459,1133800
3023,2007-01-04,40.25,40.25,39.369999,39.529999,39.102379,928200
3024,2007-01-05,39.049999,39.299999,38.915001000000004,38.919998,38.498978,912800
3025,2007-01-08,38.919998,39.035,38.599998,38.764998999999996,38.345653999999996,1205800
3026,2007-01-09,38.799999,38.959998999999996,38.259997999999996,38.619999,38.202221,1480000
3027,2007-01-10,38.400002,39.669998,38.25,39.424999,38.998515999999995,990400
3028,2007-01-11,39.709998999999996,40.25,39.599998,39.974998,39.542564,588200
3029,2007-01-12,40.040001000000004,40.759997999999996,40.040001000000004,40.419998,39.98275,543200
3030,2007-01-16,40.424999,40.674999,40.215,40.27,39.834373,550400
3031,2007-01-17,40.25,40.825001,40.145,40.705002,40.264671,591200
3032,2007-01-18,40.674999,40.695,40.0,40.09,39.656319,545200
3033,2007-01-19,40.075001,40.91,39.790001000000004,40.700001,40.259724,666600
3034,2007-01-22,40.799999,40.830002,40.099998,40.23,39.794807,699800
3035,2007-01-23,41.799999,44.23,41.75,43.924999,43.449833,3319000
3036,2007-01-24,44.445,44.805,43.73,44.32,43.840561,1196000
3037,2007-01-25,44.32,44.334998999999996,43.599998,43.880001,43.405322999999996,1467000
3038,2007-01-26,43.950001,44.490002000000004,43.855,44.119999,43.642727,1038600
3039,2007-01-29,45.375,46.029999,45.049999,45.125,44.636856,1496000
3040,2007-01-30,45.25,45.25,44.775002,45.035,44.547829,867400
3041,2007-01-31,44.599998,45.375,44.599998,45.275002,44.785236,912800
3042,2007-02-01,45.5,46.849998,45.5,46.619999,46.115685,1281400
3043,2007-02-02,46.744999,47.330002,46.560001,46.700001,46.19482,822400
3044,2007-02-05,46.650002,46.939999,46.349998,46.5,45.996978999999996,568400
3045,2007-02-06,46.5,47.049999,45.924999,46.924999,46.417384999999996,1323000
3046,2007-02-07,46.865002000000004,46.865002000000004,45.834998999999996,45.939999,45.443039,1225000
3047,2007-02-08,45.939999,46.115002000000004,45.575001,46.005001,45.507335999999995,666600
3048,2007-02-09,45.904999,45.994999,45.049999,45.150002,44.661587,778200
3049,2007-02-12,45.185001,45.610001000000004,44.779999,45.32,44.829746,868600
3050,2007-02-13,45.400002,46.0,45.105,45.855,45.358959000000006,607800
3051,2007-02-14,45.98,46.555,45.849998,46.240002000000004,45.739796000000005,639600
3052,2007-02-15,46.365002000000004,46.674999,46.154999,46.494999,45.992039,887200
3053,2007-02-16,46.345001,46.474998,46.0,46.380001,45.878277000000004,459400
3054,2007-02-20,46.255001,46.924999,46.0,46.740002000000004,46.234386,717200
3055,2007-02-21,46.299999,47.18,46.150002,47.09,46.580601,741400
3056,2007-02-22,47.130001,47.130001,46.404999,46.860001000000004,46.353085,704800
3057,2007-02-23,46.900002,46.900002,46.43,46.560001,46.056332,600800
3058,2007-02-26,46.744999,46.744999,45.93,46.345001,45.843662,894000
3059,2007-02-27,45.549999,45.849998,45.055,45.119999,44.631904999999996,814600
3060,2007-02-28,45.060001,45.580002,44.639998999999996,45.145,44.656634999999994,1239800
3061,2007-03-01,44.75,46.0,44.145,45.904999,45.408417,1145200
3062,2007-03-02,45.805,45.805,44.375,44.400002,43.919701,1018800
3063,2007-03-05,44.125,44.715,43.75,43.755001,43.281677,814200
3064,2007-03-06,43.955002,44.264998999999996,43.764998999999996,43.985001000000004,43.509186,875400
3065,2007-03-07,43.935001,45.049999,43.779999,44.735001000000004,44.251076,947800
3066,2007-03-08,45.154999,45.75,45.014998999999996,45.415001000000004,44.923721,729600
3067,2007-03-09,45.700001,45.895,44.939999,45.419998,44.928658,642200
3068,2007-03-12,46.369999,46.369999,44.895,45.275002,44.785236,519800
3069,2007-03-13,44.900002,45.369999,44.02,44.060001,43.583378,663400
3070,2007-03-14,43.209998999999996,44.275002,43.209998999999996,44.110001000000004,43.632835,1116800
3071,2007-03-15,44.09,44.845001,44.080002,44.669998,44.186775,1571600
3072,2007-03-16,44.77,44.84,44.110001000000004,44.32,43.840561,609400
3073,2007-03-19,44.5,44.990002000000004,44.439999,44.939999,44.453857,644100
3074,2007-03-20,44.549999,45.43,44.279999,45.400002,44.908882,771700
3075,2007-03-21,45.509997999999996,46.77,45.259997999999996,46.57,46.066219,800300
3076,2007-03-22,46.75,47.549999,46.060001,47.279999,46.768539000000004,1184200
3077,2007-03-23,47.470001,47.830002,47.009997999999996,47.349998,46.837784,821000
3078,2007-03-26,47.310001,47.549999,46.509997999999996,47.110001000000004,46.60038,706800
3079,2007-03-27,47.110001000000004,47.110001000000004,46.369999,46.93,46.422325,624800
3080,2007-03-28,46.939999,46.939999,46.119999,46.669998,46.165138,444000
3081,2007-03-29,47.060001,47.200001,46.330002,46.720001,46.214603000000004,543400
3082,2007-03-30,46.720001,47.0,46.189999,46.650002,46.145363,476600
3083,2007-04-02,46.860001000000004,47.150002,46.540001000000004,46.709998999999996,46.204708000000004,331000
3084,2007-04-03,46.830002,47.709998999999996,46.5,47.509997999999996,46.996052,846400
3085,2007-04-04,47.599998,47.98,47.310001,47.669998,47.154327,640700
3086,2007-04-05,47.740002000000004,47.84,47.110001000000004,47.66,47.144432,361400
3087,2007-04-09,47.82,48.509997999999996,47.599998,48.279999,47.757729,657100
3088,2007-04-10,48.200001,49.150002,47.950001,49.09,48.558964,676300
3089,2007-04-11,49.52,50.380001,48.73,49.23,48.697445,1101300
3090,2007-04-12,49.18,49.799999,48.740002000000004,49.599998,49.063441999999995,626100
3091,2007-04-13,49.610001000000004,49.73,49.080002,49.459998999999996,48.924960999999996,686700
3092,2007-04-16,49.799999,49.98,49.509997999999996,49.869999,49.330524,689300
3093,2007-04-17,50.0,50.34,49.860001000000004,50.07,49.528358000000004,707600
3094,2007-04-18,49.98,50.459998999999996,49.27,50.299999,49.755875,611500
3095,2007-04-19,51.990002000000004,51.990002000000004,49.650002,50.240002000000004,49.696521999999995,628800
3096,2007-04-20,50.610001000000004,50.860001000000004,49.880001,50.439999,49.894356,607300
3097,2007-04-23,50.5,51.259997999999996,50.139998999999996,51.200001,50.646141,688700
3098,2007-04-24,51.93,52.0,50.189999,50.93,50.379055,1060100
3099,2007-04-25,51.349998,52.41,51.080002,52.060001,51.496838000000004,988800
3100,2007-04-26,52.040001000000004,52.419998,51.540001000000004,52.130001,51.566078000000005,579400
3101,2007-04-27,51.91,51.919998,51.029999,51.490002000000004,50.933002,520300
3102,2007-04-30,51.43,51.610001000000004,50.419998,50.43,49.884468,596100
3103,2007-05-01,50.439999,50.709998999999996,49.580002,50.43,49.884468,522700
3104,2007-05-02,50.959998999999996,52.060001,50.939999,51.68,51.120948999999996,619900
3105,2007-05-03,51.599998,52.400002,51.599998,52.259997999999996,51.694668,674300
3106,2007-05-04,52.360001000000004,52.5,51.869999,52.369999,51.803478000000005,540600
3107,2007-05-07,52.52,53.560001,52.509997999999996,53.380001,52.802555000000005,872000
3108,2007-05-08,53.669998,53.880001,52.509997999999996,53.490002000000004,52.911366,640900
3109,2007-05-09,53.740002000000004,55.07,53.580002,54.75,54.157734,873900
3110,2007-05-10,54.709998999999996,55.369999,53.799999,53.990002000000004,53.405956,1029500
3111,2007-05-11,54.299999,54.5,53.48,53.75,53.168552000000005,781500
3112,2007-05-14,53.57,54.07,53.16,53.439999,52.861904,595800
3113,2007-05-15,53.75,54.150002,53.25,53.360001000000004,52.782771999999994,704600
3114,2007-05-16,53.619999,54.049999,53.400002,54.0,53.415852,600900
3115,2007-05-17,54.0,55.110001000000004,53.59,54.73,54.137955000000005,646300
3116,2007-05-18,54.799999,55.549999,54.5,55.099998,54.503948,699400
3117,2007-05-21,54.970001,55.75,54.860001000000004,55.220001,54.62265,640500
3118,2007-05-22,56.349998,56.490002000000004,55.5,55.759997999999996,55.15680699999999,584600
3119,2007-05-23,56.310001,57.27,56.200001,56.290001000000004,55.681076000000004,693400
3120,2007-05-24,56.299999,57.110001000000004,54.560001,54.689999,54.098381,708600
3121,2007-05-25,55.080002,55.939999,54.540001000000004,55.119999,54.523731000000005,829200
3122,2007-05-29,56.0,56.77,56.0,56.279999,55.671184999999994,801600
3123,2007-05-30,56.099998,57.580002,55.759997999999996,57.580002,56.957127,906400
3124,2007-05-31,57.720001,58.650002,57.240002000000004,57.950001,57.323119999999996,1205700
3125,2007-06-01,58.5,59.009997999999996,58.400002,58.959998999999996,58.322193000000006,1161400
3126,2007-06-04,58.93,59.619999,58.59,59.470001,58.826675,760100
3127,2007-06-05,59.439999,59.709998999999996,58.84,59.139998999999996,58.500243999999995,1010300
3128,2007-06-06,59.77,59.990002000000004,57.619999,57.98,57.35279499999999,1587900
3129,2007-06-07,58.049999,58.049999,54.52,54.630001,54.03903199999999,1859900
3130,2007-06-08,54.349998,56.0,53.66,55.950001,55.344756999999994,1193000
3131,2007-06-11,56.189999,56.91,55.73,56.529999,55.91848,661800
3132,2007-06-12,54.700001,56.09,54.700001,55.419998,54.82048399999999,924700
3133,2007-06-13,55.700001,56.810001,55.669998,56.810001,56.195454000000005,624600
3134,2007-06-14,57.450001,59.119999,57.25,58.939999,58.302414,1413700
3135,2007-06-15,59.560001,60.0,59.080002,59.52,58.876137,973100
3136,2007-06-18,59.869999,59.91,58.740002000000004,58.919998,58.282619,559600
3137,2007-06-19,58.459998999999996,58.700001,58.029999,58.310001,57.679221999999996,539900
3138,2007-06-20,58.349998,58.700001,57.32,57.509997999999996,56.887878,717500
3139,2007-06-21,57.27,57.740002000000004,56.540001000000004,57.740002000000004,57.115391,519100
3140,2007-06-22,57.709998999999996,58.209998999999996,56.709998999999996,56.709998999999996,56.096534999999996,872400
3141,2007-06-25,57.509997999999996,58.959998999999996,56.950001,57.299999,56.680144999999996,1133500
3142,2007-06-26,57.509997999999996,57.639998999999996,56.259997999999996,56.5,55.888805000000005,670900
3143,2007-06-27,56.220001,57.41,55.040001000000004,57.41,56.788956000000006,737200
3144,2007-06-28,57.400002,57.459998999999996,56.759997999999996,56.950001,56.333935,605900
3145,2007-06-29,57.110001000000004,57.939999,57.0,57.509997999999996,56.887878,841100
3146,2007-07-02,57.889998999999996,59.18,57.5,58.57,57.936409,832600
3147,2007-07-03,59.5,59.639998999999996,58.52,59.400002,58.757435,560500
3148,2007-07-05,59.25,59.259997999999996,58.490002000000004,59.189999,58.54970600000001,897700
3149,2007-07-06,59.380001,60.150002,59.09,59.59,58.945377,924400
3150,2007-07-09,60.330002,62.080002,59.799999,61.130001,60.46871899999999,1350000
3151,2007-07-10,60.759997999999996,61.810001,60.040001000000004,60.889998999999996,60.23131899999999,1312200
3152,2007-07-11,60.900002,62.009997999999996,60.720001,62.009997999999996,61.339199,1092500
3153,2007-07-12,62.360001000000004,64.239998,62.360001000000004,63.810001,63.119728,1637600
3154,2007-07-13,64.239998,65.849998,63.860001000000004,64.58000200000001,63.881401000000004,1667100
3155,2007-07-16,63.57,64.800003,63.5,63.91,63.218651,1075900
3156,2007-07-17,64.839996,65.66999799999999,64.57,65.550003,64.840912,1109900
3157,2007-07-18,64.879997,66.279999,64.760002,66.08000200000001,65.365173,1078100
3158,2007-07-19,66.589996,67.059998,65.769997,65.959999,65.24646800000001,959200
3159,2007-07-20,65.83000200000001,66.32,65.220001,65.849998,65.13765699999999,910100
3160,2007-07-23,66.239998,67.389999,65.309998,65.690002,64.979385,1255800
3161,2007-07-24,66.459999,67.150002,64.5,64.980003,64.277077,2350300
3162,2007-07-25,64.300003,64.389999,61.259997999999996,62.549999,61.87336,2300700
3163,2007-07-26,61.189999,61.779999,59.5,60.849998,60.191745999999995,1881700
3164,2007-07-27,60.23,61.0,58.490002000000004,59.560001,58.915703,1537400
3165,2007-07-30,59.599998,61.959998999999996,59.549999,61.720001,61.052338,1282000
3166,2007-07-31,64.099998,65.190002,61.529999,61.630001,60.96331,1510300
3167,2007-08-01,61.380001,62.0,59.32,61.130001,60.46871899999999,1331900
3168,2007-08-02,61.349998,63.130001,61.349998,63.02,62.338271999999996,1287700
3169,2007-08-03,62.77,63.5,60.68,60.970001,60.310452000000005,1231900
3170,2007-08-06,61.349998,62.23,60.23,61.689999,61.022659,1210600
3171,2007-08-07,61.529999,64.300003,61.009997999999996,64.099998,63.40659,1457500
3172,2007-08-08,65.519997,67.339996,64.379997,65.910004,65.197006,1871000
3173,2007-08-09,64.529999,69.0,63.290001000000004,68.83000200000001,68.085426,2092600
3174,2007-08-10,68.360001,68.599998,65.290001,68.239998,67.501808,1882200
3175,2007-08-13,69.489998,69.989998,67.389999,68.029999,67.294075,1825900
3176,2007-08-14,68.18,68.25,65.650002,65.839996,65.127762,1216200
3177,2007-08-15,65.5,66.33000200000001,61.77,61.970001,61.29963299999999,1288700
3178,2007-08-16,61.700001,61.950001,55.66,60.259997999999996,59.608124,1873200
3179,2007-08-17,62.68,64.910004,58.77,60.209998999999996,59.55866999999999,1699600
3180,2007-08-20,60.48,61.25,58.880001,60.889998999999996,60.23131899999999,1025300
3181,2007-08-21,60.75,62.5,59.43,61.93,61.26006700000001,796700
3182,2007-08-22,63.0,64.599998,62.779999,64.18,63.485721999999996,869800
3183,2007-08-23,64.629997,65.610001,62.5,63.169998,62.486649,805100
3184,2007-08-24,63.169998,64.870003,62.509997999999996,64.800003,64.09902199999999,679800
3185,2007-08-27,64.58000200000001,64.980003,63.849998,64.550003,63.851723,525900
3186,2007-08-28,63.990002000000004,64.190002,62.200001,62.310001,61.63595600000001,577800
3187,2007-08-29,62.939999,64.58000200000001,62.450001,64.480003,63.782478000000005,574800
3188,2007-08-30,63.689999,66.019997,63.450001,65.220001,64.514481,783500
3189,2007-08-31,66.099998,66.389999,65.120003,66.089996,65.375061,594000
3190,2007-09-04,66.150002,68.449997,65.529999,68.019997,67.284187,827400
3191,2007-09-05,67.650002,68.360001,66.510002,67.529999,66.79948399999999,1044100
3192,2007-09-06,67.400002,68.459999,66.620003,68.459999,67.719429,825100
3193,2007-09-07,67.0,67.589996,65.519997,66.059998,65.345383,1086900
3194,2007-09-10,66.120003,66.980003,64.540001,65.529999,64.82112099999999,942800
3195,2007-09-11,65.949997,67.910004,65.739998,67.720001,66.987442,718100
3196,2007-09-12,67.269997,69.66999799999999,67.269997,69.370003,68.61958299999999,820800
3197,2007-09-13,69.849998,71.290001,69.5,70.82,70.053894,781400
3198,2007-09-14,69.900002,71.83000200000001,69.879997,71.0,70.231949,1045400
3199,2007-09-17,71.0,71.440002,69.449997,69.870003,69.114174,898000
3200,2007-09-18,69.970001,74.620003,69.699997,74.610001,73.802902,1214600
3201,2007-09-19,75.480003,77.449997,75.199997,76.040001,75.21743000000001,1278600
3202,2007-09-20,76.0,76.75,75.339996,75.5,74.683273,856100
3203,2007-09-21,76.150002,78.290001,76.139999,77.160004,76.325317,1200900
3204,2007-09-24,77.360001,78.16999799999999,76.349998,77.099998,76.265961,812500
3205,2007-09-25,76.5,76.760002,74.879997,75.0,74.188683,977200
3206,2007-09-26,75.519997,76.620003,74.75,76.339996,75.514183,845200
3207,2007-09-27,76.760002,76.800003,75.370003,76.779999,75.94941700000001,792400
3208,2007-09-28,77.33000200000001,77.33000200000001,75.379997,75.58000200000001,74.762413,777300
3209,2007-10-01,75.58000200000001,79.639999,75.029999,79.050003,78.19487,845500
3210,2007-10-02,79.230003,81.43,79.0,80.279999,79.41156,1050800
3211,2007-10-03,79.849998,80.309998,78.459999,78.639999,77.789299,948200
3212,2007-10-04,79.25,79.25,78.25,78.949997,78.095947,941400
3213,2007-10-05,79.82,82.940002,79.760002,82.58000200000001,81.686684,1119800
3214,2007-10-08,82.25,85.199997,81.949997,82.379997,81.488846,948400
3215,2007-10-09,83.980003,84.639999,82.410004,84.58000200000001,83.665054,1223700
3216,2007-10-10,85.0,86.550003,84.540001,85.059998,84.139847,913600
3217,2007-10-11,86.0,86.870003,82.040001,83.360001,82.458252,998000
3218,2007-10-12,83.300003,85.5,83.07,85.209999,84.288223,800200
3219,2007-10-15,85.400002,86.970001,83.58000200000001,85.879997,84.950981,773500
3220,2007-10-16,85.540001,86.400002,83.5,84.540001,83.625473,811500
3221,2007-10-17,85.360001,85.949997,83.639999,84.889999,83.971687,781100
3222,2007-10-18,84.629997,87.66999799999999,83.879997,87.150002,86.207245,967900
3223,2007-10-19,86.470001,87.0,81.779999,82.0,81.112953,1205000
3224,2007-10-22,80.540001,81.160004,77.199997,79.550003,78.689461,1715000
3225,2007-10-23,80.199997,81.870003,78.900002,81.690002,80.80630500000001,999700
3226,2007-10-24,84.510002,84.949997,82.040001,83.379997,82.47802,2116500
3227,2007-10-25,83.900002,84.379997,82.0,83.610001,82.70554399999999,14194600
3228,2007-10-26,84.089996,86.610001,83.879997,86.16999799999999,85.23783900000001,1336100
3229,2007-10-29,86.040001,89.290001,86.040001,88.059998,87.107399,1483200
3230,2007-10-30,87.769997,89.639999,86.349998,86.739998,85.801689,1219900
3231,2007-10-31,86.699997,87.91999799999999,85.18,87.150002,86.207245,1296700
3232,2007-11-01,86.0,86.470001,83.559998,84.43,83.51666999999999,1799900
3233,2007-11-02,85.360001,85.360001,82.260002,83.800003,82.893486,1857100
3234,2007-11-05,81.389999,84.360001,81.389999,83.980003,83.071541,1672100
3235,2007-11-06,88.0,88.540001,86.769997,88.349998,87.394257,2390100
3236,2007-11-07,88.050003,88.699997,85.58000200000001,85.82,84.891632,1744900
3237,2007-11-08,85.300003,87.66999799999999,85.010002,87.199997,86.256699,1693800
3238,2007-11-09,87.019997,87.019997,83.0,83.32,82.418671,1403400
3239,2007-11-12,83.339996,83.339996,76.980003,77.18,76.3451,2105100
3240,2007-11-13,78.959999,81.309998,77.199997,81.309998,80.430412,1996500
3241,2007-11-14,82.0,83.07,80.699997,82.059998,81.172302,1495500
3242,2007-11-15,81.400002,81.879997,76.949997,78.32,77.472763,2059500
3243,2007-11-16,79.75,79.75,76.160004,77.900002,77.057312,1699900
3244,2007-11-19,78.32,78.32,75.339996,76.230003,75.405373,1492500
3245,2007-11-20,77.75,79.57,76.25,77.83000200000001,76.98806,1694800
3246,2007-11-21,77.709999,77.709999,74.699997,75.449997,74.633804,1297500
3247,2007-11-23,76.93,77.900002,75.730003,77.610001,76.770439,359600
3248,2007-11-26,77.660004,79.279999,76.589996,76.589996,75.761475,1026900
3249,2007-11-27,77.0,77.370003,74.18,76.889999,76.058235,1413500
3250,2007-11-28,77.639999,81.720001,77.559998,81.599998,80.71727800000001,1045500
3251,2007-11-29,81.010002,82.449997,79.459999,81.58000200000001,80.69749499999999,1206800
3252,2007-11-30,82.720001,84.870003,82.650002,83.769997,82.86380799999999,1311300
3253,2007-12-03,84.199997,87.349998,83.68,86.809998,85.870926,1595100
3254,2007-12-04,87.199997,87.199997,85.260002,86.440002,85.504929,1297600
3255,2007-12-05,86.470001,90.360001,86.400002,90.360001,89.382515,1291400
3256,2007-12-06,90.300003,94.279999,89.650002,94.110001,93.091949,2281800
3257,2007-12-07,94.470001,94.5,93.139999,94.08000200000001,93.062271,1252300
3258,2007-12-10,94.5,97.089996,93.690002,95.75,94.71421099999999,1492800
3259,2007-12-11,96.589996,97.099998,91.150002,91.610001,90.618996,1807600
3260,2007-12-12,93.849998,96.199997,93.0,94.980003,93.95255300000001,1625000
3261,2007-12-13,94.459999,96.849998,93.68,96.83000200000001,95.782524,1544300
3262,2007-12-14,95.150002,98.349998,94.83000200000001,95.309998,94.278976,1552500
3263,2007-12-17,94.709999,95.709999,89.589996,90.139999,89.164902,1640800
3264,2007-12-18,90.970001,92.760002,90.25,91.870003,90.876183,1906700
3265,2007-12-19,92.07,95.260002,92.07,94.709999,93.685463,1355400
3266,2007-12-20,95.220001,96.0,92.709999,95.449997,94.417458,1167200
3267,2007-12-21,96.760002,97.849998,94.93,96.33000200000001,95.287941,1353200
3268,2007-12-24,97.489998,98.400002,96.790001,97.410004,96.356255,594000
3269,2007-12-26,97.980003,97.980003,96.269997,97.75,96.692581,931700
3270,2007-12-27,97.43,99.440002,97.199997,98.699997,97.63229399999999,1440100
3271,2007-12-28,98.400002,99.620003,97.639999,98.08000200000001,97.019005,1064300
3272,2007-12-31,98.099998,99.5,95.610001,95.610001,94.575722,1409000
3273,2008-01-02,95.610001,98.699997,95.610001,96.620003,95.57480600000001,1582200
3274,2008-01-03,97.769997,103.290001,97.209999,101.58000200000001,100.48114,2381700
3275,2008-01-04,100.519997,100.519997,96.019997,96.610001,95.564911,2003600
3276,2008-01-07,97.370003,97.730003,90.0,91.279999,90.292564,2941200
3277,2008-01-08,92.400002,93.66999799999999,87.68,87.900002,86.949135,2754900
3278,2008-01-09,87.510002,88.389999,81.739998,86.309998,85.376328,3809000
3279,2008-01-10,86.18,92.800003,84.699997,90.529999,89.550682,2986000
3280,2008-01-11,89.599998,91.379997,87.870003,88.709999,87.750359,1485600
3281,2008-01-14,89.779999,90.349998,87.220001,89.440002,88.472473,1317200
3282,2008-01-15,88.800003,88.800003,82.019997,82.129997,81.241539,2606500
3283,2008-01-16,79.57,82.959999,74.18,76.739998,75.909859,3888600
3284,2008-01-17,77.120003,77.739998,71.730003,72.18,71.399185,2744800
3285,2008-01-18,73.309998,75.860001,71.699997,74.209999,73.407227,2573200
3286,2008-01-22,67.480003,79.629997,67.25,78.110001,77.265038,3790100
3287,2008-01-23,76.879997,77.25,70.720001,76.989998,76.157158,3377800
3288,2008-01-24,77.199997,81.379997,77.07,79.800003,78.936752,2173800
3289,2008-01-25,82.199997,83.0,76.33000200000001,77.18,76.3451,2166100
3290,2008-01-28,77.5,77.5,74.440002,76.589996,75.761475,1959300
3291,2008-01-29,78.019997,79.75,76.0,76.449997,75.622986,1989400
3292,2008-01-30,75.980003,76.33000200000001,73.260002,73.93,73.130241,2405200
3293,2008-01-31,72.910004,77.58000200000001,72.07,76.349998,75.52407099999999,2362200
3294,2008-02-01,77.5,80.459999,76.779999,80.220001,79.352211,2009700
3295,2008-02-04,80.989998,80.989998,77.809998,78.019997,77.176018,1360400
3296,2008-02-05,76.489998,77.089996,73.75,73.75,72.952209,1372700
3297,2008-02-06,74.400002,75.769997,72.400002,72.82,72.032257,1361500
3298,2008-02-07,72.279999,72.959999,70.0,71.83000200000001,71.052971,1690300
3299,2008-02-08,71.309998,74.370003,70.959999,72.839996,72.052048,1331300
3300,2008-02-11,72.959999,75.239998,71.940002,74.949997,74.139214,1547900
3301,2008-02-12,76.0,77.800003,74.559998,75.699997,74.881111,1579900
3302,2008-02-13,76.129997,78.800003,75.480003,78.529999,77.680481,1486500
3303,2008-02-14,78.760002,79.400002,76.300003,76.790001,75.959312,1432700
3304,2008-02-15,76.349998,76.989998,74.279999,75.82,74.999809,1454700
3305,2008-02-19,77.989998,78.739998,76.440002,77.309998,76.473679,1240100
3306,2008-02-20,76.510002,78.08000200000001,75.0,77.839996,76.997955,1878500
3307,2008-02-21,78.730003,80.58000200000001,77.769997,79.279999,78.422379,2637300
3308,2008-02-22,79.989998,81.400002,78.57,81.07,80.193016,1774000
3309,2008-02-25,81.66999799999999,84.989998,80.25,84.779999,83.86286899999999,2015700
3310,2008-02-26,83.260002,84.790001,81.58000200000001,83.209999,82.30986800000001,2800400
3311,2008-02-27,82.75,84.440002,81.360001,83.040001,82.141701,2251800
3312,2008-02-28,83.5,84.989998,81.110001,83.699997,82.794563,2448000
3313,2008-02-29,83.68,83.68,79.949997,80.290001,79.42145500000001,2148400
3314,2008-03-03,80.889999,81.459999,79.120003,81.300003,80.420532,1829900
3315,2008-03-04,81.0,81.75,78.230003,80.150002,79.282974,2897600
3316,2008-03-05,80.5,80.620003,78.470001,79.809998,78.94664,2617400
3317,2008-03-06,78.82,80.199997,78.360001,78.470001,77.62114,2042200
3318,2008-03-07,77.989998,78.300003,74.809998,76.019997,75.197639,2319700
3319,2008-03-10,76.849998,76.849998,70.339996,70.75,69.98465,2955500
3320,2008-03-11,72.970001,75.550003,71.849998,75.459999,74.64370699999999,2131100
3321,2008-03-12,76.269997,76.66999799999999,74.370003,74.760002,73.951279,1612800
3322,2008-03-13,73.57,75.489998,71.400002,75.32,74.505211,2570500
3323,2008-03-14,76.029999,76.660004,71.199997,73.040001,72.24987800000001,2168600
3324,2008-03-17,71.150002,71.959999,67.18,69.889999,69.133957,2854600
3325,2008-03-18,71.66999799999999,74.309998,70.489998,73.489998,72.69500699999999,2528700
3326,2008-03-19,74.0,75.760002,70.470001,70.470001,69.70768000000001,2236700
3327,2008-03-20,70.550003,71.889999,67.400002,71.650002,70.874924,2678400
3328,2008-03-24,71.0,76.57,71.0,74.33000200000001,73.525932,2083300
3329,2008-03-25,74.589996,76.510002,74.029999,76.150002,75.32624100000001,1742100
3330,2008-03-26,76.440002,76.599998,74.82,75.470001,74.653595,1335200
3331,2008-03-27,76.360001,76.5,73.5,73.940002,73.140152,1265200
3332,2008-03-28,74.160004,75.949997,73.730003,74.089996,73.288528,1292400
3333,2008-03-31,74.0,74.519997,72.68,73.589996,72.79393,1664000
3334,2008-04-01,74.970001,76.559998,72.82,76.559998,75.731804,2171500
3335,2008-04-02,76.779999,78.989998,76.5,77.82,76.978172,1685400
3336,2008-04-03,77.800003,79.410004,77.08000200000001,79.129997,78.27399399999999,1123200
3337,2008-04-04,79.400002,81.660004,79.040001,80.739998,79.866585,1228000
3338,2008-04-07,81.889999,82.790001,79.57,79.660004,78.798264,1473700
3339,2008-04-08,79.370003,80.150002,78.0,79.940002,79.075249,1224900
3340,2008-04-09,80.129997,80.220001,77.910004,78.349998,77.502441,1061000
3341,2008-04-10,78.519997,79.589996,77.139999,79.389999,78.531189,1093900
3342,2008-04-11,78.279999,79.150002,77.0,77.230003,76.394562,1254400
3343,2008-04-14,77.349998,77.480003,76.199997,76.790001,75.959312,1268100
3344,2008-04-15,77.139999,77.980003,75.349998,76.769997,75.939537,1100000
3345,2008-04-16,77.279999,80.800003,77.279999,80.620003,79.747887,1470500
3346,2008-04-17,79.989998,81.290001,78.860001,80.720001,79.846802,997200
3347,2008-04-18,81.91999799999999,85.940002,81.199997,85.110001,84.189308,1912600
3348,2008-04-21,85.360001,90.0,84.41999799999999,89.019997,88.057007,2286100
3349,2008-04-22,93.370003,93.370003,86.57,87.720001,86.77108,1729800
3350,2008-04-23,88.0,89.400002,86.040001,86.790001,85.85114300000001,1145400
3351,2008-04-24,86.730003,88.010002,85.0,87.190002,86.246811,1023600
3352,2008-04-25,87.860001,89.410004,86.610001,89.209999,88.244957,750300
3353,2008-04-28,89.5,89.5,87.660004,88.139999,87.186531,998200
3354,2008-04-29,88.190002,88.190002,86.050003,86.489998,85.55438199999999,747500
3355,2008-04-30,86.120003,87.889999,86.019997,86.33000200000001,85.396118,1388300
3356,2008-05-01,86.900002,88.0,85.209999,87.779999,86.83042900000001,1102500
3357,2008-05-02,88.459999,89.41999799999999,86.91999799999999,88.470001,87.512962,1016200
3358,2008-05-05,88.839996,91.339996,88.370003,89.08000200000001,88.116364,1562700
3359,2008-05-06,88.550003,91.110001,88.139999,90.910004,89.926575,1178100
3360,2008-05-07,91.230003,91.230003,87.209999,87.58000200000001,86.632599,1198000
3361,2008-05-08,87.779999,89.300003,86.760002,88.07,87.117287,987200
3362,2008-05-09,87.110001,87.18,85.290001,86.760002,85.821465,783400
3363,2008-05-12,86.559998,88.91999799999999,86.019997,88.91999799999999,87.958099,828700
3364,2008-05-13,90.199997,94.690002,89.07,93.940002,92.923798,2424500
3365,2008-05-14,94.220001,95.529999,93.5,94.029999,93.012817,1582400
3366,2008-05-15,94.269997,95.5,93.309998,95.220001,94.189949,868300
3367,2008-05-16,95.57,96.58000200000001,94.82,96.449997,95.406639,956500
3368,2008-05-19,96.449997,98.309998,95.410004,96.150002,95.109894,1159000
3369,2008-05-20,95.800003,97.040001,94.010002,95.910004,94.87248199999999,783200
3370,2008-05-21,95.91999799999999,97.370003,93.360001,93.690002,92.676491,1045200
3371,2008-05-22,93.529999,94.879997,91.459999,92.519997,91.51915,1181500
3372,2008-05-23,92.18,92.82,90.16999799999999,91.650002,90.658569,983400
3373,2008-05-27,91.660004,91.940002,89.41999799999999,91.389999,90.401375,986500
3374,2008-05-28,91.989998,92.68,90.610001,92.230003,91.232292,952300
3375,2008-05-29,92.230003,92.720001,90.610001,91.08000200000001,90.094734,979900
3376,2008-05-30,91.83000200000001,95.110001,91.019997,94.779999,93.7547,1519200
3377,2008-06-02,95.220001,95.25,92.220001,93.18,92.17201999999999,1041500
3378,2008-06-03,94.220001,94.220001,90.370003,91.82,90.826729,1315600
3379,2008-06-04,91.720001,92.800003,90.699997,91.260002,90.272789,934500
3380,2008-06-05,92.0,92.91999799999999,91.150002,92.440002,91.440025,1494600
3381,2008-06-06,91.529999,92.66999799999999,88.66999799999999,88.66999799999999,87.7108,1498800
3382,2008-06-09,89.5,90.279999,87.879997,89.16999799999999,88.205391,1079000
3383,2008-06-10,88.349998,88.980003,87.160004,87.870003,86.91945600000001,1140000
3384,2008-06-11,87.870003,89.68,87.389999,87.480003,86.533684,1757000
3385,2008-06-12,87.620003,88.43,85.510002,86.0,85.069687,1384800
3386,2008-06-13,86.730003,90.139999,86.629997,90.010002,89.03630799999999,1318100
3387,2008-06-16,90.300003,91.360001,89.25,90.339996,89.362732,1123900
3388,2008-06-17,90.629997,91.589996,89.75,89.82,88.848366,767500
3389,2008-06-18,89.089996,90.379997,88.5,89.41999799999999,88.45269,1051000
3390,2008-06-19,89.290001,90.540001,89.019997,89.910004,88.937393,713900
3391,2008-06-20,89.08000200000001,89.860001,86.790001,87.349998,86.40508299999999,867300
3392,2008-06-23,87.790001,89.110001,87.5,88.190002,87.23599200000001,984300
3393,2008-06-24,88.239998,88.5,86.510002,86.58000200000001,85.64340200000001,841700
3394,2008-06-25,86.559998,86.720001,84.33000200000001,85.68,84.753151,1231900
3395,2008-06-26,84.709999,84.790001,81.139999,81.279999,80.400749,1297200
3396,2008-06-27,81.010002,81.809998,80.029999,81.16999799999999,80.291931,1589400
3397,2008-06-30,80.010002,81.410004,79.550003,80.699997,79.82701899999999,1432300
3398,2008-07-01,79.260002,81.550003,78.309998,80.980003,80.103996,1449500
3399,2008-07-02,81.43,81.809998,76.690002,76.720001,75.89007600000001,1344000
3400,2008-07-03,78.629997,80.690002,76.599998,78.25,77.40351899999999,1626300
3401,2008-07-07,78.989998,79.309998,74.349998,76.099998,75.276779,1603900
3402,2008-07-08,75.58000200000001,76.739998,73.360001,74.910004,74.099663,2060300
3403,2008-07-09,75.139999,76.120003,71.800003,71.959999,71.181564,1567100
3404,2008-07-10,70.739998,75.480003,70.699997,74.790001,73.98095699999999,2757200
3405,2008-07-11,76.660004,80.610001,76.0,78.08000200000001,77.235359,2703100
3406,2008-07-14,79.029999,79.629997,77.93,78.779999,77.927788,1520000
3407,2008-07-15,78.0,79.5,76.050003,78.089996,77.245255,1935400
3408,2008-07-16,78.029999,80.099998,77.139999,79.879997,79.015884,2247800
3409,2008-07-17,79.879997,81.459999,79.41999799999999,81.160004,80.282051,2089300
3410,2008-07-18,81.550003,83.589996,80.540001,81.410004,80.52934300000001,1601100
3411,2008-07-21,83.07,84.160004,81.360001,83.529999,82.62640400000001,1517200
3412,2008-07-22,86.889999,86.889999,82.769997,83.58000200000001,82.675873,3095100
3413,2008-07-23,84.650002,84.650002,81.120003,81.769997,80.88544499999999,1836000
3414,2008-07-24,82.739998,82.739998,77.529999,77.93,77.08698299999999,1821000
3415,2008-07-25,77.860001,80.120003,77.860001,79.230003,78.372925,1197300
3416,2008-07-28,79.68,79.68,76.230003,76.5,75.67244699999999,1363200
3417,2008-07-29,76.779999,79.190002,76.029999,78.370003,77.522224,1619600
3418,2008-07-30,78.589996,83.059998,78.589996,82.480003,81.587761,1545400
3419,2008-07-31,81.08000200000001,81.589996,77.239998,77.339996,76.503357,1684900
3420,2008-08-01,77.91999799999999,78.269997,75.83000200000001,76.809998,75.979095,1003500
3421,2008-08-04,77.16999799999999,77.209999,71.82,72.290001,71.508003,1770900
3422,2008-08-05,73.839996,74.970001,69.379997,71.160004,70.390221,2700600
3423,2008-08-06,70.620003,73.870003,70.620003,73.209999,72.418037,1605300
3424,2008-08-07,73.230003,74.779999,71.650002,72.760002,71.972916,1303900
3425,2008-08-08,72.099998,73.199997,70.08000200000001,72.82,72.032257,1237500
3426,2008-08-11,72.910004,72.970001,71.029999,72.019997,71.24090600000001,1221300
3427,2008-08-12,71.68,72.220001,70.019997,71.650002,70.874924,1909000
3428,2008-08-13,71.449997,75.620003,71.110001,75.0,74.188683,1966500
3429,2008-08-14,76.870003,78.41999799999999,75.089996,76.660004,75.830727,1992800
3430,2008-08-15,77.389999,77.440002,74.43,74.720001,73.911705,1642600
3431,2008-08-18,75.32,76.260002,73.339996,73.809998,73.011551,1287100
3432,2008-08-19,73.0,74.18,72.08000200000001,72.540001,71.75529499999999,1815700
3433,2008-08-20,73.019997,74.639999,72.529999,74.519997,73.71386700000001,1084900
3434,2008-08-21,74.339996,76.879997,73.190002,76.32,75.4944,1260800
3435,2008-08-22,76.93,76.93,75.129997,75.790001,74.97013100000001,1090300
3436,2008-08-25,75.33000200000001,75.33000200000001,72.279999,72.769997,71.982796,1262800
3437,2008-08-26,72.940002,74.540001,72.33000200000001,73.290001,72.497169,1262300
3438,2008-08-27,73.57,75.66999799999999,72.989998,74.790001,73.98095699999999,1425100
3439,2008-08-28,74.519997,76.75,74.190002,75.459999,74.64370699999999,1505400
3440,2008-08-29,75.68,76.529999,73.800003,73.82,73.021439,923400
3441,2008-09-02,73.860001,75.010002,69.650002,70.470001,69.70768000000001,2753800
3442,2008-09-03,70.160004,71.160004,67.769997,69.349998,68.5998,2039000
3443,2008-09-04,68.519997,69.059998,64.529999,64.699997,64.000099,2040400
3444,2008-09-05,62.509997999999996,64.760002,61.73,64.57,63.87151,2764900
3445,2008-09-08,67.260002,67.440002,61.52,61.91,61.240283999999996,2207200
3446,2008-09-09,61.610001000000004,61.93,56.439999,56.439999,55.829453,3508300
3447,2008-09-10,56.990002000000004,61.02,56.220001,60.060001,59.41029399999999,2723100
3448,2008-09-11,58.630001,61.419998,57.34,60.779999,60.122505000000004,1865500
3449,2008-09-12,60.700001,64.610001,59.869999,64.610001,63.911079,2419000
3450,2008-09-15,61.639998999999996,62.66,57.830002,58.049999,57.422035,1934000
3451,2008-09-16,57.040001000000004,60.610001000000004,54.07,60.139998999999996,59.489426,2340900
3452,2008-09-17,58.669998,59.82,56.040001000000004,56.439999,55.829453,2362500
3453,2008-09-18,56.98,60.130001,55.509997999999996,59.200001,58.559601,2184100
3454,2008-09-19,62.240002000000004,65.709999,62.240002000000004,64.410004,63.71324499999999,2302300
3455,2008-09-22,63.48,65.0,60.73,60.98,60.320339000000004,1230600
3456,2008-09-23,60.639998999999996,61.790001000000004,57.580002,58.049999,57.422035,1425300
3457,2008-09-24,58.939999,59.619999,57.369999,58.549999,57.916626,1207600
3458,2008-09-25,58.959998999999996,59.0,57.41,57.810001,57.184635,1793400
3459,2008-09-26,56.450001,56.450001,53.439999,55.040001000000004,54.44459499999999,2045300
3460,2008-09-29,53.880001,53.880001,46.490002000000004,47.599998,47.085079,3226600
3461,2008-09-30,50.279999,55.009997999999996,48.310001,54.310001,53.722496,2660600
3462,2008-10-01,53.919998,54.189999,49.32,50.029999,49.488789000000004,2196900
3463,2008-10-02,50.110001000000004,50.110001000000004,43.939999,43.959998999999996,43.484455,2416500
3464,2008-10-03,45.139998999999996,48.93,44.32,44.599998,44.117535,2655400
3465,2008-10-06,42.16,42.43,37.200001,40.900002,40.457561,3138700
3466,2008-10-07,42.669998,43.52,36.91,36.970001,36.570076,2393300
3467,2008-10-08,36.549999,40.450001,35.290001000000004,38.459998999999996,38.043957,4073300
3468,2008-10-09,39.009997999999996,41.419998,35.73,36.09,35.699593,2447200
3469,2008-10-10,34.110001000000004,38.43,31.200001,35.779999,35.392944,3448900
3470,2008-10-13,37.779999,43.509997999999996,37.200001,43.509997999999996,43.039322,2367200
3471,2008-10-14,46.459998999999996,46.700001,40.689999,41.900002,41.446743,2932900
3472,2008-10-15,41.060001,41.060001,35.52,35.799999,35.412727000000004,1949800
3473,2008-10-16,37.16,38.290001000000004,34.029999,38.209998999999996,37.796654,2473800
3474,2008-10-17,36.779999,41.360001000000004,36.0,38.099998,37.687847,2000200
3475,2008-10-20,38.740002000000004,41.57,38.330002,41.360001000000004,40.912582,1521400
3476,2008-10-21,40.549999,41.720001,38.740002000000004,39.139998999999996,38.716599,1919800
3477,2008-10-22,37.709998999999996,37.810001,32.419998,33.630001,33.266205,2637100
3478,2008-10-23,33.970001,35.630001,32.450001,34.389998999999996,34.017979,4966400
3479,2008-10-24,30.92,32.23,28.9,30.48,30.150278000000004,4089600
3480,2008-10-27,29.68,30.91,28.84,29.059998999999998,28.74564,3258500
3481,2008-10-28,30.5,32.849998,28.25,32.849998,32.494644,2455200
3482,2008-10-29,32.779999,35.599998,32.060001,34.139998999999996,33.770683,2302500
3483,2008-10-30,35.779999,37.369999,34.889998999999996,37.169998,36.767905999999996,3220900
3484,2008-10-31,37.68,37.68,35.48,36.43,36.035911999999996,2519700
3485,2008-11-03,36.990002000000004,37.220001,35.150002,35.91,35.521542,2012300
3486,2008-11-04,36.700001,42.060001,36.18,41.82,41.367607,3380700
3487,2008-11-05,41.119999,41.119999,34.959998999999996,35.52,35.135760999999995,3154900
3488,2008-11-06,34.68,35.360001000000004,31.51,32.700001,32.346264,3520300
3489,2008-11-07,33.25,36.130001,33.25,35.599998,35.214890000000004,2532100
3490,2008-11-10,37.470001,37.970001,35.119999,35.73,35.343486999999996,2572700
3491,2008-11-11,36.139998999999996,36.25,32.610001000000004,33.200001,32.840858000000004,2560700
3492,2008-11-12,32.919998,32.970001,30.709999,31.07,30.733896,2129000
3493,2008-11-13,31.34,33.169998,29.030001000000002,33.09,32.732044,4310200
3494,2008-11-14,31.75,33.41,30.43,31.01,30.674545000000002,2667400
3495,2008-11-17,30.99,31.25,29.18,29.75,29.428175,2346700
3496,2008-11-18,29.58,31.73,29.059998999999998,30.59,30.259089000000003,2703200
3497,2008-11-19,30.860001,31.620001000000002,28.780001000000002,28.799999,28.488451,2857800
3498,2008-11-20,28.42,29.51,26.0,26.27,25.985820999999998,3604300
3499,2008-11-21,27.280001000000002,29.5,26.620001000000002,29.360001,29.042396999999998,3348800
3500,2008-11-24,30.99,34.23,30.280001000000002,33.57,33.206856,4082300
3501,2008-11-25,35.529999,37.84,34.830002,37.439999,37.034988,4225600
3502,2008-11-26,36.060001,42.73,34.040001000000004,42.310001,41.852306,5311800
3503,2008-11-28,42.139998999999996,44.900002,41.779999,44.77,44.285694,2348800
3504,2008-12-01,42.849998,42.849998,38.889998999999996,38.889998999999996,38.469303000000004,4087200
3505,2008-12-02,40.360001000000004,42.970001,39.02,41.77,41.31815,3675800
3506,2008-12-03,40.380001,43.23,39.880001,42.869999,42.40625,3707400
3507,2008-12-04,41.700001,44.740002000000004,38.330002,39.27,38.845196,4032000
3508,2008-12-05,38.369999,42.459998999999996,37.610001000000004,42.43,41.971008000000005,3914100
3509,2008-12-08,45.240002000000004,50.349998,44.759997999999996,48.869999,48.341339000000005,6434100
3510,2008-12-09,47.939999,53.400002,47.049999,51.049999,50.497757,5502100
3511,2008-12-10,52.560001,53.950001,50.799999,53.18,52.604717,4295100
3512,2008-12-11,52.619999,53.299999,46.59,47.720001,47.203781,4290200
3513,2008-12-12,44.599998,47.59,42.599998,46.799999,46.293735999999996,5844800
3514,2008-12-15,47.66,48.650002,43.759997999999996,45.259997999999996,44.770396999999996,3884400
3515,2008-12-16,45.900002,49.029999,45.900002,48.939999,48.410587,3395900
3516,2008-12-17,48.610001000000004,51.75,48.0,50.099998,49.558037,2695900
3517,2008-12-18,51.810001,51.810001,45.779999,46.98,46.471786,4199500
3518,2008-12-19,46.830002,47.0,44.41,45.990002000000004,45.492496,2850900
3519,2008-12-22,46.0,46.209998999999996,42.290001000000004,43.75,43.276726000000004,2219300
3520,2008-12-23,45.040001000000004,45.419998,42.66,43.48,43.009651,2607400
3521,2008-12-24,43.5,44.720001,43.34,44.299999,43.820778000000004,705300
3522,2008-12-26,44.630001,44.799999,43.849998,44.650002,44.166996000000005,824600
3523,2008-12-29,45.990002000000004,45.990002000000004,43.849998,44.349998,43.870239,1988200
3524,2008-12-30,45.009997999999996,46.68,44.189999,46.68,46.175034000000004,1606700
3525,2008-12-31,46.529999,49.48,46.220001,48.099998,47.579674,2697700
3526,2009-01-02,48.959998999999996,50.630001,48.099998,50.419998,49.874573,2169200
3527,2009-01-05,50.34,52.990002000000004,49.299999,51.07,50.517548,2092600
3528,2009-01-06,52.029999,54.709998999999996,51.66,54.02,53.43563100000001,3437300
3529,2009-01-07,53.77,53.77,49.389998999999996,49.630001,49.093121000000004,2829200
3530,2009-01-08,49.139998999999996,52.16,48.790001000000004,51.700001,51.140732,2755600
3531,2009-01-09,52.959998999999996,53.400002,50.799999,51.150002,50.59668,2364100
3532,2009-01-12,51.299999,51.490002000000004,45.599998,46.209998999999996,45.710114000000004,2831300
3533,2009-01-13,46.049999,48.73,45.099998,48.049999,47.530212,3315300
3534,2009-01-14,47.09,47.09,44.07,44.990002000000004,44.503315,2437500
3535,2009-01-15,44.990002000000004,48.009997999999996,42.16,47.139998999999996,46.630058,4074500
3536,2009-01-16,48.98,49.939999,45.23,48.360001000000004,47.836861,3573700
3537,2009-01-20,47.869999,47.869999,43.220001,44.150002,43.672401,3952000
3538,2009-01-21,43.0,44.43,40.84,44.27,43.791107000000004,4459100
3539,2009-01-22,41.5,41.75,37.119999,38.900002,38.479195000000004,6929100
3540,2009-01-23,37.880001,41.970001,37.560001,40.709998999999996,40.269615,4559200
3541,2009-01-26,41.139998999999996,42.619999,39.400002,40.560001,40.121239,3305200
3542,2009-01-27,42.52,42.799999,39.950001,40.099998,39.666214000000004,4459200
3543,2009-01-28,41.869999,44.310001,41.18,43.299999,42.831596000000005,3919400
3544,2009-01-29,42.560001,42.560001,39.75,40.299999,39.864048,3792600
3545,2009-01-30,39.720001,40.48,37.810001,38.669998,38.251678000000005,4414700
3546,2009-02-02,37.889998999999996,38.610001000000004,36.599998,37.450001,37.04488,4209900
3547,2009-02-03,37.970001,38.93,37.110001000000004,38.299999,37.885684999999995,3860100
3548,2009-02-04,38.830002,40.240002000000004,38.02,38.34,37.925255,2838400
3549,2009-02-05,37.740002000000004,40.650002,37.349998,39.91,39.478275,4007200
3550,2009-02-06,40.029999,42.400002,39.779999,42.040001000000004,41.585228,3433900
3551,2009-02-09,42.310001,43.490002000000004,41.16,42.330002,41.872089,2928700
3552,2009-02-10,42.330002,43.970001,40.310001,40.68,40.239937,3489200
3553,2009-02-11,41.32,42.0,40.02,41.080002,40.635612,2660000
3554,2009-02-12,40.25,40.650002,38.259997999999996,40.32,39.883835,3510200
3555,2009-02-13,40.540001000000004,41.369999,39.57,40.41,39.972858,2433500
3556,2009-02-17,38.43,38.84,36.549999,36.689999,36.293095,3667100
3557,2009-02-18,37.240002000000004,37.900002,35.27,36.48,36.085373,4441500
3558,2009-02-19,37.060001,37.889998999999996,35.25,35.57,35.185219000000004,2703200
3559,2009-02-20,34.580002,36.630001,33.700001,35.650002,35.264351,4682100
3560,2009-02-23,36.16,36.57,33.41,33.549999,33.187069,3372100
3561,2009-02-24,33.599998,35.860001000000004,32.52,35.509997999999996,35.125862,3700300
3562,2009-02-25,35.23,35.299999,32.75,33.549999,33.187069,3885800
3563,2009-02-26,35.5,36.130001,33.98,34.380001,34.008091,3852000
3564,2009-02-27,33.75,35.099998,33.009997999999996,33.740002000000004,33.375015000000005,3279300
3565,2009-03-02,33.02,33.360001000000004,30.16,30.33,30.001902,5097000
3566,2009-03-03,31.01,32.790001000000004,30.709999,31.889999,31.545025,4516000
3567,2009-03-04,32.830002,35.529999,32.59,34.669998,34.294952,5582100
3568,2009-03-05,33.459998999999996,33.919998,32.220001,32.59,32.237453,3004700
3569,2009-03-06,33.09,34.419998,31.91,32.709998999999996,32.356155,3685800
3570,2009-03-09,32.209998999999996,34.150002,32.0,33.130001,32.771614,3600200
3571,2009-03-10,34.16,38.41,33.639998999999996,38.27,37.856007,5104200
3572,2009-03-11,38.560001,39.889998999999996,36.91,38.259997999999996,37.846115000000005,3235000
3573,2009-03-12,38.509997999999996,41.970001,37.5,41.790001000000004,41.337936,4335900
3574,2009-03-13,42.060001,42.400002,39.470001,40.349998,39.913509000000005,2659500
3575,2009-03-16,40.540001000000004,41.369999,39.259997999999996,39.740002000000004,39.310108,2716000
3576,2009-03-17,39.880001,41.869999,38.869999,41.869999,41.417065,1907700
3577,2009-03-18,41.470001,41.619999,38.349998,40.32,39.883835,4448800
3578,2009-03-19,41.02,41.529999,39.709998999999996,40.290001000000004,39.85416,2718700
3579,2009-03-20,39.970001,40.060001,36.900002,37.310001,36.906395,3024300
3580,2009-03-23,38.860001000000004,40.73,37.529999,40.73,40.289394,2413000
3581,2009-03-24,39.93,40.400002,38.720001,39.099998,38.677029,1827100
3582,2009-03-25,39.23,40.91,37.75,39.389998999999996,38.963894,1772200
3583,2009-03-26,40.07,43.189999,40.0,42.740002000000004,42.277653,3330800
3584,2009-03-27,41.66,42.150002,41.02,41.32,40.873016,1835700
3585,2009-03-30,40.52,40.52,37.580002,38.580002,38.162659000000005,2024200
3586,2009-03-31,39.259997999999996,39.549999,38.189999,38.66,38.241795,1536200
3587,2009-04-01,38.150002,39.740002000000004,37.290001000000004,39.389998999999996,38.963894,1567200
3588,2009-04-02,40.759997999999996,44.32,40.75,42.860001000000004,42.396355,2738200
3589,2009-04-03,42.860001000000004,43.369999,42.060001,43.169998,42.702999,1708800
3590,2009-04-06,42.349998,43.029999,41.130001,42.810001,42.346897,1865200
3591,2009-04-07,41.970001,42.139998999999996,40.599998,40.849998,40.4081,1541800
3592,2009-04-08,41.18,42.279999,40.91,42.0,41.545662,1147000
3593,2009-04-09,43.080002,44.400002,42.790001000000004,44.0,43.524025,1540700
3594,2009-04-13,43.369999,44.009997999999996,42.0,43.630001,43.158031,1326300
3595,2009-04-14,42.990002000000004,44.18,42.369999,43.009997999999996,42.544734999999996,1864400
3596,2009-04-15,43.09,44.169998,42.279999,44.09,43.613052,1324800
3597,2009-04-16,44.59,46.75,43.919998,46.150002,45.650768,1927100
3598,2009-04-17,46.48,47.349998,46.349998,46.599998,46.095894,2132800
3599,2009-04-20,45.290001000000004,45.66,42.59,43.380001,42.910732,1984500
3600,2009-04-21,42.130001,43.75,41.5,43.59,43.118462,2520600
3601,2009-04-22,42.98,45.599998,42.150002,44.0,43.524025,1840400
3602,2009-04-23,44.310001,44.759997999999996,42.720001,44.549999,44.068073,1969900
3603,2009-04-24,45.130001,46.369999,44.889998999999996,45.66,45.166065,2103200
3604,2009-04-27,44.93,46.57,44.290001000000004,45.549999,45.057259,1756500
3605,2009-04-28,41.650002,42.759997999999996,40.220001,40.389998999999996,39.953075,6007800
3606,2009-04-29,41.0,42.119999,39.68,40.0,39.567295,3538600
3607,2009-04-30,40.619999,40.849998,37.98,38.040001000000004,37.628502000000005,4424800
3608,2009-05-01,38.580002,38.73,36.75,38.110001000000004,37.697746,3205500
3609,2009-05-04,38.740002000000004,41.439999,38.16,41.200001,40.754314,3541400
3610,2009-05-05,41.16,41.779999,40.16,41.57,41.120315999999995,2128400
3611,2009-05-06,41.860001000000004,43.450001,41.400002,42.610001000000004,42.149059,3689400
3612,2009-05-07,43.23,43.689999,40.77,41.59,41.140095,2663100
3613,2009-05-08,42.080002,43.290001000000004,41.080002,42.369999,41.911654999999996,2350900
3614,2009-05-11,41.459998999999996,41.630001,39.599998,39.799999,39.369457000000004,2270500
3615,2009-05-12,40.240002000000004,40.939999,38.07,38.32,37.905464,4006500
3616,2009-05-13,39.189999,40.580002,38.23,38.959998999999996,38.538544,6015900
3617,2009-05-14,39.009997999999996,40.509997999999996,38.959998999999996,39.830002,39.399132,2226100
3618,2009-05-15,39.599998,40.73,38.099998,38.580002,38.162659000000005,2134500
3619,2009-05-18,39.060001,39.93,38.959998999999996,39.93,39.498055,2506300
3620,2009-05-19,40.299999,40.299999,39.080002,39.709998999999996,39.280434,2462400
3621,2009-05-20,40.189999,40.98,39.259997999999996,39.5,39.072703999999995,2848400
3622,2009-05-21,39.220001,39.52,38.09,38.950001,38.528656,2514700
3623,2009-05-22,38.990002000000004,39.27,38.189999,38.360001000000004,37.945038000000004,1513500
3624,2009-05-26,38.25,40.450001,37.669998,40.389998999999996,39.953075,2093400
3625,2009-05-27,40.259997999999996,41.939999,40.049999,40.669998,40.230045000000004,2978200
3626,2009-05-28,41.349998,41.900002,39.919998,41.18,40.734531,2064400
3627,2009-05-29,41.43,42.950001,41.389998999999996,42.900002,42.435928000000004,2380500
3628,2009-06-01,43.880001,46.310001,43.57,45.439999,44.948444,3084400
3629,2009-06-02,45.0,46.209998999999996,44.740002000000004,44.880001,44.394508,2232000
3630,2009-06-03,44.889998999999996,44.889998999999996,42.450001,43.18,42.712891,2303000
3631,2009-06-04,43.529999,44.200001,42.549999,44.16,43.682293,2791800
3632,2009-06-05,44.860001000000004,45.099998,42.919998,43.619999,43.148132000000004,3283000
3633,2009-06-08,42.740002000000004,43.110001000000004,41.529999,42.720001,42.257874,2033200
3634,2009-06-09,42.889998999999996,45.189999,42.860001000000004,44.98,44.49342,2190000
3635,2009-06-10,45.700001,45.77,44.049999,45.060001,44.572556,2286700
3636,2009-06-11,45.07,45.470001,44.169998,44.310001,43.830673,1948300
3637,2009-06-12,43.939999,44.330002,43.310001,44.330002,43.850456,1512700
3638,2009-06-15,43.299999,43.5,42.459998999999996,42.849998,42.386459,1249000
3639,2009-06-16,43.130001,44.130001,42.259997999999996,42.400002,41.941338,1352900
3640,2009-06-17,42.200001,42.889998999999996,41.52,42.580002,42.119392,1926100
3641,2009-06-18,42.48,42.700001,41.700001,42.16,41.70393,1334300
3642,2009-06-19,42.990002000000004,43.060001,42.02,42.27,41.812737,1716800
3643,2009-06-22,41.700001,41.700001,39.400002,39.470001,39.04303,2361600
3644,2009-06-23,39.580002,41.09,39.580002,40.959998999999996,40.516911,1573100
3645,2009-06-24,41.459998999999996,42.400002,40.869999,41.200001,40.754314,1597200
3646,2009-06-25,41.23,42.700001,40.66,42.580002,42.119392,1160100
3647,2009-06-26,42.150002,42.799999,41.189999,41.369999,40.922474,1790200
3648,2009-06-29,41.560001,42.700001,41.349998,42.540001000000004,42.079823,1602300
3649,2009-06-30,42.330002,43.240002000000004,41.5,42.09,41.634686,1587800
3650,2009-07-01,42.200001,43.330002,41.700001,41.799999,41.347823999999996,1273600
3651,2009-07-02,41.150002,41.150002,40.040001000000004,40.040001000000004,39.606865,1394700
3652,2009-07-06,39.84,39.860001000000004,37.900002,38.450001,38.034061,2581800
3653,2009-07-07,39.02,39.23,37.639998999999996,37.810001,37.400985999999996,1963700
3654,2009-07-08,38.0,38.400002,36.18,36.950001,36.550289,2959200
3655,2009-07-09,37.459998999999996,38.450001,37.279999,38.02,37.608715000000004,1683700
3656,2009-07-10,37.549999,37.57,36.919998,37.279999,36.87672,1477100
3657,2009-07-13,37.360001000000004,38.02,36.310001,38.02,37.608715000000004,1264600
3658,2009-07-14,38.279999,38.77,38.029999,38.52,38.103305999999996,1087800
3659,2009-07-15,39.18,39.93,39.18,39.669998,39.240868,1461200
3660,2009-07-16,39.509997999999996,40.34,39.18,40.150002,39.715672,1127900
3661,2009-07-17,39.959998999999996,40.240002000000004,39.509997999999996,39.990002000000004,39.557407,1295700
3662,2009-07-20,40.580002,41.349998,40.119999,40.959998999999996,40.516911,1333200
3663,2009-07-21,41.360001000000004,42.150002,40.150002,40.580002,40.141026000000004,1399900
3664,2009-07-22,40.040001000000004,40.59,39.860001000000004,40.369999,39.933292,1470100
3665,2009-07-23,40.5,42.259997999999996,40.369999,42.009997999999996,41.55555,1857200
3666,2009-07-24,41.689999,42.509997999999996,41.150002,42.279999,41.822628,1007500
3667,2009-07-27,42.360001000000004,43.43,41.98,43.389998999999996,42.920624,1451400
3668,2009-07-28,40.099998,40.860001000000004,39.619999,40.259997999999996,39.824482,4679800
3669,2009-07-29,39.040001000000004,39.93,38.799999,39.57,39.141945,3345300
3670,2009-07-30,40.200001,40.669998,39.540001000000004,40.07,39.636536,2373600
3671,2009-07-31,39.91,41.419998,39.830002,40.98,40.536694,1855300
3672,2009-08-03,41.310001,42.189999,40.779999,41.919998,41.466522,1798200
3673,2009-08-04,41.650002,42.57,41.369999,42.459998999999996,42.000683,1665600
3674,2009-08-05,42.59,43.209998999999996,41.849998,42.75,42.287544,1404200
3675,2009-08-06,43.099998,43.189999,41.950001,42.360001000000004,41.901768,1051700
3676,2009-08-07,43.02,44.43,42.580002,43.740002000000004,43.266842,1852800
3677,2009-08-10,43.330002,44.18,43.150002,43.619999,43.148132000000004,1199500
3678,2009-08-11,43.279999,43.419998,42.23,42.810001,42.346897,1264500
3679,2009-08-12,42.630001,44.09,42.59,43.700001,43.227272,1692400
3680,2009-08-13,44.060001,44.700001,43.459998999999996,44.650002,44.166996000000005,1712300
3681,2009-08-14,44.470001,44.48,43.360001000000004,43.779999,43.3064,1365400
3682,2009-08-17,42.689999,42.790001000000004,41.939999,42.580002,42.119392,1720800
3683,2009-08-18,42.759997999999996,44.310001,42.509997999999996,44.220001,43.741646,1681800
3684,2009-08-19,43.380001,45.41,43.27,44.959998999999996,44.47364,2141700
3685,2009-08-20,45.029999,45.75,44.669998,45.66,45.166065,2088000
3686,2009-08-21,46.009997999999996,47.0,46.009997999999996,46.790001000000004,46.283844,1959500
3687,2009-08-24,47.150002,47.75,46.5,46.68,46.175034000000004,1214500
3688,2009-08-25,46.700001,47.610001000000004,46.200001,46.400002,45.898067,1601800
3689,2009-08-26,45.990002000000004,46.07,44.48,45.099998,44.612125,2345300
3690,2009-08-27,45.07,45.169998,43.75,44.799999,44.315369,1472300
3691,2009-08-28,45.189999,45.740002000000004,44.290001000000004,44.650002,44.166996000000005,1190200
3692,2009-08-31,44.150002,44.150002,43.110001000000004,43.98,43.504242,1197800
3693,2009-09-01,43.720001,45.07,42.91,43.369999,42.900845000000004,1963700
3694,2009-09-02,43.16,43.59,42.900002,43.23,42.762352,1868900
3695,2009-09-03,43.470001,44.259997999999996,43.34,44.18,43.70208,1372400
3696,2009-09-04,44.16,45.150002,44.0,44.849998,44.36483,1615900
3697,2009-09-08,45.43,46.150002,45.23,45.880001,45.383686,1286000
3698,2009-09-09,45.75,46.77,45.459998999999996,46.419998,45.917846999999995,1284600
3699,2009-09-10,46.419998,46.98,45.919998,46.98,46.471786,808800
3700,2009-09-11,47.099998,47.5,46.040001000000004,46.639998999999996,46.135467999999996,1233400
3701,2009-09-14,46.029999,46.990002000000004,45.52,46.740002000000004,46.234386,894300
3702,2009-09-15,46.900002,47.060001,45.720001,46.900002,46.392658000000004,1909000
3703,2009-09-16,47.09,48.919998,46.810001,48.84,48.311665000000005,2014200
3704,2009-09-17,48.759997999999996,49.73,48.130001,48.889998999999996,48.361129999999996,1763100
3705,2009-09-18,49.240002000000004,49.450001,48.23,48.529999,48.00502,1373200
3706,2009-09-21,47.889998999999996,48.139998999999996,46.77,47.169998,46.659729,1226700
3707,2009-09-22,47.689999,48.119999,47.43,47.580002,47.0653,1085600
3708,2009-09-23,47.650002,47.84,46.490002000000004,46.560001,46.056332,892600
3709,2009-09-24,46.860001000000004,46.869999,45.130001,45.68,45.185852000000004,1745300
3710,2009-09-25,45.400002,45.759997999999996,44.799999,45.16,44.671473999999996,1162500
3711,2009-09-28,45.290001000000004,46.48,45.209998999999996,46.279999,45.779358,732000
3712,2009-09-29,46.360001000000004,47.080002,46.119999,46.509997999999996,46.006873999999996,763200
3713,2009-09-30,46.630001,46.959998999999996,45.060001,45.950001,45.45293,1240000
3714,2009-10-01,45.84,46.099998,44.200001,44.279999,43.800995,1062700
3715,2009-10-02,43.610001000000004,44.450001,43.349998,43.509997999999996,43.039322,950800
3716,2009-10-05,43.84,44.32,43.349998,44.18,43.70208,948000
3717,2009-10-06,44.709998999999996,45.369999,44.400002,44.77,44.285694,1448600
3718,2009-10-07,44.299999,44.810001,43.560001,44.169998,43.692184000000005,1715000
3719,2009-10-08,44.84,45.110001000000004,43.73,44.009997999999996,43.533916,1837100
3720,2009-10-09,44.040001000000004,44.380001,43.619999,44.09,43.613052,1048000
3721,2009-10-12,44.419998,44.59,43.889998999999996,44.080002,43.603157,710200
3722,2009-10-13,44.009997999999996,44.599998,43.529999,44.450001,43.969153999999996,1234700
3723,2009-10-14,44.849998,45.130001,44.25,45.080002,44.592346,1346900
3724,2009-10-15,44.939999,46.16,44.43,45.880001,45.383686,2338300
3725,2009-10-16,45.419998,46.57,45.02,46.169998,45.670547,1689900
3726,2009-10-19,46.419998,46.43,45.68,46.049999,45.551849,1312200
3727,2009-10-20,46.139998999999996,46.200001,44.880001,45.43,44.938559999999995,1158900
3728,2009-10-21,45.09,46.529999,45.09,45.790001000000004,45.294662,1647200
3729,2009-10-22,45.889998999999996,47.490002000000004,45.189999,47.150002,46.639946,2029000
3730,2009-10-23,47.119999,47.540001000000004,46.41,46.919998,46.412434000000005,1717900
3731,2009-10-26,46.860001000000004,47.900002,45.900002,45.990002000000004,45.492496,1808200
3732,2009-10-27,46.07,46.459998999999996,45.580002,45.889998999999996,45.393578000000005,1119900
3733,2009-10-28,45.529999,45.689999,43.049999,43.099998,42.633759000000005,2040200
3734,2009-10-29,43.59,44.75,43.200001,44.18,43.70208,1279600
3735,2009-10-30,43.990002000000004,44.25,42.220001,42.290001000000004,41.832527,1850800
3736,2009-11-02,41.950001,43.599998,41.299999,42.599998,42.139168,1848900
3737,2009-11-03,41.98,43.330002,41.650002,42.939999,42.475491,1655400
3738,2009-11-04,43.5,44.209998999999996,43.060001,43.240002000000004,42.772247,1342800
3739,2009-11-05,43.700001,44.619999,43.630001,44.27,43.791107000000004,913600
3740,2009-11-06,43.860001000000004,44.57,43.290001000000004,43.810001,43.336082,870300
3741,2009-11-09,44.34,45.330002,44.34,45.290001000000004,44.800067999999996,837800
3742,2009-11-10,44.189999,44.59,43.5,44.0,43.524025,1837300
3743,2009-11-11,44.490002000000004,44.93,44.029999,44.57,44.087856,1063900
3744,2009-11-12,44.490002000000004,44.75,43.669998,43.759997999999996,43.286617,983600
3745,2009-11-13,43.759997999999996,44.860001000000004,43.419998,43.950001,43.474567,1617000
3746,2009-11-16,44.189999,46.18,44.189999,45.490002000000004,44.99791,2241800
3747,2009-11-17,40.889998999999996,40.91,38.439999,38.880001,38.459415,12619100
3748,2009-11-18,39.189999,39.299999,37.889998999999996,38.040001000000004,37.628502000000005,6253100
3749,2009-11-19,37.900002,37.939999,36.049999,36.560001,36.164509,7037000
3750,2009-11-20,36.380001,36.900002,35.779999,36.59,36.194183,4756600
3751,2009-11-23,37.220001,37.290001000000004,35.860001000000004,36.419998,36.026024,3999800
3752,2009-11-24,36.59,36.73,35.799999,35.98,35.590782,2872900
3753,2009-11-25,36.060001,36.84,35.990002000000004,36.610001000000004,36.213966,2932800
3754,2009-11-27,35.619999,36.150002,34.650002,35.580002,35.19511,1850500
3755,2009-11-30,36.150002,36.630001,34.619999,34.990002000000004,34.611492,2898100
3756,2009-12-01,35.41,35.599998,35.0,35.080002,34.700520000000004,2596700
3757,2009-12-02,35.16,35.709998999999996,35.0,35.23,34.848896,2452800
3758,2009-12-03,35.279999,35.77,34.669998,34.709998999999996,34.334522,2696900
3759,2009-12-04,35.209998999999996,35.720001,33.900002,34.939999,34.562034999999995,3066200
3760,2009-12-07,35.139998999999996,35.25,34.599998,34.900002,34.522465000000004,1764800
3761,2009-12-08,34.889998999999996,34.889998999999996,33.700001,34.02,33.651981,3885300
3762,2009-12-09,34.189999,34.599998,33.700001,34.59,34.21582,2711800
3763,2009-12-10,34.880001,34.98,34.299999,34.66,34.285061,2733200
3764,2009-12-11,34.849998,34.849998,34.299999,34.57,34.19603,1328200
3765,2009-12-14,34.990002000000004,35.669998,34.5,35.610001000000004,35.224789,2474300
3766,2009-12-15,35.650002,37.040001000000004,35.43,36.73,36.332668,3793100
3767,2009-12-16,37.02,37.59,36.889998999999996,37.200001,36.797585,5947000
3768,2009-12-17,37.009997999999996,37.23,36.75,37.09,36.688774,2318900
3769,2009-12-18,37.41,38.040001000000004,37.259997999999996,37.740002000000004,37.331745,2930200
3770,2009-12-21,38.18,38.18,37.419998,37.740002000000004,37.331745,1721600
3771,2009-12-22,37.68,38.43,37.630001,38.139998999999996,37.727413,1601400
3772,2009-12-23,38.189999,38.52,37.91,38.48,38.06374,1815400
3773,2009-12-24,38.490002000000004,38.990002000000004,38.48,38.68,38.261573999999996,596600
3774,2009-12-28,38.650002,38.970001,38.360001000000004,38.490002000000004,38.073627,1096200
3775,2009-12-29,38.639998999999996,38.759997999999996,38.41,38.490002000000004,38.073627,965200
3776,2009-12-30,38.470001,38.470001,37.75,37.919998,37.509792,1094000
3777,2009-12-31,37.950001,38.240002000000004,37.57,37.610001000000004,37.203152,1046100
3778,2010-01-04,38.099998,38.459998999999996,37.93,38.450001,38.034061,1728500
3779,2010-01-05,38.450001,39.0,38.23,38.959998999999996,38.538544,1510300
3780,2010-01-06,38.849998,40.299999,38.799999,40.25,39.81459,2579500
3781,2010-01-07,40.459998999999996,41.939999,40.439999,41.84,41.38739,3467400
3782,2010-01-08,41.630001,42.080002,41.419998,41.740002000000004,41.288475,1917700
3783,2010-01-11,41.970001,42.220001,41.259997999999996,41.310001,40.863125,1510500
3784,2010-01-12,40.91,41.389998999999996,40.330002,41.189999,40.744423,1558400
3785,2010-01-13,41.150002,41.419998,40.02,40.93,40.487235999999996,1592400
3786,2010-01-14,40.919998,41.360001000000004,40.68,41.09,40.645503999999995,1056700
3787,2010-01-15,40.900002,41.310001,40.040001000000004,40.27,39.834373,1556700
3788,2010-01-19,40.32,40.59,40.040001000000004,40.59,40.150913,1488100
3789,2010-01-20,40.200001,40.25,39.599998,40.139998999999996,39.70578,2065900
3790,2010-01-21,40.080002,40.299999,39.369999,39.900002,39.468376,3164200
3791,2010-01-22,39.709998999999996,40.439999,39.18,39.66,39.230971999999994,3511300
3792,2010-01-25,39.880001,40.279999,39.549999,39.950001,39.517838,2594600
3793,2010-01-26,41.09,41.09,38.889998999999996,38.939999,38.518764000000004,2359800
3794,2010-01-27,39.540001000000004,39.900002,38.759997999999996,39.419998,38.993565000000004,2451100
3795,2010-01-28,39.689999,39.740002000000004,37.880001,38.080002,37.668068,2287400
3796,2010-01-29,38.189999,39.189999,37.68,37.790001000000004,37.381207,1793000
3797,2010-02-01,38.049999,38.380001,37.919998,38.310001,37.895579999999995,1852000
3798,2010-02-02,37.220001,37.900002,36.799999,37.349998,36.945957,3222000
3799,2010-02-03,37.860001000000004,38.450001,37.360001000000004,37.57,37.163582,1871600
3800,2010-02-04,37.169998,37.380001,36.169998,36.18,35.78862,1750000
3801,2010-02-05,36.220001,36.299999,35.02,35.93,35.541325,2339900
3802,2010-02-08,36.009997999999996,36.849998,35.389998999999996,36.23,35.838074,1974000
3803,2010-02-09,36.740002000000004,37.110001000000004,36.18,36.700001,36.302994,1783800
3804,2010-02-10,36.720001,36.84,36.07,36.290001000000004,35.89743,1326100
3805,2010-02-11,36.25,36.860001000000004,36.060001,36.799999,36.401909,1506000
3806,2010-02-12,36.34,36.57,35.869999,36.5,36.105156,1314500
3807,2010-02-16,37.0,38.360001000000004,36.849998,38.27,37.856007,2295400
3808,2010-02-17,38.59,38.810001,38.189999,38.740002000000004,38.320927000000005,1343100
3809,2010-02-18,38.580002,39.439999,38.580002,39.360001000000004,38.934219,980800
3810,2010-02-19,39.110001000000004,39.5,38.860001000000004,39.32,38.89465,1383800
3811,2010-02-22,39.509997999999996,39.68,39.110001000000004,39.32,38.89465,889600
3812,2010-02-23,39.130001,39.259997999999996,38.549999,38.869999,38.449515999999996,1764600
3813,2010-02-24,38.810001,39.709998999999996,38.810001,39.470001,39.04303,1708800
3814,2010-02-25,38.860001000000004,39.450001,38.439999,39.400002,38.973785,1317400
3815,2010-02-26,39.240002000000004,39.48,38.709998999999996,38.799999,38.380276,1861400
3816,2010-03-01,38.91,39.709998999999996,38.91,39.43,39.00346,1188500
3817,2010-03-02,39.639998999999996,39.959998999999996,39.529999,39.869999,39.438697999999995,1474400
3818,2010-03-03,39.950001,40.799999,39.880001,40.310001,39.873943,1652400
3819,2010-03-04,40.349998,40.560001,40.029999,40.189999,39.755238,951700
3820,2010-03-05,40.380001,41.439999,40.380001,41.439999,40.991718,1835500
3821,2010-03-08,41.93,42.970001,41.849998,42.009997999999996,41.55555,1969800
3822,2010-03-09,42.869999,43.5,42.389998999999996,42.849998,42.386459,2269400
3823,2010-03-10,42.869999,43.259997999999996,42.73,42.900002,42.435928000000004,1365700
3824,2010-03-11,42.720001,43.369999,42.380001,43.25,42.782139,1169800
3825,2010-03-12,43.450001,43.689999,43.130001,43.549999,43.078896,888900
3826,2010-03-15,43.549999,43.639998999999996,42.73,43.43,42.960190000000004,997100
3827,2010-03-16,43.490002000000004,44.0,43.259997999999996,43.970001,43.49435,1104200
3828,2010-03-17,44.150002,45.040001000000004,44.150002,44.43,43.949371,1885200
3829,2010-03-18,44.310001,44.43,43.41,43.849998,43.375648,1184700
3830,2010-03-19,43.099998,44.209998999999996,42.98,43.099998,42.633759000000005,1686800
3831,2010-03-22,42.939999,43.610001000000004,42.73,43.400002,42.930515,854300
3832,2010-03-23,43.509997999999996,44.369999,43.349998,44.240002000000004,43.761433000000004,1112200
3833,2010-03-24,44.900002,46.130001,44.900002,45.970001,45.472716999999996,3428500
3834,2010-03-25,46.110001000000004,46.299999,45.299999,45.41,44.91877,1594900
3835,2010-03-26,45.490002000000004,45.599998,44.630001,44.869999,44.384609000000005,1256900
3836,2010-03-29,45.049999,45.740002000000004,44.939999,45.650002,45.156178000000004,1140900
3837,2010-03-30,45.610001000000004,45.869999,45.139998999999996,45.41,44.91877,1231300
3838,2010-03-31,45.200001,45.509997999999996,45.0,45.189999,44.701153000000005,1030700
3839,2010-04-01,45.52,46.07,45.43,45.77,45.274876,1052200
3840,2010-04-05,45.970001,46.400002,45.779999,46.169998,45.670547,1168800
3841,2010-04-06,45.880001,46.259997999999996,45.279999,45.41,44.91877,2614800
3842,2010-04-07,45.150002,45.689999,43.869999,44.369999,43.890018,2786600
3843,2010-04-08,44.09,44.43,43.830002,44.279999,43.800995,1845700
3844,2010-04-09,44.360001000000004,48.279999,44.18,47.610001000000004,47.094975,9764800
3845,2010-04-12,47.360001000000004,47.360001000000004,46.439999,46.740002000000004,46.234386,2165900
3846,2010-04-13,46.709998999999996,47.48,46.619999,47.349998,46.837784,2009200
3847,2010-04-14,47.580002,47.939999,47.119999,47.860001000000004,47.34227,1215800
3848,2010-04-15,47.700001,48.240002000000004,47.5,47.91,47.391731,956300
3849,2010-04-16,47.77,47.799999,46.25,46.900002,46.392658000000004,1783500
3850,2010-04-19,46.700001,47.189999,46.110001000000004,46.77,46.264065,1383500
3851,2010-04-20,47.220001,47.849998,46.759997999999996,47.57,47.055405,1065000
3852,2010-04-21,47.66,48.34,47.400002,48.130001,47.609352,1122600
3853,2010-04-22,47.709998999999996,48.900002,46.919998,48.849998,48.32156,1203000
3854,2010-04-23,48.900002,49.439999,48.490002000000004,49.209998999999996,48.677665999999995,1276200
3855,2010-04-26,49.610001000000004,49.700001,48.200001,48.669998,48.143505,1837500
3856,2010-04-27,46.790001000000004,50.68,46.080002,47.459998999999996,46.946594,3841600
3857,2010-04-28,47.860001000000004,49.16,47.860001000000004,48.380001,47.856644,1745200
3858,2010-04-29,49.139998999999996,50.02,48.849998,49.970001,49.429446999999996,1557700
3859,2010-04-30,50.119999,50.200001,48.119999,48.220001,47.69838,1808100
3860,2010-05-03,48.66,49.290001000000004,48.16,49.130001,48.59853,1600700
3861,2010-05-04,48.360001000000004,48.75,46.209998999999996,46.48,45.9772,2904700
3862,2010-05-05,46.0,46.389998999999996,45.02,45.709998999999996,45.215523,2166200
3863,2010-05-06,45.369999,46.330002,41.150002,44.27,43.791107000000004,2277300
3864,2010-05-07,43.889998999999996,44.25,41.400002,42.349998,41.891872,3259500
3865,2010-05-10,44.389998999999996,45.810001,44.240002000000004,45.16,44.671473999999996,2322300
3866,2010-05-11,44.48,45.860001000000004,43.950001,44.740002000000004,44.25602,2478000
3867,2010-05-12,45.009997999999996,46.869999,45.0,46.799999,46.293735999999996,1892800
3868,2010-05-13,46.709998999999996,47.419998,46.220001,46.689999,46.184921,2018500
3869,2010-05-14,46.330002,46.34,45.18,46.110001000000004,45.611202,2590300
3870,2010-05-17,46.18,46.73,44.639998999999996,45.889998999999996,45.393578000000005,1998100
3871,2010-05-18,46.439999,47.200001,44.880001,45.049999,44.562664,1434300
3872,2010-05-19,44.689999,44.919998,42.290001000000004,43.07,42.604084,3342300
3873,2010-05-20,42.0,42.09,40.5,40.790001000000004,40.348746999999996,2706200
3874,2010-05-21,40.150002,42.299999,40.0,42.060001,41.605015,2312100
3875,2010-05-24,41.93,41.959998999999996,40.720001,40.799999,40.358639000000004,1450300
3876,2010-05-25,40.0,40.66,39.330002,40.639998999999996,40.200375,2654500
3877,2010-05-26,41.130001,41.779999,40.369999,40.470001,40.032211,1447100
3878,2010-05-27,41.560001,42.459998999999996,41.380001,42.43,41.971008000000005,1544700
3879,2010-05-28,42.48,42.48,41.369999,41.759997999999996,41.308254,1125600
3880,2010-06-01,41.41,41.900002,40.119999,40.23,39.794807,1309000
3881,2010-06-02,40.720001,42.580002,40.07,42.580002,42.119392,3501100
3882,2010-06-03,43.240002000000004,43.919998,42.82,43.700001,43.227272,3806800
3883,2010-06-04,42.110001000000004,42.299999,40.049999,40.139998999999996,39.70578,2686000
3884,2010-06-07,39.720001,40.0,38.419998,38.540001000000004,38.123093,2190700
3885,2010-06-08,38.73,39.5,38.360001000000004,39.380001,38.954006,2044900
3886,2010-06-09,39.759997999999996,40.98,39.369999,39.619999,39.191406,1552500
3887,2010-06-10,40.650002,41.200001,40.369999,41.150002,40.704857000000004,1279500
3888,2010-06-11,40.52,40.990002000000004,40.02,40.82,40.378426,1649300
3889,2010-06-14,41.669998,41.990002000000004,40.650002,40.779999,40.33886,1207400
3890,2010-06-15,41.209998999999996,41.869999,40.759997999999996,41.790001000000004,41.337936,1453100
3891,2010-06-16,41.459998999999996,42.259997999999996,41.369999,41.799999,41.347823999999996,1212100
3892,2010-06-17,41.93,41.98,40.880001,41.529999,41.080742,1104800
3893,2010-06-18,41.59,41.700001,41.25,41.619999,41.169773,1166100
3894,2010-06-21,42.23,42.84,41.43,41.66,41.209334999999996,1132500
3895,2010-06-22,41.669998,42.200001,40.509997999999996,40.630001,40.190483,758100
3896,2010-06-23,40.77,40.799999,39.459998999999996,40.41,39.972858,1260200
3897,2010-06-24,40.23,40.41,39.240002000000004,39.360001000000004,38.934219,1096400
3898,2010-06-25,39.57,39.869999,38.959998999999996,39.5,39.072703999999995,1890000
3899,2010-06-28,39.099998,39.279999,38.57,38.869999,38.449515999999996,1045400
3900,2010-06-29,38.310001,38.459998999999996,36.540001000000004,36.91,36.510719,1971700
3901,2010-06-30,36.610001000000004,37.470001,36.369999,36.439999,36.045803,1442200
3902,2010-07-01,35.98,36.09,34.91,35.849998,35.462189,2248800
3903,2010-07-02,35.84,36.07,35.009997999999996,35.43,35.046734,1467300
3904,2010-07-06,36.139998999999996,36.82,35.599998,36.07,35.679809999999996,1260900
3905,2010-07-07,36.049999,37.369999,35.919998,37.310001,36.906395,1271300
3906,2010-07-08,37.509997999999996,37.779999,36.82,37.369999,36.965744,1646900
3907,2010-07-09,37.490002000000004,38.060001,37.07,37.970001,37.559258,821000
3908,2010-07-12,37.700001,37.889998999999996,37.16,37.360001000000004,36.955853000000005,825400
3909,2010-07-13,37.830002,38.869999,37.830002,38.66,38.241795,846900
3910,2010-07-14,38.41,38.669998,38.040001000000004,38.48,38.06374,930800
3911,2010-07-15,38.470001,38.52,37.060001,37.73,37.321853999999995,1395900
3912,2010-07-16,37.310001,37.349998,36.139998999999996,36.189999,35.798508,1301800
3913,2010-07-19,36.709998999999996,36.740002000000004,35.950001,36.509997999999996,36.115047,715700
3914,2010-07-20,35.98,37.68,35.98,37.610001000000004,37.203152,929600
3915,2010-07-21,37.810001,37.84,36.740002000000004,36.950001,36.550289,1116800
3916,2010-07-22,37.669998,38.82,37.669998,38.59,38.17255,879100
3917,2010-07-23,38.59,39.360001000000004,38.299999,39.299999,38.874866,753200
3918,2010-07-26,39.790001000000004,40.0,39.080002,39.970001,39.537624,1202800
3919,2010-07-27,39.150002,39.150002,36.869999,37.09,36.688774,3992200
3920,2010-07-28,37.130001,37.189999,35.610001000000004,36.130001,35.739162,3173300
3921,2010-07-29,36.34,36.380001,35.919998,35.98,35.590782,2225300
3922,2010-07-30,35.619999,36.740002000000004,35.310001,36.57,36.1744,2389900
3923,2010-08-02,37.25,37.709998999999996,36.849998,37.669998,37.262501,1651200
3924,2010-08-03,37.450001,37.720001,36.959998999999996,37.23,36.827259000000005,1515300
3925,2010-08-04,37.27,37.57,36.849998,37.029999,36.629425,1318000
3926,2010-08-05,36.790001000000004,37.18,36.349998,36.529999,36.134834000000005,1774700
3927,2010-08-06,36.110001000000004,36.740002000000004,35.700001,36.709998999999996,36.312889,1392900
3928,2010-08-09,36.919998,36.98,36.34,36.830002,36.431591,1330500
3929,2010-08-10,36.25,36.66,35.93,36.450001,36.055698,1352500
3930,2010-08-11,35.740002000000004,35.740002000000004,35.09,35.150002,34.76976,1768700
3931,2010-08-12,34.990002000000004,35.400002,34.650002,35.099998,34.720299,1237400
3932,2010-08-13,35.0,35.5,34.959998999999996,35.16,34.779652,805000
3933,2010-08-16,34.970001,35.5,34.75,35.07,34.690624,958300
3934,2010-08-17,35.48,36.389998999999996,35.290001000000004,35.66,35.274242,1293000
3935,2010-08-18,35.57,36.360001000000004,35.41,36.049999,35.660022999999995,1147900
3936,2010-08-19,35.84,36.0,35.470001,35.779999,35.392944,1369400
3937,2010-08-20,35.470001,35.759997999999996,35.220001,35.400002,35.017056,1481600
3938,2010-08-23,35.709998999999996,36.040001000000004,35.09,35.099998,34.720299,628100
3939,2010-08-24,34.790001000000004,35.27,34.389998999999996,35.09,34.710407000000004,1812600
3940,2010-08-25,34.66,35.220001,34.5,35.060001,34.680737,1234400
3941,2010-08-26,35.27,35.610001000000004,34.700001,34.860001000000004,34.482895,1181900
3942,2010-08-27,35.09,35.57,34.73,35.540001000000004,35.15554,1100000
3943,2010-08-30,35.419998,35.790001000000004,34.799999,34.82,34.443333,1000200
3944,2010-08-31,34.52,34.990002000000004,34.400002,34.68,34.304844,1240800
3945,2010-09-01,35.240002000000004,36.060001,35.240002000000004,36.0,35.610565,1320100
3946,2010-09-02,36.16,36.959998999999996,36.040001000000004,36.810001,36.411804,1014800
3947,2010-09-03,37.139998999999996,37.490002000000004,36.630001,37.119999,36.718449,757600
3948,2010-09-07,36.82,37.59,36.82,37.32,36.916290000000004,1545300
3949,2010-09-08,37.360001000000004,37.450001,36.91,37.049999,36.649204,1008200
3950,2010-09-09,37.490002000000004,37.540001000000004,36.669998,36.959998999999996,36.560181,600600
3951,2010-09-10,37.07,37.459998999999996,36.799999,36.84,36.441479,797800
3952,2010-09-13,37.18,37.400002,36.720001,37.049999,36.649204,1500600
3953,2010-09-14,36.990002000000004,36.990002000000004,36.419998,36.43,36.035911999999996,1151300
3954,2010-09-15,36.349998,36.66,36.040001000000004,36.27,35.877646999999996,1551300
3955,2010-09-16,36.18,36.369999,35.57,36.029999,35.640240000000006,1110100
3956,2010-09-17,36.299999,36.380001,35.73,36.110001000000004,35.719376000000004,972300
3957,2010-09-20,36.389998999999996,36.959998999999996,36.150002,36.900002,36.500832,987900
3958,2010-09-21,36.919998,37.34,36.75,37.009997999999996,36.609638000000004,1061200
3959,2010-09-22,37.0,37.5,36.75,37.060001,36.6591,1009700
3960,2010-09-23,36.709998999999996,37.049999,36.43,36.59,36.194183,1106000
3961,2010-09-24,37.150002,37.59,37.080002,37.41,37.005314,871800
3962,2010-09-27,37.41,38.200001,37.09,37.720001,37.311958000000004,1165700
3963,2010-09-28,37.860001000000004,37.880001,37.169998,37.75,37.341637,1063100
3964,2010-09-29,37.669998,38.869999,37.52,38.639998999999996,38.222004,1509200
3965,2010-09-30,39.02,39.279999,38.400002,38.700001,38.281361,1391000
3966,2010-10-01,39.040001000000004,39.630001,38.970001,39.009997999999996,38.588009,1502800
3967,2010-10-04,38.93,39.119999,38.150002,38.349998,37.935143,922700
3968,2010-10-05,38.75,40.119999,38.75,39.93,39.498055,1536700
3969,2010-10-06,39.860001000000004,40.400002,39.75,40.330002,39.893723,1343800
3970,2010-10-07,40.540001000000004,40.540001000000004,39.470001,39.669998,39.240868,2142300
3971,2010-10-08,39.77,40.400002,39.630001,40.23,39.794807,685700
3972,2010-10-11,40.279999,40.400002,39.720001,39.849998,39.418919,684500
3973,2010-10-12,39.73,39.950001,39.049999,39.869999,39.438697999999995,647400
3974,2010-10-13,40.110001000000004,40.82,39.970001,40.52,40.081672999999995,994700
3975,2010-10-14,40.580002,40.689999,39.549999,39.919998,39.488159,1031400
3976,2010-10-15,40.16,40.16,39.189999,39.380001,38.954006,1181600
3977,2010-10-18,39.459998999999996,39.849998,39.07,39.68,39.250759,1120600
3978,2010-10-19,39.080002,39.369999,38.419998,38.630001,38.212115999999995,1239500
3979,2010-10-20,38.779999,39.470001,38.779999,39.23,38.805626000000004,817100
3980,2010-10-21,39.470001,39.779999,39.060001,39.349998,38.924324,775700
3981,2010-10-22,39.5,39.580002,39.029999,39.209998999999996,38.785843,536700
3982,2010-10-25,39.509997999999996,39.73,39.0,39.060001,38.637463000000004,921300
3983,2010-10-26,38.790001000000004,39.240002000000004,38.5,39.189999,38.766056,767700
3984,2010-10-27,38.860001000000004,38.860001000000004,37.75,38.07,37.658173,1312300
3985,2010-10-28,38.279999,38.93,38.189999,38.740002000000004,38.320927000000005,1096300
3986,2010-10-29,38.650002,38.900002,38.439999,38.610001000000004,38.192329,957600
3987,2010-11-01,38.830002,39.41,38.669998,38.91,38.489086,676900
3988,2010-11-02,39.369999,39.779999,39.240002000000004,39.630001,39.201298,795700
3989,2010-11-03,39.669998,39.700001,38.810001,39.549999,39.122166,741800
3990,2010-11-04,39.970001,41.130001,39.950001,41.110001000000004,40.665287,1225600
3991,2010-11-05,41.09,42.560001,40.91,42.48,42.020466,1901000
3992,2010-11-08,42.200001,42.82,42.150002,42.759997999999996,42.297443,1236200
3993,2010-11-09,42.830002,43.220001,42.259997999999996,42.610001000000004,42.149059,1105600
3994,2010-11-10,42.689999,42.77,42.130001,42.740002000000004,42.277653,794600
3995,2010-11-11,42.23,42.759997999999996,42.150002,42.529999,42.069922999999996,965700
3996,2010-11-12,42.240002000000004,42.549999,41.560001,41.720001,41.268688,971500
3997,2010-11-15,41.849998,42.400002,41.849998,42.07,41.614899,1064100
3998,2010-11-16,41.25,41.639998999999996,39.700001,39.950001,39.517838,2188300
3999,2010-11-17,40.029999,41.009997999999996,39.950001,40.25,39.81459,1463600
4000,2010-11-18,40.799999,42.139998999999996,40.689999,40.869999,40.427883,1844500
4001,2010-11-19,40.889998999999996,41.150002,40.080002,40.330002,39.893723,1522100
4002,2010-11-22,40.169998,40.169998,38.98,39.619999,39.191406,2881400
4003,2010-11-23,39.240002000000004,39.310001,38.5,39.009997999999996,38.588009,2702700
4004,2010-11-24,39.59,39.869999,39.349998,39.630001,39.201298,985800
4005,2010-11-26,39.130001,39.330002,38.900002,38.91,38.489086,548400
4006,2010-11-29,38.34,39.099998,37.389998999999996,38.880001,38.459415,1819000
4007,2010-11-30,38.41,38.82,38.16,38.5,38.083519,1158800
4008,2010-12-01,39.200001,39.5,39.130001,39.34,38.914436,1005900
4009,2010-12-02,39.299999,40.84,39.16,40.639998999999996,40.200375,1566200
4010,2010-12-03,40.419998,41.330002,40.18,41.279999,40.833447,1133700
4011,2010-12-06,41.380001,41.889998999999996,41.290001000000004,41.669998,41.219227000000004,1223100
4012,2010-12-07,42.119999,42.189999,41.369999,41.68,41.229126,1020100
4013,2010-12-08,41.779999,42.099998,41.700001,41.869999,41.417065,1018800
4014,2010-12-09,42.130001,42.310001,41.869999,42.23,41.773174,918000
4015,2010-12-10,42.389998999999996,43.060001,42.150002,42.860001000000004,42.396355,765100
4016,2010-12-13,43.049999,43.34,42.900002,42.939999,42.475491,1004600
4017,2010-12-14,43.07,43.509997999999996,42.709998999999996,42.830002,42.366684,846100
4018,2010-12-15,42.889998999999996,43.18,41.98,42.060001,41.605015,984400
4019,2010-12-16,42.040001000000004,42.48,41.799999,42.48,42.020466,781400
4020,2010-12-17,42.419998,43.59,42.240002000000004,43.52,43.049217,1463600
4021,2010-12-20,43.630001,44.02,43.509997999999996,43.75,43.276726000000004,1405900
4022,2010-12-21,43.990002000000004,44.200001,43.880001,44.150002,43.672401,878600
4023,2010-12-22,44.360001000000004,47.970001,44.279999,46.32,45.818923999999996,4111300
4024,2010-12-23,46.290001000000004,46.380001,45.119999,45.82,45.324337,1433900
4025,2010-12-27,45.560001,45.810001,45.299999,45.779999,45.284766999999995,478900
4026,2010-12-28,45.830002,46.169998,45.450001,45.869999,45.373798,585000
4027,2010-12-29,46.009997999999996,46.360001000000004,45.970001,46.110001000000004,45.611202,454900
4028,2010-12-30,45.950001,46.200001,45.869999,45.98,45.482609000000004,318600
4029,2010-12-31,45.82,46.110001000000004,45.700001,45.849998,45.354012,491200
4030,2011-01-03,46.209998999999996,47.380001,45.919998,46.98,46.471786,1109200
4031,2011-01-04,47.0,47.040001000000004,45.970001,46.040001000000004,45.541962,1286700
4032,2011-01-05,45.900002,46.049999,45.299999,45.490002000000004,44.99791,1276300
4033,2011-01-06,45.490002000000004,45.990002000000004,45.400002,45.669998,45.175957000000004,1198600
4034,2011-01-07,45.75,46.099998,44.919998,45.27,44.780285,857100
4035,2011-01-10,45.630001,45.950001,45.32,45.880001,45.383686,1768500
4036,2011-01-11,46.169998,47.16,45.880001,47.099998,46.590488,1914600
4037,2011-01-12,47.400002,48.790001000000004,47.400002,48.68,48.1534,2268700
4038,2011-01-13,48.549999,49.0,48.189999,48.75,48.222637,1367800
4039,2011-01-14,48.709998999999996,55.73,48.709998999999996,51.02,50.468086,2964000
4040,2011-01-18,50.709998999999996,51.200001,50.290001000000004,51.16,50.606567,1203200
4041,2011-01-19,51.060001,51.41,49.529999,50.09,49.548140999999994,1498500
4042,2011-01-20,50.169998,50.200001,48.869999,49.32,48.786476,1499500
4043,2011-01-21,49.860001000000004,50.349998,49.240002000000004,49.720001,49.182148,1267100
4044,2011-01-24,49.959998999999996,50.98,49.650002,50.32,49.775653999999996,1211300
4045,2011-01-25,48.400002,49.529999,48.080002,49.490002000000004,48.954639,2682400
4046,2011-01-26,51.07,53.119999,51.07,53.009997999999996,52.436558,4299200
4047,2011-01-27,52.860001000000004,52.860001000000004,51.25,52.099998,51.536404,1143200
4048,2011-01-28,52.209998999999996,52.5,49.91,49.950001,49.409659999999995,1582000
4049,2011-01-31,50.07,51.68,49.740002000000004,51.369999,50.814301,1351600
4050,2011-02-01,52.099998,52.669998,51.98,52.529999,51.96175,1175500
4051,2011-02-02,52.119999,52.59,51.779999,52.130001,51.566078000000005,909000
4052,2011-02-03,51.880001,52.080002,50.939999,51.849998,51.289108,784500
4053,2011-02-04,51.990002000000004,52.200001,51.509997999999996,52.099998,51.536404,1278300
4054,2011-02-07,52.139998999999996,53.18,52.139998999999996,52.939999,52.367313,782600
4055,2011-02-08,52.880001,53.0,52.169998,52.799999,52.228828,1193600
4056,2011-02-09,52.470001,52.549999,50.970001,51.48,50.923107,1282600
4057,2011-02-10,51.07,51.959998999999996,51.02,51.849998,51.289108,861800
4058,2011-02-11,51.450001,52.200001,51.380001,52.139998999999996,51.57597,755700
4059,2011-02-14,52.169998,52.400002,51.82,51.860001000000004,51.298996,1072400
4060,2011-02-15,51.68,51.68,50.73,50.740002000000004,50.191116,1051100
4061,2011-02-16,51.02,51.82,50.98,51.709998999999996,51.15062,929100
4062,2011-02-17,51.580002,52.099998,51.189999,52.009997999999996,51.447371999999994,773200
4063,2011-02-18,51.990002000000004,52.0,51.09,51.549999,50.992354999999996,782400
4064,2011-02-22,50.990002000000004,50.990002000000004,48.959998999999996,49.09,48.558964,1503400
4065,2011-02-23,48.869999,49.419998,47.169998,48.470001,47.945671000000004,2287900
4066,2011-02-24,48.349998,49.5,47.950001,48.830002,48.301781,1274000
4067,2011-02-25,49.060001,49.799999,49.02,49.669998,49.132687,879700
4068,2011-02-28,49.84,50.130001,49.34,50.060001,49.518471000000005,906000
4069,2011-03-01,50.200001,50.259997999999996,49.209998999999996,49.529999,48.994202,1990300
4070,2011-03-02,49.32,50.639998999999996,49.32,49.849998,49.310741,1842700
4071,2011-03-03,50.540001000000004,50.849998,50.25,50.810001,50.260357,1698300
4072,2011-03-04,50.73,50.84,49.279999,49.599998,49.063441999999995,2024700
4073,2011-03-07,49.810001,49.82,47.91,48.139998999999996,47.619236,2349200
4074,2011-03-08,48.549999,49.119999,47.98,48.639998999999996,48.113831,752900
4075,2011-03-09,48.419998,48.990002000000004,48.0,48.560001,48.034698,855000
4076,2011-03-10,47.77,47.959998999999996,47.049999,47.110001000000004,46.60038,1308300
4077,2011-03-11,47.099998,49.150002,47.09,49.080002,48.549071999999995,1454300
4078,2011-03-14,48.450001,49.389998999999996,47.990002000000004,48.799999,48.272099,1775400
4079,2011-03-15,47.049999,48.98,47.049999,48.580002,48.054482,1334800
4080,2011-03-16,48.34,48.700001,46.880001,47.490002000000004,46.976276,1259300
4081,2011-03-17,48.619999,48.919998,47.77,48.029999,47.510426,1250800
4082,2011-03-18,49.349998,49.349998,48.490002000000004,48.66,48.133614,1004000
4083,2011-03-21,49.509997999999996,49.619999,49.009997999999996,49.400002,48.865612,1241100
4084,2011-03-22,49.369999,49.369999,47.849998,48.119999,47.599453000000004,1524700
4085,2011-03-23,47.880001,48.34,47.32,48.049999,47.530212,744100
4086,2011-03-24,48.369999,48.759997999999996,47.84,48.560001,48.034698,647900
4087,2011-03-25,48.68,49.139998999999996,48.419998,48.73,48.202853999999995,652200
4088,2011-03-28,48.779999,48.93,48.23,48.240002000000004,47.718163,806300
4089,2011-03-29,49.150002,49.5,48.77,49.34,48.806255,1434100
4090,2011-03-30,49.560001,51.27,49.450001,51.080002,50.527439,1932200
4091,2011-03-31,51.0,51.490002000000004,50.740002000000004,51.43,50.87365,1299900
4092,2011-04-01,51.84,52.439999,51.259997999999996,51.540001000000004,50.982456,1316500
4093,2011-04-04,51.610001000000004,51.84,51.169998,51.810001,51.249542,975200
4094,2011-04-05,51.720001,52.299999,51.349998,51.939999,51.378132,1308800
4095,2011-04-06,52.07,52.490002000000004,51.509997999999996,51.970001,51.40781,927300
4096,2011-04-07,51.84,52.130001,51.470001,51.540001000000004,50.982456,866100
4097,2011-04-08,52.060001,52.060001,50.299999,50.59,50.042736,760800
4098,2011-04-11,50.52,50.52,49.470001,49.68,49.142582,1199800
4099,2011-04-12,49.130001,49.5,48.189999,48.32,47.797290999999994,1392500
4100,2011-04-13,48.68,48.849998,47.790001000000004,47.970001,47.45108,1529500
4101,2011-04-14,47.720001,48.259997999999996,47.52,48.130001,47.609352,994300
4102,2011-04-15,48.209998999999996,49.75,48.189999,49.59,49.053554999999996,1821800
4103,2011-04-18,49.049999,49.049999,47.869999,48.389998999999996,47.866535,1375000
4104,2011-04-19,48.619999,49.720001,48.619999,49.25,48.717236,1261900
4105,2011-04-20,50.189999,50.34,49.700001,50.259997999999996,49.716301,1698600
4106,2011-04-21,50.650002,51.369999,50.419998,51.349998,50.794514,1238000
4107,2011-04-25,51.349998,51.540001000000004,50.740002000000004,51.34,50.784622,1444500
4108,2011-04-26,51.130001,51.790001000000004,49.23,49.529999,48.994202,2800000
4109,2011-04-27,49.84,50.07,48.580002,49.349998,48.816146999999994,1829400
4110,2011-04-28,49.060001,49.23,48.540001000000004,48.84,48.311665000000005,1516700
4111,2011-04-29,48.84,49.790001000000004,48.77,49.610001000000004,49.073341,1039600
4112,2011-05-02,49.880001,50.189999,48.540001000000004,48.669998,48.143505,1401200
4113,2011-05-03,48.41,48.509997999999996,47.939999,48.23,47.708263,1571400
4114,2011-05-04,48.150002,48.27,46.93,47.200001,46.689411,1684600
4115,2011-05-05,46.650002,47.43,46.110001000000004,46.810001,46.303627,2450800
4116,2011-05-06,47.630001,48.23,46.779999,47.040001000000004,46.531136,1501800
4117,2011-05-09,47.040001000000004,48.130001,46.970001,47.790001000000004,47.273026,1155600
4118,2011-05-10,48.080002,48.68,47.779999,48.610001000000004,48.084156,1375000
4119,2011-05-11,48.43,48.540001000000004,47.59,47.889998999999996,47.371944,1261100
4120,2011-05-12,47.59,47.93,46.759997999999996,47.360001000000004,46.847675,1185700
4121,2011-05-13,47.18,47.490002000000004,46.330002,46.59,46.086009999999995,1134900
4122,2011-05-16,46.990002000000004,46.990002000000004,46.139998999999996,46.25,45.74968,1453800
4123,2011-05-17,45.91,45.990002000000004,45.139998999999996,45.700001,45.205631,1883500
4124,2011-05-18,46.02,46.52,45.669998,46.369999,45.868384999999996,1214700
4125,2011-05-19,46.709998999999996,47.25,46.419998,47.130001,46.620166999999995,1757900
4126,2011-05-20,47.139998999999996,47.139998999999996,46.150002,46.25,45.74968,1401500
4127,2011-05-23,45.709998999999996,45.709998999999996,44.290001000000004,44.529999,44.048294,2085700
4128,2011-05-24,44.830002,44.98,44.0,44.139998999999996,43.66251,1585600
4129,2011-05-25,43.889998999999996,45.049999,43.82,44.610001000000004,44.127426,1456400
4130,2011-05-26,44.540001000000004,45.130001,44.189999,44.91,44.424183,1283700
4131,2011-05-27,45.150002,45.779999,45.049999,45.380001,44.889095000000005,1100200
4132,2011-05-31,45.869999,46.060001,45.450001,46.060001,45.561741,1188300
4133,2011-06-01,45.849998,46.060001,43.990002000000004,44.040001000000004,43.563595,1493100
4134,2011-06-02,44.060001,44.889998999999996,43.82,44.099998,43.62294,1533900
4135,2011-06-03,43.41,43.990002000000004,43.169998,43.459998999999996,42.989864000000004,1364000
4136,2011-06-06,43.290001000000004,43.450001,42.48,42.650002,42.188633,1362500
4137,2011-06-07,42.98,42.98,42.419998,42.439999,41.9809,1524600
4138,2011-06-08,42.259997999999996,42.400002,41.889998999999996,42.049999,41.595119,964200
4139,2011-06-09,42.150002,42.490002000000004,41.889998999999996,42.189999,41.733604,669100
4140,2011-06-10,41.889998999999996,42.09,41.25,41.509997999999996,41.060963,826500
4141,2011-06-13,41.549999,41.68,40.869999,41.360001000000004,40.912582,664800
4142,2011-06-14,41.919998,42.77,41.75,42.610001000000004,42.149059,1361100
4143,2011-06-15,42.080002,42.290001000000004,41.139998999999996,41.18,40.734531,973300
4144,2011-06-16,41.189999,41.549999,40.810001,41.139998999999996,40.694962,1192100
4145,2011-06-17,41.650002,41.860001000000004,40.759997999999996,40.950001,40.507019,1125300
4146,2011-06-20,40.720001,41.509997999999996,40.529999,41.27,40.823559,1023900
4147,2011-06-21,41.57,42.07,41.5,41.93,41.476418,1128300
4148,2011-06-22,41.77,42.330002,41.709998999999996,41.759997999999996,41.308254,860900
4149,2011-06-23,41.02,42.0,40.619999,41.919998,41.466522,1060300
4150,2011-06-24,41.93,42.220001,40.830002,40.880001,40.437775,1485800
4151,2011-06-27,40.790001000000004,41.209998999999996,40.709998999999996,40.990002000000004,40.546581,674800
4152,2011-06-28,41.259997999999996,42.080002,41.049999,42.009997999999996,41.55555,780500
4153,2011-06-29,42.150002,42.59,41.849998,42.349998,41.891872,834400
4154,2011-06-30,42.540001000000004,43.459998999999996,42.419998,43.25,42.782139,1080700
4155,2011-07-01,43.25,43.540001000000004,42.889998999999996,43.349998,42.881054,924600
4156,2011-07-05,43.32,43.369999,42.810001,43.049999,42.584301,666200
4157,2011-07-06,42.950001,43.349998,42.369999,43.119999,42.653542,830000
4158,2011-07-07,43.669998,43.959998999999996,43.470001,43.669998,43.197594,864900
4159,2011-07-08,42.939999,43.560001,42.73,43.48,43.009651,1159900
4160,2011-07-11,42.779999,42.790001000000004,41.610001000000004,41.639998999999996,41.189556,1298300
4161,2011-07-12,41.549999,42.330002,41.330002,41.400002,40.952152000000005,1553100
4162,2011-07-13,41.669998,42.34,41.459998999999996,41.580002,41.130203,1528300
4163,2011-07-14,41.689999,42.09,41.139998999999996,41.240002000000004,40.79388,1251700
4164,2011-07-15,41.299999,41.560001,40.82,41.560001,41.11042,1113100
4165,2011-07-18,41.32,41.380001,40.59,40.93,40.487235999999996,901900
4166,2011-07-19,41.220001,41.470001,40.75,41.459998999999996,41.011501,1307300
4167,2011-07-20,41.630001,41.91,41.310001,41.639998999999996,41.189556,877700
4168,2011-07-21,41.950001,43.02,41.73,42.950001,42.485386,1112100
4169,2011-07-22,42.779999,42.939999,42.310001,42.810001,42.346897,940600
4170,2011-07-25,42.02,43.41,42.02,43.0,42.534843,1125900
4171,2011-07-26,42.790001000000004,43.169998,40.84,41.23,40.783984999999994,1621600
4172,2011-07-27,40.919998,40.919998,39.540001000000004,39.84,39.409027,1431900
4173,2011-07-28,39.93,40.130001,38.990002000000004,39.16,38.736382,1368700
4174,2011-07-29,38.799999,39.610001000000004,38.5,39.139998999999996,38.716599,1419400
4175,2011-08-01,39.650002,39.830002,38.25,38.860001000000004,38.439625,1330300
4176,2011-08-02,38.560001,39.18,37.720001,37.720001,37.311958000000004,2015200
4177,2011-08-03,37.689999,38.220001,36.689999,38.080002,37.668068,2249600
4178,2011-08-04,37.330002,37.34,35.98,36.009997999999996,35.620453000000005,3549100
4179,2011-08-05,36.869999,37.110001000000004,34.720001,35.639998999999996,35.254459000000004,3205600
4180,2011-08-08,34.549999,35.060001,32.139998999999996,33.130001,32.771614,4910600
4181,2011-08-09,33.68,34.59,32.25,34.5,34.126789,4432400
4182,2011-08-10,33.599998,34.98,33.029999,33.32,32.959557000000004,3449200
4183,2011-08-11,33.740002000000004,35.810001,33.389998999999996,35.240002000000004,34.858788,2473500
4184,2011-08-12,35.689999,35.93,34.799999,35.23,34.848896,1456200
4185,2011-08-15,35.599998,36.099998,35.529999,36.049999,35.660022999999995,1826600
4186,2011-08-16,35.400002,35.740002000000004,34.810001,35.139998999999996,34.759869,1344500
4187,2011-08-17,35.41,35.889998999999996,34.619999,34.950001,34.571926,1215800
4188,2011-08-18,33.810001,33.84,32.209998999999996,32.560001,32.207783,1757400
4189,2011-08-19,32.099998,33.529999,31.690001000000002,31.879998999999998,31.535133000000002,2869200
4190,2011-08-22,32.830002,32.830002,32.07,32.259997999999996,31.911021999999996,1639900
4191,2011-08-23,32.380001,33.779999,31.940001000000002,33.759997999999996,33.394794,1447600
4192,2011-08-24,33.52,35.080002,33.52,34.970001,34.591709,1520500
4193,2011-08-25,35.150002,35.41,33.98,34.119999,33.750904,1742400
4194,2011-08-26,33.779999,35.48,33.470001,35.25,34.868679,1517400
4195,2011-08-29,35.700001,36.27,35.5,36.27,35.877646999999996,1144300
4196,2011-08-30,36.02,37.43,35.799999,37.130001,36.72834,1305800
4197,2011-08-31,37.470001,38.040001000000004,36.869999,37.240002000000004,36.837151,1168800
4198,2011-09-01,37.169998,37.630001,36.5,36.549999,36.154613,997000
4199,2011-09-02,35.5,35.799999,34.779999,35.029999,34.651058,852100
4200,2011-09-06,33.650002,35.439999,33.560001,35.139998999999996,34.759869,1251200
4201,2011-09-07,35.799999,37.41,35.790001000000004,37.110001000000004,36.708557,1259400
4202,2011-09-08,36.619999,37.150002,36.150002,36.310001,35.917217,1019200
4203,2011-09-09,35.860001000000004,36.02,34.860001000000004,35.23,34.848896,1249400
4204,2011-09-12,34.759997999999996,35.48,34.099998,34.849998,34.473003000000006,1752000
4205,2011-09-13,34.900002,35.91,34.849998,35.669998,35.284138,1220900
4206,2011-09-14,35.82,36.490002000000004,34.889998999999996,36.02,35.630348,1282600
4207,2011-09-15,36.41,36.869999,35.959998999999996,36.77,36.372238,877000
4208,2011-09-16,36.939999,37.009997999999996,36.119999,36.540001000000004,36.144726,1123600
4209,2011-09-19,35.849998,35.849998,35.02,35.59,35.205002,923600
4210,2011-09-20,35.790001000000004,36.310001,34.959998999999996,34.990002000000004,34.611492,1219900
4211,2011-09-21,34.990002000000004,35.34,33.869999,33.900002,33.533283000000004,1470800
4212,2011-09-22,32.759997999999996,33.810001,31.950001,32.509997999999996,32.158314000000004,3127000
4213,2011-09-23,32.240002000000004,34.0,32.200001,33.759997999999996,33.394794,1737300
4214,2011-09-26,34.220001,34.52,33.389998999999996,34.48,34.107006,1516700
4215,2011-09-27,35.48,35.919998,34.599998,34.84,34.463116,1339700
4216,2011-09-28,34.990002000000004,35.310001,33.68,33.810001,33.44426,1228400
4217,2011-09-29,34.68,35.189999,33.610001000000004,34.610001000000004,34.2356,1147000
4218,2011-09-30,33.939999,34.189999,32.240002000000004,32.290001000000004,31.940701,2845000
4219,2011-10-03,32.040001000000004,32.970001,31.200001,31.549999,31.208703999999997,3254500
4220,2011-10-04,31.120001000000002,33.5,30.74,33.459998999999996,33.098045,3700000
4221,2011-10-05,33.619999,34.27,32.970001,34.049999,33.68166,1693200
4222,2011-10-06,33.98,35.0,33.68,34.98,34.601597,1399800
4223,2011-10-07,35.139998999999996,35.220001,33.470001,34.169998,33.800358,1500000
4224,2011-10-10,34.970001,35.84,34.91,35.73,35.343486999999996,966300
4225,2011-10-11,35.259997999999996,36.799999,35.23,36.57,36.1744,1435900
4226,2011-10-12,36.880001,37.950001,36.540001000000004,37.459998999999996,37.054771,1310100
4227,2011-10-13,37.029999,37.48,36.439999,37.27,36.866825,1050400
4228,2011-10-14,37.860001000000004,38.0,37.419998,37.810001,37.400985999999996,1075100
4229,2011-10-17,37.549999,37.549999,36.259997999999996,36.380001,35.986458,822500
4230,2011-10-18,36.450001,37.66,35.919998,37.209998999999996,36.80748,1558300
4231,2011-10-19,37.330002,37.459998999999996,36.279999,36.43,36.035911999999996,1230000
4232,2011-10-20,36.32,36.669998,35.52,36.43,36.035911999999996,1216700
4233,2011-10-21,36.950001,37.98,36.720001,37.959998999999996,37.549362,1260000
4234,2011-10-24,38.02,38.919998,37.82,38.860001000000004,38.439625,1278200
4235,2011-10-25,38.529999,38.939999,37.509997999999996,38.009997999999996,37.59882,976200
4236,2011-10-26,38.759997999999996,39.060001,37.66,38.779999,38.360493,1334700
4237,2011-10-27,39.970001,41.48,39.490002000000004,40.900002,40.457561,1525800
4238,2011-10-28,40.75,41.68,40.349998,40.389998999999996,39.953075,1955900
4239,2011-10-31,39.82,39.919998,38.77,38.799999,38.380276,1799900
4240,2011-11-01,37.459998999999996,38.59,37.110001000000004,38.07,37.658173,1805800
4241,2011-11-02,38.360001000000004,39.549999,38.0,39.299999,38.874866,1360500
4242,2011-11-03,39.98,40.860001000000004,39.32,40.740002000000004,40.299294,1649400
4243,2011-11-04,39.98,40.130001,38.98,39.240002000000004,38.815517,1754000
4244,2011-11-07,39.209998999999996,39.52,38.169998,39.049999,38.627571,1374100
4245,2011-11-08,39.43,40.009997999999996,38.799999,39.939999,39.507942,1098000
4246,2011-11-09,38.700001,38.93,37.580002,37.77,37.361416,2024300
4247,2011-11-10,38.349998,38.599998,37.580002,37.889998999999996,37.480118,1521300
4248,2011-11-11,38.509997999999996,39.32,38.360001000000004,38.959998999999996,38.538544,1479600
4249,2011-11-14,38.689999,38.740002000000004,37.799999,38.139998999999996,37.727413,1545700
4250,2011-11-15,38.23,41.779999,38.139998999999996,41.169998,40.724632,4263000
4251,2011-11-16,40.720001,42.619999,40.450001,41.23,40.783984999999994,3322100
4252,2011-11-17,41.189999,41.919998,40.400002,40.82,40.378426,2280100
4253,2011-11-18,40.98,41.529999,40.560001,40.689999,40.249828,1293200
4254,2011-11-21,39.860001000000004,39.98,38.970001,39.669998,39.240868,1413600
4255,2011-11-22,39.650002,40.040001000000004,39.25,39.599998,39.171619,1313800
4256,2011-11-23,39.060001,39.279999,38.419998,38.490002000000004,38.073627,2179400
4257,2011-11-25,38.0,39.060001,38.0,38.509997999999996,38.09341,700900
4258,2011-11-28,39.869999,40.349998,39.349998,39.84,39.409027,1436200
4259,2011-11-29,39.880001,40.389998999999996,39.5,39.830002,39.399132,1489000
4260,2011-11-30,41.490002000000004,41.799999,40.990002000000004,41.540001000000004,41.090637,1548900
4261,2011-12-01,41.369999,41.630001,41.099998,41.27,40.823559,1153400
4262,2011-12-02,41.849998,42.82,41.700001,42.049999,41.595119,1951100
4263,2011-12-05,42.75,43.099998,42.34,42.650002,42.188633,1477400
4264,2011-12-06,42.830002,43.080002,42.23,42.610001000000004,42.149059,1247400
4265,2011-12-07,42.349998,43.0,42.240002000000004,42.759997999999996,42.297443,1540800
4266,2011-12-08,42.43,42.599998,41.650002,41.799999,41.347823999999996,1567800
4267,2011-12-09,41.810001,42.810001,41.59,42.529999,42.069922999999996,1039800
4268,2011-12-12,41.810001,41.84,41.290001000000004,41.709998999999996,41.258793,1013600
4269,2011-12-13,42.09,42.290001000000004,40.389998999999996,40.689999,40.249828,1446400
4270,2011-12-14,40.32,40.419998,39.34,39.75,39.32,1483500
4271,2011-12-15,40.439999,40.630001,39.599998,39.810001,39.379353,1480200
4272,2011-12-16,40.200001,40.740002000000004,39.630001,39.810001,39.379353,1666900
4273,2011-12-19,40.119999,40.16,38.389998999999996,38.529999,38.113197,1134500
4274,2011-12-20,39.330002,40.66,39.330002,40.259997999999996,39.824482,1649800
4275,2011-12-21,40.200001,40.259997999999996,39.200001,40.110001000000004,39.676105,1246300
4276,2011-12-22,40.32,40.959998999999996,40.080002,40.689999,40.249828,1441200
4277,2011-12-23,40.740002000000004,40.91,39.950001,40.889998999999996,40.44767,852500
4278,2011-12-27,40.709998999999996,41.369999,40.580002,41.09,40.645503999999995,730100
4279,2011-12-28,41.080002,41.139998999999996,39.990002000000004,40.139998999999996,39.70578,953300
4280,2011-12-29,40.330002,40.939999,40.259997999999996,40.860001000000004,40.417992,935300
4281,2011-12-30,40.810001,41.0,40.549999,40.580002,40.141026000000004,921700
4282,2012-01-03,41.59,42.049999,41.290001000000004,41.490002000000004,41.041176,1103800
4283,2012-01-04,41.220001,41.549999,40.849998,41.52,41.07085,1046500
4284,2012-01-05,41.139998999999996,41.470001,40.669998,41.279999,40.833447,928600
4285,2012-01-06,41.259997999999996,41.349998,40.880001,41.169998,40.724632,814300
4286,2012-01-09,41.150002,41.299999,40.529999,40.650002,40.210266,1045300
4287,2012-01-10,41.0,41.700001,40.950001,41.68,41.229126,1090700
4288,2012-01-11,41.450001,42.02,41.25,41.310001,40.863125,992600
4289,2012-01-12,41.369999,43.59,41.369999,43.470001,42.999756,2004200
4290,2012-01-13,43.130001,43.360001000000004,42.470001,43.0,42.534843,1476400
4291,2012-01-17,43.419998,43.880001,43.18,43.650002,43.177811,1023000
4292,2012-01-18,43.509997999999996,44.41,43.380001,44.240002000000004,43.761433000000004,856100
4293,2012-01-19,44.580002,45.709998999999996,44.540001000000004,45.16,44.671473999999996,1192700
4294,2012-01-20,45.209998999999996,45.490002000000004,45.060001,45.290001000000004,44.800067999999996,981700
4295,2012-01-23,45.360001000000004,45.990002000000004,45.139998999999996,45.299999,44.809959,1103400
4296,2012-01-24,44.98,45.529999,44.650002,45.529999,45.037468,724300
4297,2012-01-25,45.43,46.439999,45.18,46.310001,45.809036,1339900
4298,2012-01-26,45.419998,46.0,44.849998,45.279999,44.79018,2272300
4299,2012-01-27,45.169998,45.580002,44.91,45.189999,44.701153000000005,1014200
4300,2012-01-30,44.700001,44.860001000000004,44.060001,44.810001,44.325264000000004,1101200
4301,2012-01-31,45.240002000000004,45.419998,44.310001,44.759997999999996,44.275803,813100
4302,2012-02-01,45.27,46.400002,45.169998,46.25,45.74968,1016700
4303,2012-02-02,46.299999,46.610001000000004,46.02,46.119999,45.62109,797100
4304,2012-02-03,46.43,47.419998,46.25,47.209998999999996,46.699298999999996,1436100
4305,2012-02-06,46.98,47.07,46.189999,46.529999,46.026657,851700
4306,2012-02-07,46.27,46.369999,45.689999,46.139998999999996,45.640869,720200
4307,2012-02-08,46.119999,46.220001,45.5,45.830002,45.334232,572300
4308,2012-02-09,45.91,46.560001,45.799999,46.389998999999996,45.888168,565000
4309,2012-02-10,45.75,46.080002,45.32,45.849998,45.354012,667000
4310,2012-02-13,46.240002000000004,46.330002,45.41,46.290001000000004,45.789257,921200
4311,2012-02-14,46.07,46.27,45.73,45.990002000000004,45.492496,949200
4312,2012-02-15,46.07,46.07,44.439999,44.630001,44.147209000000004,1231800
4313,2012-02-16,44.779999,45.599998,44.759997999999996,45.48,44.988014,646000
4314,2012-02-17,45.779999,46.0,45.52,45.549999,45.057259,601500
4315,2012-02-21,45.830002,46.209998999999996,45.529999,45.619999,45.126499,995600
4316,2012-02-22,45.450001,45.450001,44.540001000000004,44.759997999999996,44.275803,912400
4317,2012-02-23,45.009997999999996,47.77,44.610001000000004,47.610001000000004,47.094975,2214300
4318,2012-02-24,47.700001,48.169998,47.110001000000004,47.189999,46.679520000000004,1496400
4319,2012-02-27,46.919998,47.330002,46.450001,47.049999,46.541031,860100
4320,2012-02-28,47.0,47.150002,46.540001000000004,46.98,46.471786,943800
4321,2012-02-29,47.0,47.380001,46.130001,46.220001,45.720013,829600
4322,2012-03-01,46.529999,47.349998,46.400002,47.279999,46.768539000000004,1193800
4323,2012-03-02,47.310001,47.389998999999996,47.02,47.18,46.669621,1298500
4324,2012-03-05,47.029999,47.549999,46.759997999999996,46.810001,46.303627,1566700
4325,2012-03-06,46.049999,46.049999,44.580002,44.830002,44.345046999999994,1210000
4326,2012-03-07,44.790001000000004,45.099998,44.529999,44.810001,44.325264000000004,1088100
4327,2012-03-08,45.25,45.43,44.5,45.150002,44.661587,725900
4328,2012-03-09,45.189999,45.75,45.119999,45.400002,44.908882,465500
4329,2012-03-12,45.48,45.950001,44.91,45.049999,44.562664,639400
4330,2012-03-13,45.509997999999996,46.41,45.32,46.400002,45.898067,628000
4331,2012-03-14,46.400002,46.540001000000004,45.650002,45.779999,45.284766999999995,890300
4332,2012-03-15,45.849998,47.02,45.599998,46.869999,46.362976,1075700
4333,2012-03-16,46.889998999999996,47.290001000000004,46.849998,46.889998999999996,46.382759,882000
4334,2012-03-19,46.630001,47.130001,46.380001,46.869999,46.362976,642900
4335,2012-03-20,46.380001,46.400002,45.599998,45.82,45.324337,842100
4336,2012-03-21,46.040001000000004,46.23,45.669998,45.93,45.433147,650900
4337,2012-03-22,45.529999,45.529999,44.299999,44.82,44.335159000000004,1015800
4338,2012-03-23,44.970001,45.02,44.029999,44.900002,44.414291,1061100
4339,2012-03-26,45.490002000000004,46.439999,45.330002,46.360001000000004,45.858498,1236800
4340,2012-03-27,46.330002,46.630001,46.0,46.459998999999996,45.957413,1796900
4341,2012-03-28,46.32,46.330002,44.810001,45.439999,44.948444,1196800
4342,2012-03-29,45.040001000000004,45.18,44.439999,44.849998,44.36483,967100
4343,2012-03-30,45.130001,45.470001,44.369999,44.369999,43.890018,1629500
4344,2012-04-02,44.209998999999996,45.0,43.84,44.75,44.265910999999996,1141600
4345,2012-04-03,44.57,44.900002,44.32,44.73,44.246128000000006,798700
4346,2012-04-04,44.279999,44.5,43.93,43.93,43.454781,961400
4347,2012-04-05,43.689999,44.139998999999996,43.5,43.77,43.296516,900900
4348,2012-04-09,42.759997999999996,43.099998,42.540001000000004,43.02,42.554629999999996,1403100
4349,2012-04-10,42.279999,42.91,41.889998999999996,41.919998,41.466522,1110000
4350,2012-04-11,42.68,42.900002,42.150002,42.669998,42.208412,791000
4351,2012-04-12,42.720001,43.740002000000004,42.650002,43.66,43.187706,740000
4352,2012-04-13,43.48,43.540001000000004,42.790001000000004,42.900002,42.435928000000004,1171900
4353,2012-04-16,43.119999,43.689999,42.93,43.279999,42.811813,1406900
4354,2012-04-17,43.73,44.580002,43.59,44.25,43.77132,818300
4355,2012-04-18,44.0,44.09,43.509997999999996,43.860001000000004,43.38554,818200
4356,2012-04-19,43.82,44.169998,42.790001000000004,43.18,42.712891,723900
4357,2012-04-20,43.349998,43.669998,43.0,43.18,42.712891,1045300
4358,2012-04-23,42.48,42.75,42.18,42.689999,42.228195,705400
4359,2012-04-24,42.779999,43.189999,42.59,42.880001,42.416142,681900
4360,2012-04-25,43.48,43.84,43.07,43.560001,43.088786999999996,786000
4361,2012-04-26,43.439999,44.0,43.16,43.830002,43.355865,715600
4362,2012-04-27,44.099998,44.939999,43.630001,44.599998,44.117535,1178300
4363,2012-04-30,44.400002,44.439999,43.59,43.830002,43.355865,987700
4364,2012-05-01,41.130001,42.07,40.720001,41.860001000000004,41.407181,3340500
4365,2012-05-02,41.669998,42.009997999999996,41.07,41.799999,41.347823999999996,1510200
4366,2012-05-03,41.740002000000004,41.740002000000004,40.580002,40.91,40.467449,2180900
4367,2012-05-04,40.549999,40.799999,39.200001,39.549999,39.122166,1822800
4368,2012-05-07,39.459998999999996,39.950001,39.07,39.290001000000004,38.864975,1054200
4369,2012-05-08,39.009997999999996,39.240002000000004,38.290001000000004,39.139998999999996,38.716599,1158000
4370,2012-05-09,38.150002,39.580002,38.110001000000004,39.290001000000004,38.864975,1497000
4371,2012-05-10,39.77,39.970001,38.849998,38.98,38.558331,1156300
4372,2012-05-11,38.709998999999996,39.360001000000004,38.52,38.860001000000004,38.439625,757100
4373,2012-05-14,38.25,38.66,38.209998999999996,38.25,37.836224,666100
4374,2012-05-15,37.900002,38.419998,37.470001,37.59,37.183361,1284500
4375,2012-05-16,37.970001,38.099998,37.130001,37.130001,36.72834,1553000
4376,2012-05-17,37.150002,37.349998,36.450001,36.450001,36.055698,1473600
4377,2012-05-18,36.68,36.759997999999996,36.0,36.139998999999996,35.74905,1188400
4378,2012-05-21,36.099998,37.150002,36.09,36.959998999999996,36.560181,1153600
4379,2012-05-22,37.139998999999996,37.369999,36.25,36.52,36.124939000000005,1051700
4380,2012-05-23,36.16,37.080002,35.84,36.990002000000004,36.589855,1041300
4381,2012-05-24,37.040001000000004,37.16,36.490002000000004,37.029999,36.629425,933000
4382,2012-05-25,37.0,37.299999,36.799999,36.959998999999996,36.560181,729500
4383,2012-05-29,37.310001,37.709998999999996,37.220001,37.439999,37.034988,826600
4384,2012-05-30,36.939999,36.939999,35.950001,36.09,35.699593,1216300
4385,2012-05-31,36.07,36.110001000000004,35.16,35.52,35.135760999999995,1846100
4386,2012-06-01,34.779999,35.400002,34.779999,34.950001,34.571926,1603400
4387,2012-06-04,34.990002000000004,35.119999,34.209998999999996,34.400002,34.027878,1452800
4388,2012-06-05,34.259997999999996,35.59,34.240002000000004,35.580002,35.19511,1367100
4389,2012-06-06,35.970001,36.720001,35.830002,36.450001,36.055698,841000
4390,2012-06-07,37.02,37.57,36.139998999999996,36.209998999999996,35.818290999999995,813400
4391,2012-06-08,35.970001,36.459998999999996,35.619999,36.439999,36.045803,1152800
4392,2012-06-11,36.880001,36.93,35.540001000000004,35.580002,35.19511,777400
4393,2012-06-12,35.650002,35.98,35.259997999999996,35.860001000000004,35.47208,1237900
4394,2012-06-13,35.759997999999996,35.759997999999996,35.119999,35.349998,34.967597999999995,1065800
4395,2012-06-14,35.41,35.759997999999996,35.200001,35.580002,35.19511,948900
4396,2012-06-15,35.759997999999996,35.959998999999996,35.369999,35.939999,35.551212,976500
4397,2012-06-18,35.650002,36.049999,35.5,35.91,35.521542,583200
4398,2012-06-19,36.0,36.790001000000004,36.0,36.709998999999996,36.312889,990200
4399,2012-06-20,36.419998,36.709998999999996,35.639998999999996,36.16,35.768837,903800
4400,2012-06-21,36.240002000000004,36.349998,35.07,35.119999,34.740082,1041300
4401,2012-06-22,35.32,35.549999,35.080002,35.400002,35.017056,858600
4402,2012-06-25,34.900002,35.09,33.610001000000004,34.5,34.126789,1669900
4403,2012-06-26,34.52,35.07,34.43,34.900002,34.522465000000004,1399700
4404,2012-06-27,35.110001000000004,35.970001,35.029999,35.91,35.521542,750200
4405,2012-06-28,35.509997999999996,36.580002,35.419998,36.529999,36.134834000000005,946100
4406,2012-06-29,37.330002,37.860001000000004,37.02,37.860001000000004,37.450447,1205900
4407,2012-07-02,37.93,38.110001000000004,37.400002,37.650002,37.242717999999996,773300
4408,2012-07-03,37.610001000000004,38.540001000000004,37.529999,38.439999,38.02417,322000
4409,2012-07-05,38.299999,38.5,37.900002,37.98,37.569148999999996,534900
4410,2012-07-06,37.459998999999996,37.68,37.209998999999996,37.509997999999996,37.104229,530300
4411,2012-07-09,37.389998999999996,37.709998999999996,37.200001,37.630001,37.222935,471100
4412,2012-07-10,37.84,38.07,36.790001000000004,37.060001,36.6591,883800
4413,2012-07-11,37.18,37.18,36.509997999999996,36.73,36.332668,712600
4414,2012-07-12,36.470001,36.700001,36.16,36.459998999999996,36.06559,884700
4415,2012-07-13,36.5,37.41,36.48,37.240002000000004,36.837151,545500
4416,2012-07-16,37.130001,37.18,36.529999,37.080002,36.678886,617700
4417,2012-07-17,37.259997999999996,37.59,36.830002,37.439999,37.034988,422700
4418,2012-07-18,37.27,38.669998,37.27,38.400002,37.984608,734400
4419,2012-07-19,38.34,39.009997999999996,38.0,38.759997999999996,38.340709999999994,1022100
4420,2012-07-20,38.290001000000004,38.540001000000004,37.830002,37.889998999999996,37.480118,967400
4421,2012-07-23,36.990002000000004,37.5,36.450001,37.279999,36.87672,589800
4422,2012-07-24,37.360001000000004,37.439999,36.07,36.400002,36.006240999999996,581200
4423,2012-07-25,36.68,37.150002,36.349998,36.610001000000004,36.213966,740100
4424,2012-07-26,37.369999,37.740002000000004,37.279999,37.650002,37.242717999999996,1392600
4425,2012-07-27,37.900002,39.75,37.68,39.450001,39.023247,1305500
4426,2012-07-30,40.560001,40.560001,39.080002,39.200001,38.775951,1579300
4427,2012-07-31,39.049999,39.43,38.470001,38.57,38.152763,1262100
4428,2012-08-01,38.869999,38.98,38.09,38.349998,37.935143,1467800
4429,2012-08-02,38.119999,38.540001000000004,37.650002,38.330002,37.915363,755600
4430,2012-08-03,39.189999,39.389998999999996,38.830002,38.990002000000004,38.568222,884100
4431,2012-08-06,39.16,39.700001,39.16,39.34,38.914436,677900
4432,2012-08-07,39.360001000000004,40.0,39.299999,39.32,38.89465,881000
4433,2012-08-08,39.220001,39.639998999999996,38.970001,39.599998,39.171619,515200
4434,2012-08-09,39.540001000000004,39.950001,39.540001000000004,39.66,39.230971999999994,349300
4435,2012-08-10,39.459998999999996,39.650002,38.799999,39.34,38.914436,549400
4436,2012-08-13,39.220001,39.650002,38.869999,39.18,38.756165,378000
4437,2012-08-14,39.66,40.220001,39.310001,39.490002000000004,39.062816999999995,666000
4438,2012-08-15,39.349998,40.189999,39.349998,40.139998999999996,39.70578,682600
4439,2012-08-16,40.080002,41.0,39.889998999999996,40.880001,40.437775,618600
4440,2012-08-17,40.939999,41.060001,40.560001,41.0,40.556477,945900
4441,2012-08-20,40.849998,41.119999,40.560001,40.950001,40.507019,405600
4442,2012-08-21,41.130001,41.790001000000004,41.040001000000004,41.290001000000004,40.843342,879000
4443,2012-08-22,41.189999,41.209998999999996,40.509997999999996,40.709998999999996,40.269615,753100
4444,2012-08-23,40.610001000000004,41.049999,40.290001000000004,40.529999,40.09156,632300
4445,2012-08-24,40.34,40.57,40.0,40.400002,39.962971,808300
4446,2012-08-27,40.5,40.740002000000004,40.029999,40.099998,39.666214000000004,667400
4447,2012-08-28,40.34,40.34,39.669998,39.880001,39.448597,810600
4448,2012-08-29,39.919998,39.959998999999996,39.330002,39.740002000000004,39.310108,392400
4449,2012-08-30,39.43,39.5,38.950001,39.189999,38.766056,372600
4450,2012-08-31,39.48,39.970001,39.360001000000004,39.540001000000004,39.112266999999996,508100
4451,2012-09-04,39.5,39.709998999999996,38.799999,39.48,39.052917,680900
4452,2012-09-05,39.450001,39.84,39.23,39.450001,39.023247,409400
4453,2012-09-06,39.779999,40.77,39.779999,40.599998,40.160804999999996,591700
4454,2012-09-07,40.169998,40.900002,40.029999,40.200001,39.765133,1227600
4455,2012-09-10,40.02,41.060001,39.950001,40.77,40.328964,799900
4456,2012-09-11,40.82,41.709998999999996,40.75,41.669998,41.219227000000004,823600
4457,2012-09-12,41.709998999999996,42.0,41.41,41.639998999999996,41.189556,594200
4458,2012-09-13,41.650002,42.75,41.18,42.610001000000004,42.149059,721000
4459,2012-09-14,42.709998999999996,43.900002,42.709998999999996,43.32,42.851379,727400
4460,2012-09-17,43.18,43.220001,42.580002,43.16,42.693111,641500
4461,2012-09-18,43.060001,43.299999,42.91,43.16,42.693111,457400
4462,2012-09-19,43.150002,43.5,42.959998999999996,43.0,42.534843,835800
4463,2012-09-20,42.700001,42.759997999999996,41.950001,42.68,42.2183,840300
4464,2012-09-21,43.0,43.02,42.77,42.779999,42.317223,1325800
4465,2012-09-24,42.029999,42.990002000000004,42.029999,42.790001000000004,42.327114,814500
4466,2012-09-25,42.82,42.82,41.02,41.049999,40.605934000000005,1030600
4467,2012-09-26,41.099998,41.169998,40.220001,40.709998999999996,40.269615,1092100
4468,2012-09-27,40.860001000000004,41.060001,40.560001,40.860001000000004,40.417992,562400
4469,2012-09-28,40.580002,40.650002,40.009997999999996,40.43,39.992645,759300
4470,2012-10-01,40.540001000000004,41.32,40.380001,40.599998,40.160804999999996,679400
4471,2012-10-02,40.990002000000004,41.27,40.650002,41.029999,40.586151,1127700
4472,2012-10-03,41.09,41.360001000000004,40.48,40.75,40.309181,621900
4473,2012-10-04,41.02,41.200001,40.849998,41.02,40.57626,608900
4474,2012-10-05,41.290001000000004,41.759997999999996,41.049999,41.209998999999996,40.764206,558800
4475,2012-10-08,41.029999,41.029999,40.700001,40.84,40.398209,482000
4476,2012-10-09,40.650002,40.880001,39.880001,39.950001,39.517838,832000
4477,2012-10-10,39.970001,39.990002000000004,39.5,39.779999,39.349674,514100
4478,2012-10-11,40.07,40.16,39.700001,39.93,39.498055,894500
4479,2012-10-12,40.049999,40.34,39.810001,39.959998999999996,39.527725,770500
4480,2012-10-15,40.0,40.029999,39.34,40.009997999999996,39.577183000000005,754300
4481,2012-10-16,40.240002000000004,40.720001,40.060001,40.68,40.239937,635000
4482,2012-10-17,40.77,41.130001,40.740002000000004,40.93,40.487235999999996,407200
4483,2012-10-18,40.84,41.25,40.720001,40.91,40.467449,577100
4484,2012-10-19,40.689999,40.689999,39.459998999999996,39.619999,39.191406,944600
4485,2012-10-22,39.5,39.869999,39.16,39.529999,39.102379,652400
4486,2012-10-23,38.669998,39.169998,38.639998999999996,38.889998999999996,38.469303000000004,627600
4487,2012-10-24,39.169998,39.290001000000004,38.599998,38.700001,38.281361,460900
4488,2012-10-25,39.040001000000004,39.290001000000004,38.279999,38.880001,38.459415,626100
4489,2012-10-26,38.869999,39.290001000000004,38.310001,38.43,38.014278000000004,567000
4490,2012-10-31,38.75,39.900002,38.580002,38.59,38.17255,992000
4491,2012-11-01,38.700001,39.720001,38.580002,39.48,39.052917,990000
4492,2012-11-02,39.259997999999996,39.27,38.470001,38.77,38.350605,1760700
4493,2012-11-05,38.5,39.830002,38.5,39.720001,39.290321,1060200
4494,2012-11-06,39.919998,41.09,39.75,40.970001,40.526802,1218300
4495,2012-11-07,40.029999,40.27,39.220001,39.689999,39.260647,1069300
4496,2012-11-08,39.77,39.84,38.779999,38.970001,38.548435,1481400
4497,2012-11-09,38.950001,39.459998999999996,38.889998999999996,39.0,38.578114,753700
4498,2012-11-12,39.139998999999996,39.610001000000004,38.900002,39.290001000000004,38.864975,946800
4499,2012-11-13,39.02,39.779999,38.5,39.0,38.578114,956700
4500,2012-11-14,39.080002,39.330002,38.650002,38.790001000000004,38.370384,891000
4501,2012-11-15,38.799999,39.240002000000004,38.68,39.02,38.597896999999996,1577100
4502,2012-11-16,39.02,39.189999,38.619999,38.950001,38.528656,1053300
4503,2012-11-19,39.369999,39.73,39.09,39.700001,39.270542,889200
4504,2012-11-20,39.740002000000004,39.84,39.349998,39.439999,39.013351,667100
4505,2012-11-21,39.560001,39.970001,39.34,39.810001,39.379353,796100
4506,2012-11-23,40.0,40.380001,39.93,40.380001,39.943184,358300
4507,2012-11-26,40.389998999999996,41.049999,40.279999,41.040001000000004,40.596046,863000
4508,2012-11-27,40.93,41.25,40.619999,40.779999,40.33886,654700
4509,2012-11-28,40.450001,40.75,39.73,40.619999,40.180584,1011400
4510,2012-11-29,40.919998,41.139998999999996,40.599998,41.009997999999996,40.566368,580700
4511,2012-11-30,41.130001,41.18,40.669998,40.939999,40.497128000000004,823800
4512,2012-12-03,41.279999,41.400002,40.529999,40.619999,40.180584,674700
4513,2012-12-04,40.32,41.259997999999996,40.32,41.099998,40.655396,600600
4514,2012-12-05,41.150002,41.610001000000004,40.66,41.310001,40.863125,694700
4515,2012-12-06,41.259997999999996,41.560001,40.779999,41.560001,41.11042,864800
4516,2012-12-07,41.650002,42.119999,41.02,42.110001000000004,41.654472,835300
4517,2012-12-10,42.0,42.259997999999996,41.93,42.16,41.70393,699900
4518,2012-12-11,42.389998999999996,42.59,42.209998999999996,42.419998,41.961113,856100
4519,2012-12-12,42.619999,42.720001,42.099998,42.150002,41.694038,720100
4520,2012-12-13,42.080002,42.209998999999996,41.549999,41.720001,41.268688,702600
4521,2012-12-14,41.490002000000004,42.009997999999996,41.18,41.34,40.892796000000004,840900
4522,2012-12-17,41.610001000000004,42.080002,41.549999,42.040001000000004,41.585228,1232700
4523,2012-12-18,42.200001,42.98,42.080002,42.91,42.445816,924400
4524,2012-12-19,42.810001,43.240002000000004,42.549999,42.57,42.109489,1138100
4525,2012-12-20,42.68,43.560001,42.560001,43.540001000000004,43.069,903100
4526,2012-12-21,42.950001,43.139998999999996,42.650002,42.91,42.445816,1080600
4527,2012-12-24,42.75,42.939999,42.639998999999996,42.82,42.356789,307400
4528,2012-12-26,42.900002,43.040001000000004,42.439999,42.610001000000004,42.149059,629300
4529,2012-12-27,42.549999,42.549999,41.560001,42.349998,41.891872,716500
4530,2012-12-28,41.91,42.200001,41.720001,41.73,41.278584,514500
4531,2012-12-31,41.619999,42.619999,41.5,42.57,42.109489,634500
4532,2013-01-02,43.509997999999996,43.77,43.299999,43.75,43.276726000000004,876500
4533,2013-01-03,43.689999,43.990002000000004,43.43,43.540001000000004,43.069,623400
4534,2013-01-04,43.720001,44.009997999999996,43.560001,43.919998,43.444893,514900
4535,2013-01-07,43.799999,44.169998,43.549999,44.040001000000004,43.563595,558000
4536,2013-01-08,44.0,44.259997999999996,43.830002,44.189999,43.711964,739700
4537,2013-01-09,44.259997999999996,44.490002000000004,44.060001,44.43,43.949371,466900
4538,2013-01-10,44.689999,45.330002,44.650002,45.189999,44.701153000000005,875500
4539,2013-01-11,45.27,45.27,44.580002,44.950001,44.463749,576300
4540,2013-01-14,45.09,45.09,44.5,44.919998,44.434071,587800
4541,2013-01-15,44.700001,45.639998999999996,44.66,45.549999,45.057259,717200
4542,2013-01-16,45.380001,45.48,45.169998,45.380001,44.889095000000005,562700
4543,2013-01-17,45.599998,46.169998,45.599998,46.049999,45.551849,852500
4544,2013-01-18,46.18,46.18,45.470001,46.049999,45.551849,705800
4545,2013-01-22,45.950001,46.84,45.450001,46.810001,46.303627,967800
4546,2013-01-23,46.630001,46.860001000000004,46.200001,46.34,45.838710999999996,814300
4547,2013-01-24,46.5,47.25,46.419998,47.029999,46.521248,951200
4548,2013-01-25,47.369999,49.41,47.029999,48.459998999999996,47.93578,2787500
4549,2013-01-28,48.57,48.880001,48.400002,48.73,48.202853999999995,755700
4550,2013-01-29,48.740002000000004,49.349998,48.68,48.91,48.380909,894500
4551,2013-01-30,48.919998,48.959998999999996,48.0,48.040001000000004,47.520325,1020600
4552,2013-01-31,47.98,48.220001,47.43,48.110001000000004,47.589565,987500
4553,2013-02-01,48.650002,48.73,48.16,48.330002,47.807186,1079400
4554,2013-02-04,48.0,48.240002000000004,47.799999,47.91,47.391731,717500
4555,2013-02-05,48.110001000000004,48.549999,47.939999,48.5,47.975346,785500
4556,2013-02-06,48.209998999999996,48.560001,48.130001,48.560001,48.034698,525600
4557,2013-02-07,48.619999,48.619999,47.880001,48.02,47.500541999999996,790700
4558,2013-02-08,48.060001,48.389998999999996,47.779999,48.080002,47.559886999999996,660600
4559,2013-02-11,48.0,48.259997999999996,47.73,47.84,47.322487,509200
4560,2013-02-12,48.16,48.360001000000004,47.869999,48.139998999999996,47.619236,682400
4561,2013-02-13,48.389998999999996,49.0,48.389998999999996,48.689999,48.163284000000004,648100
4562,2013-02-14,48.529999,49.209998999999996,48.450001,48.900002,48.371021,853000
4563,2013-02-15,48.900002,49.349998,48.59,49.349998,48.816146999999994,1094800
4564,2013-02-19,49.419998,50.310001,49.349998,50.299999,49.755875,1337800
4565,2013-02-20,50.34,50.48,49.380001,49.389998999999996,48.855717,1143900
4566,2013-02-21,49.150002,49.27,48.040001000000004,48.619999,48.094044,978400
4567,2013-02-22,48.869999,49.099998,48.529999,49.099998,48.568851,711600
4568,2013-02-25,49.400002,49.610001000000004,47.549999,47.580002,47.0653,1435800
4569,2013-02-26,47.810001,47.900002,46.919998,47.700001,47.184002,1106800
4570,2013-02-27,47.580002,48.709998999999996,47.48,48.57,48.04459,616500
4571,2013-02-28,48.75,49.07,48.459998999999996,48.84,48.311665000000005,923800
4572,2013-03-01,48.240002000000004,48.540001000000004,47.34,48.0,47.480755,1311200
4573,2013-03-04,47.84,48.299999,47.700001,48.290001000000004,47.767616,995600
4574,2013-03-05,48.77,50.150002,48.700001,50.029999,49.488789000000004,1410300
4575,2013-03-06,50.349998,50.689999,50.150002,50.240002000000004,49.696521999999995,868000
4576,2013-03-07,50.220001,50.509997999999996,50.080002,50.41,49.864684999999994,889500
4577,2013-03-08,50.799999,51.860001000000004,50.650002,51.82,51.25943,1213500
4578,2013-03-11,51.849998,52.98,51.490002000000004,52.200001,51.635323,1521500
4579,2013-03-12,52.23,52.470001,51.880001,52.0,51.437484999999995,800400
4580,2013-03-13,52.099998,52.700001,52.07,52.459998999999996,51.892509000000004,753800
4581,2013-03-14,52.599998,53.360001000000004,52.549999,53.360001000000004,52.782771999999994,979900
4582,2013-03-15,53.349998,53.799999,53.34,53.709998999999996,53.128983,1140200
4583,2013-03-18,52.990002000000004,54.23,52.900002,54.049999,53.465309,1237600
4584,2013-03-19,53.970001,54.25,53.720001,54.189999,53.603790000000004,1888400
4585,2013-03-20,54.459998999999996,54.5,54.060001,54.189999,53.603790000000004,1549600
4586,2013-03-21,53.810001,54.169998,53.650002,53.939999,53.356499,982000
4587,2013-03-22,54.209998999999996,54.5,53.82,54.490002000000004,53.900551,669100
4588,2013-03-25,54.599998,55.0,53.84,54.310001,53.722496,660900
4589,2013-03-26,54.509997999999996,55.310001,54.419998,55.310001,54.711681000000006,759500
4590,2013-03-27,54.939999,55.540001000000004,54.509997999999996,55.529999,54.929294999999996,695500
4591,2013-03-28,55.77,56.529999,55.23,56.240002000000004,55.631622,1213100
4592,2013-04-01,56.110001000000004,56.330002,55.009997999999996,55.130001,54.533627,883500
4593,2013-04-02,55.48,55.68,54.200001,54.34,53.752171,1188100
4594,2013-04-03,54.25,54.369999,52.299999,52.540001000000004,51.971641999999996,1596300
4595,2013-04-04,52.650002,53.02,52.639998999999996,52.990002000000004,52.416779,1070200
4596,2013-04-05,52.279999,53.43,51.549999,53.349998,52.772877,1134600
4597,2013-04-08,53.18,54.07,53.18,53.98,53.396065,830300
4598,2013-04-09,53.91,54.0,53.060001,53.560001,52.98061,669200
4599,2013-04-10,53.689999,54.139998999999996,53.419998,54.130001,53.544441000000006,832300
4600,2013-04-11,54.099998,54.900002,53.889998999999996,54.630001,54.03903199999999,786100
4601,2013-04-12,54.349998,54.389998999999996,52.869999,53.080002,52.505802,1708500
4602,2013-04-15,52.599998,52.599998,50.209998999999996,50.349998,49.805328,1688300
4603,2013-04-16,50.91,51.880001,50.759997999999996,51.209998999999996,50.656029,1147000
4604,2013-04-17,50.610001000000004,50.709998999999996,48.860001000000004,49.48,48.94474,1446400
4605,2013-04-18,49.66,49.93,49.189999,49.43,48.895286999999996,1282700
4606,2013-04-19,49.689999,50.200001,49.27,50.040001000000004,49.498692,788600
4607,2013-04-22,50.110001000000004,50.860001000000004,49.119999,50.639998999999996,50.092194,722200
4608,2013-04-23,50.919998,51.049999,50.119999,51.049999,50.497757,554200
4609,2013-04-24,51.139998999999996,51.900002,51.139998999999996,51.869999,51.308887,730200
4610,2013-04-25,52.110001000000004,52.759997999999996,51.880001,52.200001,51.635323,582500
4611,2013-04-26,52.139998999999996,52.27,51.43,51.650002,51.09127,433200
4612,2013-04-29,51.84,52.529999,51.68,52.029999,51.467159,1092200
4613,2013-04-30,50.810001,51.630001,49.509997999999996,50.48,49.933926,2216600
4614,2013-05-01,50.450001,50.580002,48.990002000000004,49.02,48.489719,1624100
4615,2013-05-02,49.279999,49.970001,49.009997999999996,49.849998,49.310741,992900
4616,2013-05-03,50.509997999999996,51.610001000000004,50.509997999999996,50.630001,50.082306,1048900
4617,2013-05-06,50.580002,51.150002,50.400002,50.900002,50.349384,814400
4618,2013-05-07,50.939999,51.330002,50.529999,51.099998,50.547218,577300
4619,2013-05-08,51.0,51.73,51.0,51.450001,50.893436,552000
4620,2013-05-09,51.279999,51.580002,50.380001,50.529999,49.983383,1162800
4621,2013-05-10,50.549999,51.0,50.349998,51.0,50.448303,756600
4622,2013-05-13,50.900002,50.950001,49.990002000000004,50.200001,49.656956,698800
4623,2013-05-14,50.25,51.369999,50.25,51.369999,50.814301,749400
4624,2013-05-15,51.09,52.509997999999996,51.09,52.360001000000004,51.793591,899400
4625,2013-05-16,52.060001,52.880001,51.919998,52.759997999999996,52.189259,1121600
4626,2013-05-17,52.880001,54.16,52.77,54.09,53.504875,756700
4627,2013-05-20,53.959998999999996,55.52,53.959998999999996,55.0,54.405029000000006,982200
4628,2013-05-21,54.950001,55.360001000000004,54.470001,55.049999,54.454491000000004,643500
4629,2013-05-22,55.02,55.700001,54.380001,54.57,53.979679000000004,859200
4630,2013-05-23,53.810001,55.27,53.48,55.0,54.405029000000006,1038500
4631,2013-05-24,54.619999,55.09,54.349998,54.990002000000004,54.39514200000001,675200
4632,2013-05-28,55.830002,56.52,55.59,56.439999,55.829453,850500
4633,2013-05-29,56.040001000000004,56.59,55.580002,56.060001,55.453568000000004,959600
4634,2013-05-30,56.25,57.349998,55.919998,57.16,56.541664000000004,852500
4635,2013-05-31,56.740002000000004,57.810001,56.349998,57.009997999999996,56.393288,977000
4636,2013-06-03,57.16,57.57,56.0,57.400002,56.779072,1319400
4637,2013-06-04,57.369999,57.75,56.52,56.900002,56.28448100000001,740600
4638,2013-06-05,56.639998999999996,56.73,55.48,55.740002000000004,55.137032,1364700
4639,2013-06-06,55.700001,56.150002,55.450001,55.919998,55.315079000000004,1362200
4640,2013-06-07,56.41,57.150002,56.25,56.93,56.314152,754400
4641,2013-06-10,57.060001,57.060001,56.459998999999996,57.009997999999996,56.393288,711700
4642,2013-06-11,55.73,56.529999,55.599998,56.060001,55.453568000000004,696100
4643,2013-06-12,56.5,56.740002000000004,55.02,55.040001000000004,54.44459499999999,1251500
4644,2013-06-13,55.0,55.700001,54.619999,55.529999,54.929294999999996,1015100
4645,2013-06-14,55.540001000000004,56.330002,55.349998,55.830002,55.226051,660100
4646,2013-06-17,56.43,57.139998999999996,56.02,56.82,56.205344999999994,732400
4647,2013-06-18,56.869999,57.970001,56.84,57.779999,57.154953000000006,542200
4648,2013-06-19,57.68,57.82,56.709998999999996,56.709998999999996,56.096534999999996,699100
4649,2013-06-20,55.580002,56.189999,55.290001000000004,55.529999,54.929294999999996,911100
4650,2013-06-21,55.970001,56.439999,55.419998,55.860001000000004,55.25573000000001,1268900
4651,2013-06-24,55.27,55.43,54.639998999999996,54.759997999999996,54.167629000000005,916900
4652,2013-06-25,55.52,55.650002,54.91,55.400002,54.80070500000001,707400
4653,2013-06-26,55.880001,56.07,54.580002,54.880001,54.286331000000004,957300
4654,2013-06-27,55.369999,55.790001000000004,55.139998999999996,55.700001,55.097457999999996,784600
4655,2013-06-28,55.57,55.639998999999996,55.049999,55.130001,54.533627,587200
4656,2013-07-01,55.48,56.0,55.27,55.419998,54.82048399999999,524700
4657,2013-07-02,55.290001000000004,55.799999,54.27,54.619999,54.029140000000005,603300
4658,2013-07-03,53.990002000000004,55.02,53.990002000000004,54.560001,53.969788,292200
4659,2013-07-05,55.110001000000004,55.439999,54.209998999999996,55.360001000000004,54.761134999999996,356200
4660,2013-07-08,55.66,55.849998,54.77,54.919998,54.32589300000001,692700
4661,2013-07-09,55.389998999999996,56.59,55.389998999999996,55.98,55.37443199999999,625700
4662,2013-07-10,55.98,56.18,55.25,56.049999,55.443668,505700
4663,2013-07-11,56.889998999999996,57.25,56.720001,57.02,56.403179,534500
4664,2013-07-12,57.09,57.779999,57.09,57.759997999999996,57.135169999999995,631000
4665,2013-07-15,58.110001000000004,58.439999,57.639998999999996,57.849998,57.224197,579100
4666,2013-07-16,58.009997999999996,58.330002,57.32,57.5,56.877987,831800
4667,2013-07-17,57.900002,58.34,57.490002000000004,57.959998999999996,57.333004,284300
4668,2013-07-18,57.98,59.369999,57.900002,59.189999,58.54970600000001,425200
4669,2013-07-19,59.25,59.549999,58.990002000000004,59.52,58.876137,661800
4670,2013-07-22,59.5,59.799999,59.330002,59.5,58.85635,562300
4671,2013-07-23,59.650002,59.75,59.099998,59.48,58.836567,458600
4672,2013-07-24,59.57,59.639998999999996,59.25,59.389998999999996,58.74754,532100
4673,2013-07-25,59.080002,60.139998999999996,59.080002,60.080002,59.430080000000004,867600
4674,2013-07-26,59.689999,60.84,58.779999,58.990002000000004,58.351868,1198300
4675,2013-07-29,58.709998999999996,59.139998999999996,58.150002,58.189999,57.560524,1306400
4676,2013-07-30,57.610001000000004,59.41,57.0,57.889998999999996,57.263763,1195300
4677,2013-07-31,57.290001000000004,60.119999,56.25,59.200001,58.559601,1027600
4678,2013-08-01,60.049999,61.540001000000004,60.009997999999996,61.490002000000004,60.824825,1126600
4679,2013-08-02,61.330002,62.330002,61.099998,62.330002,61.655739000000004,1278100
4680,2013-08-05,61.59,61.98,61.0,61.23,60.567634999999996,1285600
4681,2013-08-06,61.0,61.060001,59.389998999999996,59.490002000000004,58.846462,1502500
4682,2013-08-07,59.450001,59.77,59.040001000000004,59.41,58.767326000000004,790900
4683,2013-08-08,59.720001,60.740002000000004,59.720001,60.650002,59.993916000000006,695500
4684,2013-08-09,60.650002,61.049999,60.209998999999996,60.880001,60.221424,503200
4685,2013-08-12,60.52,61.080002,60.34,60.950001,60.290668000000004,409800
4686,2013-08-13,60.970001,61.23,60.27,60.98,60.320339000000004,295700
4687,2013-08-14,60.889998999999996,61.380001,60.630001,61.259997999999996,60.597313,308700
4688,2013-08-15,60.759997999999996,61.290001000000004,60.470001,61.080002,60.419261999999996,802500
4689,2013-08-16,60.98,61.650002,60.849998,61.419998,60.755573,668500
4690,2013-08-19,61.27,61.709998999999996,59.889998999999996,59.970001,59.32127,1167500
4691,2013-08-20,60.029999,60.639998999999996,59.439999,60.139998999999996,59.489426,836400
4692,2013-08-21,60.07,60.48,59.790001000000004,59.82,59.172886,737600
4693,2013-08-22,60.07,60.77,59.93,60.349998,59.697155,832500
4694,2013-08-23,60.439999,60.439999,59.470001,59.869999,59.222347,804500
4695,2013-08-26,59.93,60.299999,59.689999,59.849998,59.202564,494100
4696,2013-08-27,59.139998999999996,59.400002,58.150002,58.25,57.619873,701600
4697,2013-08-28,58.380001,58.830002,58.150002,58.610001000000004,57.975979,673400
4698,2013-08-29,58.52,58.93,57.98,58.080002,57.451714,626900
4699,2013-08-30,58.130001,58.650002,57.73,58.279999,57.649547999999996,758300
4700,2013-09-03,59.330002,59.34,58.130001,58.57,57.936409,1075700
4701,2013-09-04,58.540001000000004,59.439999,58.330002,59.240002000000004,58.599163,740800
4702,2013-09-05,59.09,59.509997999999996,58.98,59.02,58.38154599999999,746800
4703,2013-09-06,59.209998999999996,59.549999,58.0,58.080002,57.451714,1212200
4704,2013-09-09,59.009997999999996,60.470001,58.25,58.43,57.797924,1187800
4705,2013-09-10,58.869999,58.869999,58.419998,58.509997999999996,57.87706,1372000
4706,2013-09-11,58.110001000000004,58.400002,57.169998,57.610001000000004,56.986801,2061500
4707,2013-09-12,57.630001,58.459998999999996,57.439999,58.060001,57.431931000000006,1049500
4708,2013-09-13,58.240002000000004,58.389998999999996,57.77,57.900002,57.273663,861200
4709,2013-09-16,58.93,59.060001,58.330002,58.57,57.936409,992400
4710,2013-09-17,58.52,58.98,58.310001,58.860001000000004,58.223273999999996,751500
4711,2013-09-18,58.790001000000004,59.860001000000004,58.709998999999996,59.68,59.03440500000001,1117700
4712,2013-09-19,59.919998,60.049999,59.509997999999996,59.73,59.08387,925300
4713,2013-09-20,59.689999,59.849998,58.650002,59.060001,58.421112,1246700
4714,2013-09-23,58.759997999999996,58.970001,58.110001000000004,58.27,57.639656,577000
4715,2013-09-24,58.169998,58.75,58.009997999999996,58.220001,57.590202000000005,651700
4716,2013-09-25,58.16,58.529999,57.669998,58.279999,57.649547999999996,598700
4717,2013-09-26,58.450001,58.68,57.880001,58.259997999999996,57.629765,469800
4718,2013-09-27,57.830002,58.139998999999996,57.619999,57.790001000000004,57.164852,482700
4719,2013-09-30,57.209998999999996,58.200001,57.209998999999996,58.18,57.55063199999999,1077600
4720,2013-10-01,58.200001,59.259997999999996,58.029999,58.610001000000004,57.975979,886400
4721,2013-10-02,58.279999,58.84,57.939999,58.619999,57.98587,752400
4722,2013-10-03,58.509997999999996,58.779999,56.869999,57.32,56.699936,711100
4723,2013-10-04,57.360001000000004,57.689999,57.150002,57.540001000000004,56.917553000000005,557600
4724,2013-10-07,57.040001000000004,57.540001000000004,56.630001,57.259997999999996,56.64058299999999,690000
4725,2013-10-08,57.18,57.439999,55.98,56.279999,55.671184999999994,744900
4726,2013-10-09,56.349998,56.57,55.799999,56.119999,55.512913,687600
4727,2013-10-10,56.77,57.369999,56.709998999999996,57.360001000000004,56.739502,550300
4728,2013-10-11,57.290001000000004,58.290001000000004,57.279999,58.150002,57.52095799999999,485500
4729,2013-10-14,57.740002000000004,58.439999,57.619999,58.349998,57.718788,376200
4730,2013-10-15,58.25,58.299999,57.330002,57.630001,57.00658000000001,484100
4731,2013-10-16,57.990002000000004,58.880001,57.619999,58.830002,58.19360699999999,1000700
4732,2013-10-17,58.560001,60.0,58.509997999999996,59.970001,59.32127,848800
4733,2013-10-18,60.209998999999996,60.349998,59.450001,59.619999,58.975052000000005,1132900
4734,2013-10-21,59.610001000000004,59.990002000000004,59.380001,59.970001,59.32127,526200
4735,2013-10-22,60.419998,60.810001,60.200001,60.580002,59.924671,866500
4736,2013-10-23,60.299999,60.419998,59.470001,60.240002000000004,59.588347999999996,534900
4737,2013-10-24,60.34,60.740002000000004,60.0,60.700001,60.04336899999999,441800
4738,2013-10-25,60.610001000000004,60.830002,59.669998,60.560001,59.904888,558000
4739,2013-10-28,60.580002,60.98,60.16,60.98,60.320339000000004,655100
4740,2013-10-29,61.0,61.200001,60.59,61.150002,60.48850600000001,465200
4741,2013-10-30,61.18,61.18,60.349998,60.630001,59.974129000000005,310700
4742,2013-10-31,60.5,61.139998999999996,60.119999,60.82,60.162075,660700
4743,2013-11-01,60.790001000000004,61.209998999999996,60.009997999999996,60.93,60.27088199999999,656500
4744,2013-11-04,61.060001,61.610001000000004,60.619999,61.549999,60.884174,684800
4745,2013-11-05,61.119999,61.790001000000004,60.540001000000004,61.580002,60.913853,975700
4746,2013-11-06,61.790001000000004,62.02,61.23,62.0,61.329308,517400
4747,2013-11-07,62.189999,62.259997999999996,61.130001,61.200001,60.53796,604200
4748,2013-11-08,61.029999,62.02,60.869999,61.990002000000004,61.319416000000004,455800
4749,2013-11-11,61.990002000000004,62.16,61.75,62.049999,61.37876899999999,348200
4750,2013-11-12,62.0,62.16,61.459998999999996,62.099998,61.428222999999996,531800
4751,2013-11-13,61.889998999999996,63.299999,61.84,63.290001000000004,62.60535,779900
4752,2013-11-14,63.369999,63.75,62.68,63.450001,62.763626,601200
4753,2013-11-15,63.450001,64.129997,63.25,63.759997999999996,63.070267,861700
4754,2013-11-18,63.919998,64.269997,63.580002,63.75,63.060375,1094000
4755,2013-11-19,61.5,61.759997999999996,59.209998999999996,60.029999,59.380615,2871300
4756,2013-11-20,60.299999,60.709998999999996,59.84,60.150002,59.499317000000005,1846300
4757,2013-11-21,60.389998999999996,60.689999,59.799999,60.07,59.420185,879200
4758,2013-11-22,60.189999,60.380001,59.900002,60.09,59.43996800000001,851600
4759,2013-11-25,60.130001,60.259997999999996,58.860001000000004,59.310001,58.668411,1404500
4760,2013-11-26,59.310001,60.389998999999996,59.310001,60.130001,59.479538,836700
4761,2013-11-27,60.32,60.639998999999996,59.709998999999996,59.84,59.192673,1050800
4762,2013-11-29,60.0,60.279999,59.700001,59.77,59.123431999999994,384700
4763,2013-12-02,59.700001,60.0,59.009997999999996,59.470001,58.826675,723300
4764,2013-12-03,59.23,59.290001000000004,58.389998999999996,58.59,57.9562,801900
4765,2013-12-04,58.360001000000004,58.939999,57.509997999999996,58.060001,57.431931000000006,577300
4766,2013-12-05,57.900002,58.349998,57.419998,57.540001000000004,56.917553000000005,1093700
4767,2013-12-06,58.610001000000004,59.57,58.080002,58.48,57.847389,588200
4768,2013-12-09,58.509997999999996,58.799999,58.18,58.380001,57.748466,801900
4769,2013-12-10,58.330002,58.720001,58.139998999999996,58.59,57.9562,549200
4770,2013-12-11,58.580002,58.630001,57.59,57.639998999999996,57.016476000000004,785300
4771,2013-12-12,57.48,57.720001,56.48,56.490002000000004,55.878914,888700
4772,2013-12-13,56.759997999999996,57.09,56.43,56.759997999999996,56.14599200000001,575500
4773,2013-12-16,57.049999,57.459998999999996,56.889998999999996,57.330002,56.709827000000004,499800
4774,2013-12-17,57.360001000000004,58.490002000000004,56.959998999999996,58.220001,57.590202000000005,1137800
4775,2013-12-18,58.299999,60.299999,57.959998999999996,60.209998999999996,59.55866999999999,1642000
4776,2013-12-19,59.880001,60.700001,59.68,60.57,59.914776,1465700
4777,2013-12-20,60.720001,61.41,60.650002,61.200001,60.53796,1608200
4778,2013-12-23,61.330002,61.68,60.720001,61.119999,60.458824,523300
4779,2013-12-24,61.25,61.580002,61.099998,61.470001,60.80504200000001,194600
4780,2013-12-26,61.630001,61.939999,61.619999,61.830002,61.161148,326100
4781,2013-12-27,61.860001000000004,62.060001,61.48,61.73,61.062229,316100
4782,2013-12-30,61.799999,62.009997999999996,61.549999,61.68,61.012772,486800
4783,2013-12-31,61.880001,63.060001,61.740002000000004,62.990002000000004,62.308597999999996,643800
4784,2014-01-02,63.669998,64.099998,62.66,62.880001,62.199791000000005,1545700
4785,2014-01-03,62.84,62.990002000000004,62.029999,62.290001000000004,61.616172999999996,1265800
4786,2014-01-06,62.599998,62.73,61.709998999999996,62.369999,61.695305000000005,1107800
4787,2014-01-07,62.5,63.200001,62.360001000000004,62.919998,62.239353,914300
4788,2014-01-08,62.919998,63.59,62.450001,63.09,62.407516,681000
4789,2014-01-09,63.330002,63.779999,62.830002,63.25,62.565783999999994,720000
4790,2014-01-10,63.25,63.799999,62.849998,63.73,63.040595999999994,863400
4791,2014-01-13,64.589996,65.300003,64.190002,64.339996,63.64399,1453300
4792,2014-01-14,64.16999799999999,64.760002,63.799999,64.540001,63.841831000000006,851100
4793,2014-01-15,64.760002,65.620003,64.760002,65.290001,64.58371,732300
4794,2014-01-16,65.290001,65.589996,65.029999,65.449997,64.741982,534400
4795,2014-01-17,65.589996,65.879997,65.150002,65.730003,65.018967,639500
4796,2014-01-21,65.730003,66.25,65.43,66.059998,65.345383,689200
4797,2014-01-22,66.360001,66.879997,65.889999,66.809998,66.08728,1036800
4798,2014-01-23,61.5,65.620003,60.459998999999996,64.599998,63.901180000000004,2128300
4799,2014-01-24,64.739998,65.07,62.75,63.0,62.318489,1703200
4800,2014-01-27,62.5,63.23,61.509997999999996,62.27,61.596385999999995,1034700
4801,2014-01-28,62.599998,63.150002,61.82,62.709998999999996,62.031628000000005,811600
4802,2014-01-29,62.040001000000004,62.57,61.48,61.779999,61.111683,958900
4803,2014-01-30,62.209998999999996,62.240002000000004,61.330002,61.73,61.062229,747000
4804,2014-01-31,60.900002,61.310001,60.52,60.709998999999996,60.053265,829000
4805,2014-02-03,60.73,61.02,58.290001000000004,58.490002000000004,57.857277,1792100
4806,2014-02-04,59.0,59.73,58.349998,59.290001000000004,58.648624,770900
4807,2014-02-05,59.07,59.169998,58.200001,58.650002,58.015553000000004,603800
4808,2014-02-06,58.720001,59.52,58.720001,59.0,58.361763,531700
4809,2014-02-07,59.459998999999996,59.860001000000004,59.060001,59.84,59.192673,714200
4810,2014-02-10,59.650002,59.869999,59.18,59.360001000000004,58.717861,823400
4811,2014-02-11,59.52,60.209998999999996,59.049999,59.93,59.2817,736100
4812,2014-02-12,59.98,60.900002,59.720001,60.810001,60.15218,713700
4813,2014-02-13,60.240002000000004,60.439999,59.509997999999996,60.25,59.598240000000004,929600
4814,2014-02-14,60.509997999999996,60.689999,59.900002,60.470001,59.815861,1106700
4815,2014-02-18,60.470001,61.16,59.740002000000004,60.959998999999996,60.30055600000001,1103200
4816,2014-02-19,60.82,62.02,60.139998999999996,60.27,59.618023,1158600
4817,2014-02-20,60.689999,61.509997999999996,60.360001000000004,61.040001000000004,60.379695999999996,989100
4818,2014-02-21,61.200001,61.200001,60.049999,60.099998,59.449863,810100
4819,2014-02-24,60.209998999999996,60.880001,60.02,60.029999,59.380615,805700
4820,2014-02-25,60.080002,60.310001,59.619999,60.0,59.350941000000006,922600
4821,2014-02-26,60.189999,60.689999,59.919998,60.32,59.667480000000005,1456700
4822,2014-02-27,60.310001,61.169998,60.209998999999996,60.560001,59.904888,906200
4823,2014-02-28,60.82,61.189999,60.34,60.650002,59.993916000000006,1157200
4824,2014-03-03,59.900002,60.549999,59.360001000000004,60.400002,59.74661999999999,1177300
4825,2014-03-04,60.98,61.650002,60.970001,61.599998,60.933628000000006,1348900
4826,2014-03-05,61.57,61.939999,61.330002,61.810001,61.141365,711400
4827,2014-03-06,61.810001,63.389998999999996,61.77,63.07,62.387733,1158200
4828,2014-03-07,63.450001,63.52,62.77,63.09,62.407516,556300
4829,2014-03-10,62.799999,63.139998999999996,62.41,62.849998,62.170109,941000
4830,2014-03-11,62.84,63.189999,62.639998999999996,62.860001000000004,62.180004000000004,863900
4831,2014-03-12,62.630001,62.970001,62.470001,62.810001,62.130547,1040500
4832,2014-03-13,62.869999,63.040001000000004,61.740002000000004,61.93,61.26006700000001,905000
4833,2014-03-14,61.75,62.619999,61.75,62.59,61.912926,759100
4834,2014-03-17,62.82,63.779999,62.799999,63.27,62.585570999999995,1028800
4835,2014-03-18,63.41,64.029999,63.25,63.990002000000004,63.297782999999995,596600
4836,2014-03-19,64.0,64.139999,63.43,63.779999,63.09005,775500
4837,2014-03-20,63.639998999999996,64.16999799999999,63.43,64.139999,63.44615600000001,515700
4838,2014-03-21,64.639999,65.58000200000001,64.510002,64.82,64.11880500000001,1803000
4839,2014-03-24,64.959999,65.010002,63.669998,63.689999,63.001022,1122200
4840,2014-03-25,63.939999,64.120003,63.66,63.830002,63.139506999999995,807700
4841,2014-03-26,64.050003,64.25,63.150002,63.16,62.476760999999996,983500
4842,2014-03-27,62.919998,63.169998,62.68,62.84,62.160225,842900
4843,2014-03-28,63.0,63.720001,63.0,63.119999,62.437191000000006,703400
4844,2014-03-31,63.689999,63.810001,63.310001,63.5,62.813083999999996,758700
4845,2014-04-01,63.82,63.889998999999996,63.34,63.790001000000004,63.099945,770100
4846,2014-04-02,63.990002000000004,64.5,63.73,64.379997,63.683563,629800
4847,2014-04-03,64.389999,64.75,64.010002,64.33000200000001,63.634102,625100
4848,2014-04-04,64.309998,65.019997,63.779999,63.889998999999996,63.198859999999996,785500
4849,2014-04-07,63.75,63.810001,62.549999,62.889998999999996,62.209679,1024000
4850,2014-04-08,62.610001000000004,63.119999,62.560001,62.830002,62.150332999999996,811900
4851,2014-04-09,63.119999,63.43,62.779999,63.34,62.654812,722600
4852,2014-04-10,63.349998,63.630001,62.689999,62.77,62.090981000000006,986600
4853,2014-04-11,62.259997999999996,62.84,61.439999,61.450001,60.78525500000001,1028800
4854,2014-04-14,61.939999,62.209998999999996,61.380001,61.889998999999996,61.220493000000005,372000
4855,2014-04-15,62.040001000000004,62.299999,60.650002,62.099998,61.428222999999996,672800
4856,2014-04-16,61.389998999999996,63.380001,61.389998999999996,63.0,62.318489,515600
4857,2014-04-17,62.919998,63.990002000000004,62.91,63.73,63.040595999999994,406100
4858,2014-04-21,63.720001,63.889998999999996,63.18,63.689999,63.001022,768600
4859,2014-04-22,63.75,64.989998,63.459998999999996,64.620003,63.920963,806500
4860,2014-04-23,64.480003,64.720001,63.73,63.889998999999996,63.198859999999996,722800
4861,2014-04-24,64.0,64.129997,62.990002000000004,63.360001000000004,62.674595,639100
4862,2014-04-25,63.32,63.32,62.060001,62.099998,61.428222999999996,782700
4863,2014-04-28,62.32,62.700001,61.16,62.200001,61.527145,967600
4864,2014-04-29,55.57,58.02,55.5,57.07,56.452641,3833700
4865,2014-04-30,57.080002,57.82,56.389998999999996,57.700001,57.075821,1982200
4866,2014-05-01,57.68,58.400002,57.290001000000004,58.080002,57.451714,1790700
4867,2014-05-02,58.040001000000004,58.5,56.68,56.779999,56.165775,3309500
4868,2014-05-05,56.580002,57.040001000000004,56.130001,56.650002,56.037186,2720800
4869,2014-05-06,56.669998,57.099998,56.57,56.639998999999996,56.02729,1680100
4870,2014-05-07,56.84,57.119999,56.360001000000004,57.07,56.452641,1658200
4871,2014-05-08,56.869999,57.32,56.23,56.57,55.958045999999996,805800
4872,2014-05-09,56.57,56.759997999999996,56.07,56.130001,55.522808,1067300
4873,2014-05-12,56.380001,56.630001,55.950001,56.259997999999996,55.651398,1327700
4874,2014-05-13,56.419998,56.619999,55.810001,55.849998,55.245833999999995,1087600
4875,2014-05-14,55.84,55.990002000000004,54.43,54.48,53.89065600000001,1313900
4876,2014-05-15,54.48,54.549999,52.57,53.849998,53.26747099999999,2838800
4877,2014-05-16,54.0,54.009997999999996,53.139998999999996,53.279999,52.70364,1182800
4878,2014-05-19,53.25,53.610001000000004,53.18,53.330002,52.753098,1289000
4879,2014-05-20,53.18,53.57,52.57,52.919998,52.34753,1028600
4880,2014-05-21,53.02,53.209998999999996,52.740002000000004,53.049999,52.476119999999995,1212400
4881,2014-05-22,53.099998,53.259997999999996,52.689999,53.169998,52.594826,1351000
4882,2014-05-23,53.029999,53.700001,53.029999,53.349998,52.772877,771100
4883,2014-05-27,53.59,54.560001,53.5,54.52,53.930225,1470200
4884,2014-05-28,54.529999,54.990002000000004,54.310001,54.619999,54.029140000000005,2050700
4885,2014-05-29,54.759997999999996,54.880001,54.360001000000004,54.75,54.157734,1116200
4886,2014-05-30,54.740002000000004,55.130001,54.66,55.07,54.474274,737700
4887,2014-06-02,55.049999,55.549999,54.91,55.5,54.89962,883600
4888,2014-06-03,55.27,55.459998999999996,54.549999,54.970001,54.375355000000006,1192900
4889,2014-06-04,54.830002,55.52,54.77,55.139998999999996,54.543518000000006,598600
4890,2014-06-05,55.119999,56.189999,55.119999,55.959998999999996,55.354641,713200
4891,2014-06-06,56.07,57.029999,56.049999,56.700001,56.086643,783900
4892,2014-06-09,56.52,57.18,56.470001,57.07,56.452641,1109700
4893,2014-06-10,56.75,56.830002,56.290001000000004,56.439999,55.829453,1122200
4894,2014-06-11,56.189999,56.189999,54.860001000000004,54.990002000000004,54.39514200000001,1381000
4895,2014-06-12,54.990002000000004,55.220001,54.549999,54.650002,54.05881899999999,757300
4896,2014-06-13,54.689999,54.990002000000004,54.540001000000004,54.740002000000004,54.147842000000004,569500
4897,2014-06-16,54.57,54.990002000000004,54.34,54.650002,54.05881899999999,705100
4898,2014-06-17,54.5,55.07,54.16,54.689999,54.098381,727200
4899,2014-06-18,54.709998999999996,54.990002000000004,53.82,54.709998999999996,54.118164,1369500
4900,2014-06-19,54.68,55.040001000000004,54.43,54.880001,54.286331000000004,688900
4901,2014-06-20,55.09,55.790001000000004,55.049999,55.669998,55.067783,1364900
4902,2014-06-23,55.599998,55.869999,55.0,55.18,54.58308,1095500
4903,2014-06-24,54.810001,55.240002000000004,54.470001,54.549999,53.9599,1043600
4904,2014-06-25,54.5,54.650002,53.25,53.57,52.990501,1428100
4905,2014-06-26,53.650002,53.68,52.84,53.34,52.762985,784700
4906,2014-06-27,53.240002000000004,53.810001,53.130001,53.549999,52.970715000000006,928300
4907,2014-06-30,53.57,53.759997999999996,52.919998,53.279999,52.70364,855100
4908,2014-07-01,53.330002,53.66,53.130001,53.209998999999996,52.634395999999995,1137100
4909,2014-07-02,53.209998999999996,53.509997999999996,52.91,53.07,52.495911,1152300
4910,2014-07-03,53.25,53.68,53.09,53.57,52.990501,968500
4911,2014-07-07,53.439999,53.610001000000004,52.889998999999996,53.560001,52.98061,961900
4912,2014-07-08,53.349998,53.75,53.080002,53.330002,52.753098,1356000
4913,2014-07-09,53.330002,53.68,53.18,53.290001000000004,52.713528000000004,536200
4914,2014-07-10,52.919998,53.470001,52.790001000000004,53.150002,52.575047,1037500
4915,2014-07-11,53.060001,54.09,52.650002,53.849998,53.26747099999999,1288700
4916,2014-07-14,54.290001000000004,54.740002000000004,54.169998,54.209998999999996,53.623573,1130200
4917,2014-07-15,54.209998999999996,54.77,54.209998999999996,54.369999,53.781845,1220100
4918,2014-07-16,54.389998999999996,54.529999,54.060001,54.349998,53.762062,863600
4919,2014-07-17,54.099998,54.450001,53.880001,54.049999,53.465309,928600
4920,2014-07-18,54.189999,54.630001,53.970001,54.560001,53.969788,781400
4921,2014-07-21,54.279999,54.689999,54.259997999999996,54.369999,53.781845,550300
4922,2014-07-22,54.529999,54.740002000000004,54.25,54.560001,53.969788,854300
4923,2014-07-23,54.950001,54.950001,54.419998,54.869999,54.276436,623500
4924,2014-07-24,55.0,55.0,54.529999,54.849998,54.256653,1125600
4925,2014-07-25,54.619999,54.669998,53.799999,53.990002000000004,53.405956,883000
4926,2014-07-28,53.470001,54.0,53.119999,53.939999,53.356499,1324900
4927,2014-07-29,53.849998,55.0,52.369999,52.369999,51.803478000000005,1982300
4928,2014-07-30,52.5,52.650002,51.509997999999996,51.75,51.190189000000004,1602800
4929,2014-07-31,51.389998999999996,51.700001,50.73,50.810001,50.260357,1311600
4930,2014-08-01,50.580002,51.07,49.790001000000004,50.27,49.726196,1411100
4931,2014-08-04,50.290001000000004,50.560001,49.849998,50.509997999999996,49.9636,1128200
4932,2014-08-05,50.34,50.91,49.84,50.040001000000004,49.498692,1211800
4933,2014-08-06,49.799999,50.450001,49.689999,49.950001,49.409659999999995,1048200
4934,2014-08-07,50.18,50.290001000000004,49.57,50.0,49.459118,933000
4935,2014-08-08,50.09,50.709998999999996,49.93,50.689999,50.141655,809100
4936,2014-08-11,50.900002,51.720001,50.810001,51.209998999999996,50.656029,668100
4937,2014-08-12,51.259997999999996,51.580002,50.560001,50.720001,50.171333000000004,566500
4938,2014-08-13,50.889998999999996,51.400002,50.709998999999996,51.400002,50.843971,536200
4939,2014-08-14,51.490002000000004,52.18,51.27,52.139998999999996,51.57597,974000
4940,2014-08-15,52.34,52.450001,51.029999,51.27,50.715382,674500
4941,2014-08-18,51.52,52.41,51.52,52.34,51.773808,615300
4942,2014-08-19,52.34,52.619999,52.189999,52.259997999999996,51.694668,395500
4943,2014-08-20,52.740002000000004,53.959998999999996,52.740002000000004,53.900002,53.316929,1566100
4944,2014-08-21,53.84,54.580002,53.369999,54.400002,53.811527000000005,1150000
4945,2014-08-22,54.189999,54.189999,53.759997999999996,53.889998999999996,53.307037,669600
4946,2014-08-25,54.130001,54.380001,53.82,54.299999,53.712601,615500
4947,2014-08-26,54.439999,54.700001,54.279999,54.57,53.979679000000004,421000
4948,2014-08-27,54.560001,54.740002000000004,54.209998999999996,54.419998,53.831303000000005,406800
4949,2014-08-28,54.259997999999996,54.549999,53.919998,54.310001,53.722496,367000
4950,2014-08-29,54.349998,54.490002000000004,53.450001,53.91,53.326824,730600
4951,2014-09-02,54.07,54.700001,53.27,53.619999,53.039958999999996,705100
4952,2014-09-03,53.759997999999996,53.900002,53.209998999999996,53.299999,52.72341899999999,664700
4953,2014-09-04,53.330002,53.599998,52.75,52.889998999999996,52.317859999999996,721700
4954,2014-09-05,52.82,53.330002,52.389998999999996,53.310001,52.733315000000005,744700
4955,2014-09-08,53.259997999999996,53.849998,53.150002,53.779999,53.198223,1033400
4956,2014-09-09,53.950001,53.950001,53.34,53.540001000000004,52.960827,913500
4957,2014-09-10,53.459998999999996,53.599998,52.849998,53.419998,52.842117,985700
4958,2014-09-11,53.259997999999996,53.700001,53.130001,53.650002,53.069637,739000
4959,2014-09-12,53.509997999999996,53.77,53.189999,53.459998999999996,52.881691000000004,1229900
4960,2014-09-15,53.32,53.52,52.849998,53.23,52.654175,670000
4961,2014-09-16,53.16,53.700001,52.849998,53.400002,52.822338,1344200
4962,2014-09-17,53.439999,53.810001,52.73,52.77,52.199154,1000900
4963,2014-09-18,52.849998,53.09,52.599998,53.029999,52.456341,918000
4964,2014-09-19,53.360001000000004,53.450001,52.43,52.52,51.951859000000006,925900
4965,2014-09-22,52.43,52.450001,51.59,52.150002,51.585857,1513400
4966,2014-09-23,51.57,51.59,50.860001000000004,51.02,50.468086,1765100
4967,2014-09-24,50.959998999999996,51.0,50.18,50.34,49.795444,1363500
4968,2014-09-25,50.189999,50.369999,49.360001000000004,49.52,48.98431,1380500
4969,2014-09-26,49.419998,49.82,49.130001,49.68,49.142582,966100
4970,2014-09-29,49.389998999999996,49.939999,49.25,49.32,48.786476,1370700
4971,2014-09-30,49.369999,49.84,48.59,48.82,48.291885,1354400
4972,2014-10-01,48.810001,48.810001,47.259997999999996,47.349998,46.837784,2194900
4973,2014-10-02,47.200001,47.48,46.240002000000004,46.880001,46.372875,1848300
4974,2014-10-03,47.060001,47.580002,47.02,47.25,46.738869,1372900
4975,2014-10-06,47.360001000000004,47.939999,46.990002000000004,47.34,46.827896,1227600
4976,2014-10-07,47.009997999999996,47.720001,47.009997999999996,47.16,46.649840999999995,2200700
4977,2014-10-08,47.139998999999996,48.029999,46.759997999999996,48.009997999999996,47.490643,1891300
4978,2014-10-09,47.900002,48.099998,47.09,47.25,46.738869,1578200
4979,2014-10-10,47.23,47.560001,46.400002,46.709998999999996,46.204708000000004,1895600
4980,2014-10-13,46.790001000000004,47.450001,46.220001,46.25,45.74968,1684600
4981,2014-10-14,46.650002,47.639998999999996,46.259997999999996,46.700001,46.19482,1626500
4982,2014-10-15,45.880001,46.98,45.130001,46.720001,46.214603000000004,1899600
4983,2014-10-16,45.860001000000004,46.720001,45.040001000000004,45.23,44.740719,2792100
4984,2014-10-17,45.790001000000004,46.139998999999996,45.459998999999996,45.959998999999996,45.462818,1857100
4985,2014-10-20,45.740002000000004,46.099998,45.27,45.400002,44.908882,1277400
4986,2014-10-21,45.549999,46.82,45.470001,46.639998999999996,46.135467999999996,1478300
4987,2014-10-22,46.689999,46.860001000000004,45.709998999999996,45.709998999999996,45.215523,752200
4988,2014-10-23,46.029999,47.700001,46.029999,47.310001,46.798221999999996,1251200
4989,2014-10-24,47.240002000000004,47.41,46.610001000000004,47.360001000000004,46.847675,688900
4990,2014-10-27,47.139998999999996,47.459998999999996,46.630001,47.029999,46.521248,784600
4991,2014-10-28,47.18,47.509997999999996,46.889998999999996,47.400002,46.887245,1673900
4992,2014-10-29,47.389998999999996,47.540001000000004,46.75,47.189999,46.679520000000004,1283100
4993,2014-10-30,46.98,47.599998,46.5,47.150002,46.639946,961900
4994,2014-10-31,47.68,48.040001000000004,47.25,47.450001,46.936707,1473000
4995,2014-11-03,47.43,47.610001000000004,46.990002000000004,47.07,46.560814,1038600
4996,2014-11-04,46.919998,47.27,46.490002000000004,46.84,46.333302,1577900
4997,2014-11-05,47.27,48.150002,46.82,47.93,47.411514000000004,1127100
4998,2014-11-06,48.060001,48.41,47.689999,47.919998,47.401619000000004,977800
4999,2014-11-07,48.02,48.490002000000004,47.869999,48.259997999999996,47.737938,1061000
5000,2014-11-10,48.07,48.540001000000004,47.330002,47.619999,47.104862,1212800
5001,2014-11-11,47.509997999999996,47.810001,47.290001000000004,47.580002,47.0653,934100
5002,2014-11-12,47.41,48.5,47.400002,48.400002,47.876427,1037500
5003,2014-11-13,48.209998999999996,48.470001,47.060001,47.48,46.966377,928400
5004,2014-11-14,47.360001000000004,48.07,47.209998999999996,47.689999,47.174107,1080200
5005,2014-11-17,47.540001000000004,47.540001000000004,46.939999,47.23,46.719086,1071500
5006,2014-11-18,47.279999,48.389998999999996,46.720001,47.700001,47.184002,2297200
5007,2014-11-19,47.349998,47.599998,47.060001,47.200001,46.689411,1903300
5008,2014-11-20,47.0,49.259997999999996,46.950001,48.75,48.222637,1435800
5009,2014-11-21,49.470001,49.900002,48.91,49.080002,48.549071999999995,1628800
5010,2014-11-24,48.25,48.380001,47.119999,47.509997999999996,46.996052,2816200
5011,2014-11-25,47.73,48.66,47.599998,48.330002,47.807186,2079700
5012,2014-11-26,48.25,48.459998999999996,47.419998,47.470001,46.956486,1293000
5013,2014-11-28,47.009997999999996,47.060001,45.900002,46.450001,45.947521,1262400
5014,2014-12-01,46.25,46.419998,45.279999,45.970001,45.472716999999996,2461800
5015,2014-12-02,45.5,46.610001000000004,45.5,46.580002,46.076118,2636300
5016,2014-12-03,46.950001,47.959998999999996,46.73,46.790001000000004,46.283844,1572400
5017,2014-12-04,46.560001,46.610001000000004,45.900002,46.310001,45.809036,1087500
5018,2014-12-05,46.299999,46.830002,46.0,46.310001,45.809036,1314500
5019,2014-12-08,46.139998999999996,46.150002,44.869999,44.93,44.443965999999996,1018300
5020,2014-12-09,44.490002000000004,44.689999,44.09,44.400002,43.919701,1738100
5021,2014-12-10,44.049999,44.09,42.060001,42.220001,41.763283,2105000
5022,2014-12-11,42.400002,42.75,42.0,42.52,42.06004,1881200
5023,2014-12-12,42.029999,42.400002,41.009997999999996,41.009997999999996,40.566368,1598600
5024,2014-12-15,41.209998999999996,41.709998999999996,40.200001,40.389998999999996,39.953075,2398100
5025,2014-12-16,39.990002000000004,40.84,39.779999,40.18,39.745346000000005,3162800
5026,2014-12-17,40.150002,41.099998,39.830002,41.080002,40.635612,2439600
5027,2014-12-18,41.82,42.25,41.439999,42.240002000000004,41.783062,1211100
5028,2014-12-19,42.400002,43.330002,42.200001,43.25,42.782139,3018800
5029,2014-12-22,43.330002,43.810001,43.189999,43.52,43.049217,1365300
5030,2014-12-23,43.73,44.84,43.549999,44.52,44.038399,1317900
5031,2014-12-24,44.5,44.73,44.150002,44.459998999999996,43.97905,419000
5032,2014-12-26,44.689999,44.990002000000004,44.389998999999996,44.560001,44.077969,430100
5033,2014-12-29,44.490002000000004,45.490002000000004,44.369999,45.040001000000004,44.552776,884900
5034,2014-12-30,44.75,45.360001000000004,44.52,45.16,44.671473999999996,1086000
5035,2014-12-31,45.25,45.349998,44.59,44.689999,44.206558,1041000
5036,2015-01-02,44.810001,45.029999,44.060001,44.639998999999996,44.157104,776800
5037,2015-01-05,44.119999,44.169998,42.759997999999996,43.029999,42.564514,1301800
5038,2015-01-06,42.990002000000004,43.02,41.720001,42.25,41.792953000000004,1561100
5039,2015-01-07,42.560001,42.900002,41.529999,41.689999,41.23901,1540700
5040,2015-01-08,42.09,43.200001,41.75,43.189999,42.72279,1407900
5041,2015-01-09,43.150002,43.41,41.900002,42.029999,41.575333,855700
5042,2015-01-12,41.880001,41.990002000000004,40.599998,40.759997999999996,40.319072999999996,1241800
5043,2015-01-13,41.029999,41.209998999999996,39.91,40.259997999999996,39.824482,1651300
5044,2015-01-14,39.549999,40.060001,39.029999,39.889998999999996,39.458481,1337300
5045,2015-01-15,40.240002000000004,40.529999,38.509997999999996,38.560001,38.142872,1700900
5046,2015-01-16,38.360001000000004,39.07,38.139998999999996,38.950001,38.528656,1615800
5047,2015-01-20,38.939999,39.189999,38.669998,38.970001,38.548435,1170400
5048,2015-01-21,38.880001,39.669998,38.880001,39.580002,39.15184,1630200
5049,2015-01-22,39.720001,39.830002,39.189999,39.599998,39.171619,1069600
5050,2015-01-23,39.439999,40.029999,39.200001,39.790001000000004,39.35957,1266100
5051,2015-01-26,39.799999,40.09,39.240002000000004,39.970001,39.537624,1368600
5052,2015-01-27,39.279999,39.66,38.630001,39.119999,38.696815,1318500
5053,2015-01-28,39.240002000000004,39.330002,38.32,38.360001000000004,37.945038000000004,1780800
5054,2015-01-29,39.529999,39.990002000000004,38.139998999999996,38.75,38.330814000000004,2531800
5055,2015-01-30,38.27,38.470001,37.869999,38.099998,37.687847,1931200
5056,2015-02-02,38.400002,40.02,38.220001,39.849998,39.418919,2422900
5057,2015-02-03,40.5,41.619999,40.48,41.119999,40.675175,2172800
5058,2015-02-04,40.790001000000004,40.790001000000004,39.400002,39.799999,39.369457000000004,1948200
5059,2015-02-05,40.110001000000004,41.009997999999996,39.950001,40.869999,40.427883,1294500
5060,2015-02-06,40.98,41.23,40.639998999999996,40.91,40.467449,1446300
5061,2015-02-09,40.82,41.59,40.82,41.439999,40.991718,1249300
5062,2015-02-10,41.599998,41.689999,40.82,41.459998999999996,41.011501,1110700
5063,2015-02-11,41.209998999999996,42.080002,41.130001,41.939999,41.486309000000006,1362600
5064,2015-02-12,42.18,42.580002,42.130001,42.560001,42.099602000000004,1416900
5065,2015-02-13,42.849998,43.330002,42.77,43.27,42.801922,1565000
5066,2015-02-17,43.23,43.259997999999996,42.669998,43.25,42.782139,1309000
5067,2015-02-18,43.23,43.98,43.169998,43.82,43.34597,1371100
5068,2015-02-19,43.529999,43.889998999999996,43.189999,43.810001,43.336082,1151900
5069,2015-02-20,43.610001000000004,44.450001,43.23,44.439999,43.959263,1220200
5070,2015-02-23,44.43,44.43,43.779999,44.200001,43.721863,1173900
5071,2015-02-24,44.310001,44.709998999999996,44.150002,44.509997999999996,44.028503,892100
5072,2015-02-25,44.639998999999996,44.880001,44.5,44.75,44.265910999999996,1000300
5073,2015-02-26,44.720001,44.810001,44.369999,44.540001000000004,44.058182,1603600
5074,2015-02-27,44.549999,44.860001000000004,44.16,44.34,43.860347999999995,1564600
5075,2015-03-02,44.34,44.490002000000004,43.639998999999996,44.189999,43.711964,2153300
5076,2015-03-03,44.110001000000004,44.25,43.849998,43.990002000000004,43.514133,1403700
5077,2015-03-04,43.75,43.889998999999996,43.139998999999996,43.779999,43.3064,1134000
5078,2015-03-05,43.959998999999996,44.029999,43.450001,43.849998,43.375648,1180000
5079,2015-03-06,43.400002,44.049999,42.919998,43.09,42.623871,1338400
5080,2015-03-09,43.080002,43.34,42.869999,43.259997999999996,42.792027000000004,927200
5081,2015-03-10,42.82,43.650002,42.740002000000004,43.349998,42.881054,1909500
5082,2015-03-11,43.34,43.34,42.639998999999996,43.040001000000004,42.574409,1356500
5083,2015-03-12,43.130001,43.689999,42.759997999999996,43.630001,43.158031,1155200
5084,2015-03-13,43.419998,43.57,42.75,43.220001,42.752464,1124000
5085,2015-03-16,43.23,43.669998,42.889998999999996,43.66,43.187706,682600
5086,2015-03-17,43.360001000000004,43.740002000000004,43.060001,43.490002000000004,43.019543,662200
5087,2015-03-18,43.18,44.650002,42.939999,44.630001,44.147209000000004,1336500
5088,2015-03-19,44.23,44.32,43.490002000000004,43.990002000000004,43.514133,1255300
5089,2015-03-20,44.220001,44.860001000000004,44.009997999999996,44.799999,44.315369,1517900
5090,2015-03-23,44.810001,45.080002,44.580002,44.959998999999996,44.47364,868300
5091,2015-03-24,45.009997999999996,45.16,44.48,45.110001000000004,44.622017,970100
5092,2015-03-25,45.349998,45.43,44.700001,44.950001,44.463749,1070100
5093,2015-03-26,44.919998,45.310001,44.580002,44.959998999999996,44.47364,970800
5094,2015-03-27,44.759997999999996,44.869999,44.009997999999996,44.279999,43.800995,1044400
5095,2015-03-30,44.540001000000004,45.029999,44.209998999999996,44.959998999999996,44.47364,897600
5096,2015-03-31,44.650002,45.32,44.490002000000004,45.16,44.671473999999996,874400
5097,2015-04-01,45.189999,45.23,44.189999,44.310001,43.830673,1173800
5098,2015-04-02,44.299999,45.080002,44.009997999999996,44.279999,43.800995,860300
5099,2015-04-06,44.139998999999996,45.529999,44.139998999999996,45.25,44.760506,1015000
5100,2015-04-07,45.18,45.259997999999996,44.709998999999996,44.950001,44.463749,789800
5101,2015-04-08,44.970001,45.27,44.700001,45.25,44.760506,778600
5102,2015-04-09,45.25,46.009997999999996,45.0,45.900002,45.403469,1022100
5103,2015-04-10,46.0,46.650002,45.82,46.599998,46.095894,1301400
5104,2015-04-13,46.150002,46.689999,45.299999,46.419998,45.917846999999995,1717000
5105,2015-04-14,46.330002,46.849998,46.060001,46.799999,46.293735999999996,1060900
5106,2015-04-15,46.950001,48.25,46.73,48.209998999999996,47.68848,1510000
5107,2015-04-16,48.040001000000004,48.080002,47.459998999999996,47.759997999999996,47.243347,1165000
5108,2015-04-17,47.290001000000004,47.59,47.0,47.459998999999996,46.946594,1111400
5109,2015-04-20,47.700001,47.860001000000004,47.34,47.389998999999996,46.87735,681300
5110,2015-04-21,47.48,47.48,46.91,47.119999,46.610275,803000
5111,2015-04-22,47.150002,47.18,46.48,46.950001,46.442112,659200
5112,2015-04-23,46.990002000000004,47.43,46.650002,47.16,46.649840999999995,782200
5113,2015-04-24,46.84,47.040001000000004,45.869999,46.310001,45.809036,1394900
5114,2015-04-27,46.389998999999996,47.130001,46.389998999999996,46.66,46.155251,888400
5115,2015-04-28,42.73,44.139998999999996,41.68,44.0,43.524025,3938700
5116,2015-04-29,43.57,44.450001,43.310001,44.150002,43.672401,2321000
5117,2015-04-30,43.700001,44.189999,42.75,42.860001000000004,42.396355,1575100
5118,2015-05-01,42.75,43.369999,42.669998,42.75,42.287544,1655900
5119,2015-05-04,42.869999,43.509997999999996,42.68,42.889998999999996,42.426033000000004,1640600
5120,2015-05-05,43.02,43.669998,42.639998999999996,42.799999,42.337006,1932900
5121,2015-05-06,43.139998999999996,43.400002,42.5,42.950001,42.485386,1190500
5122,2015-05-07,43.0,43.41,42.889998999999996,43.290001000000004,42.821701000000004,887100
5123,2015-05-08,43.790001000000004,44.119999,43.419998,43.75,43.276726000000004,1232900
5124,2015-05-11,43.66,44.099998,43.48,43.790001000000004,43.316299,709200
5125,2015-05-12,43.66,43.990002000000004,43.310001,43.529999,43.059104999999995,903500
5126,2015-05-13,43.669998,44.25,43.549999,44.029999,43.553699,1036900
5127,2015-05-14,44.32,44.52,43.75,44.290001000000004,43.81089,939700
5128,2015-05-15,44.259997999999996,44.299999,43.779999,44.0,43.524025,1054600
5129,2015-05-18,43.939999,44.32,43.59,44.259997999999996,43.781208,859900
5130,2015-05-19,44.130001,44.209998999999996,43.369999,43.740002000000004,43.266842,813900
5131,2015-05-20,43.830002,44.240002000000004,43.610001000000004,44.169998,43.692184000000005,620900
5132,2015-05-21,44.240002000000004,44.66,44.110001000000004,44.32,43.840561,568900
5133,2015-05-22,44.110001000000004,44.459998999999996,43.549999,43.57,43.098679,650300
5134,2015-05-26,43.330002,43.5,42.84,43.049999,42.584301,987900
5135,2015-05-27,43.200001,43.599998,42.84,43.560001,43.088786999999996,693800
5136,2015-05-28,43.34,43.59,43.029999,43.34,42.871165999999995,725100
5137,2015-05-29,43.400002,43.619999,43.02,43.259997999999996,42.792027000000004,1530300
5138,2015-06-01,43.380001,43.790001000000004,43.119999,43.450001,42.979977000000005,835300
5139,2015-06-02,43.189999,43.91,43.040001000000004,43.66,43.187706,1186900
5140,2015-06-03,43.720001,44.560001,43.630001,44.25,43.77132,1113000
5141,2015-06-04,43.880001,43.880001,43.099998,43.16,42.693111,1878500
5142,2015-06-05,43.049999,43.720001,42.919998,43.639998999999996,43.167915,1652900
5143,2015-06-08,43.349998,43.529999,42.560001,42.650002,42.188633,1712300
5144,2015-06-09,42.91,43.419998,42.599998,42.939999,42.475491,1085200
5145,2015-06-10,43.299999,43.720001,43.18,43.669998,43.197594,1012700
5146,2015-06-11,43.619999,43.759997999999996,43.369999,43.450001,42.979977000000005,522200
5147,2015-06-12,43.099998,43.369999,42.810001,43.110001000000004,42.643654,533600
5148,2015-06-15,42.68,42.849998,42.209998999999996,42.299999,41.842415,960300
5149,2015-06-16,42.290001000000004,42.73,42.18,42.68,42.2183,689600
5150,2015-06-17,42.849998,43.169998,42.5,42.790001000000004,42.327114,688800
5151,2015-06-18,42.939999,43.32,42.709998999999996,43.189999,42.72279,877000
5152,2015-06-19,43.119999,43.700001,43.060001,43.540001000000004,43.069,1794100
5153,2015-06-22,43.82,44.099998,43.57,43.759997999999996,43.286617,1393100
5154,2015-06-23,43.759997999999996,44.02,43.560001,43.860001000000004,43.38554,1065900
5155,2015-06-24,43.779999,44.07,43.02,43.029999,42.564514,1064300
5156,2015-06-25,43.060001,43.240002000000004,42.41,42.5,42.040248999999996,828400
5157,2015-06-26,42.5,42.73,42.139998999999996,42.23,41.773174,1643200
5158,2015-06-29,41.77,42.189999,40.509997999999996,40.650002,40.210266,1769000
5159,2015-06-30,41.119999,41.279999,40.52,40.619999,40.180584,1666900
5160,2015-07-01,41.029999,41.200001,40.32,40.639998999999996,40.200375,1008100
5161,2015-07-02,40.75,41.0,40.25,40.419998,39.98275,861500
5162,2015-07-06,39.830002,40.330002,39.689999,39.919998,39.488159,1396500
5163,2015-07-07,39.860001000000004,40.130001,39.27,40.049999,39.616753,1836800
5164,2015-07-08,39.68,40.18,39.59,39.860001000000004,39.42881,2320900
5165,2015-07-09,40.419998,41.549999,39.77,39.84,39.409027,1632200
5166,2015-07-10,40.299999,40.43,39.830002,40.150002,39.715672,1109800
5167,2015-07-13,40.380001,41.009997999999996,40.349998,40.830002,40.388321000000005,759600
5168,2015-07-14,40.740002000000004,41.529999,40.709998999999996,41.299999,40.853229999999996,1721200
5169,2015-07-15,40.990002000000004,41.240002000000004,40.09,40.189999,39.755238,1069200
5170,2015-07-16,40.5,40.68,40.23,40.450001,40.012428,665800
5171,2015-07-17,40.529999,40.700001,39.630001,39.98,39.547508,1273900
5172,2015-07-20,39.93,40.299999,39.630001,40.25,39.81459,950200
5173,2015-07-21,40.220001,40.98,40.220001,40.779999,40.33886,1282500
5174,2015-07-22,40.59,41.040001000000004,40.540001000000004,40.759997999999996,40.319072999999996,1256300
5175,2015-07-23,40.82,41.080002,40.259997999999996,40.290001000000004,39.85416,2182500
5176,2015-07-24,40.310001,40.419998,39.240002000000004,39.560001,39.132061,1738400
5177,2015-07-27,39.07,39.720001,38.880001,39.599998,39.171619,1999900
5178,2015-07-28,39.490002000000004,41.889998999999996,39.369999,41.689999,41.23901,2804400
5179,2015-07-29,41.900002,43.02,41.689999,42.689999,42.228195,2479100
5180,2015-07-30,42.580002,43.0,42.380001,42.91,42.445816,1258900
5181,2015-07-31,43.049999,43.27,41.650002,42.119999,41.664364,2016600
5182,2015-08-03,41.900002,42.57,41.57,42.549999,42.08971,1921400
5183,2015-08-04,42.740002000000004,43.0,42.380001,42.419998,41.961113,1283300
5184,2015-08-05,43.200001,43.549999,42.580002,42.630001,42.168846,1790900
5185,2015-08-06,42.740002000000004,43.650002,42.580002,43.490002000000004,43.019543,2020700
5186,2015-08-07,43.27,43.689999,43.16,43.23,42.762352,766000
5187,2015-08-10,43.630001,44.639998999999996,43.400002,44.599998,44.117535,1157500
5188,2015-08-11,44.099998,44.560001,43.59,44.34,43.860347999999995,1472900
5189,2015-08-12,43.830002,44.360001000000004,43.389998999999996,44.16,43.682293,2506100
5190,2015-08-13,43.84,44.209998999999996,43.59,43.790001000000004,43.316299,1217300
5191,2015-08-14,43.830002,44.52,43.790001000000004,44.16,43.682293,1124800
5192,2015-08-17,43.869999,44.110001000000004,43.490002000000004,43.939999,43.464672,1511200
5193,2015-08-18,43.720001,43.799999,42.939999,43.360001000000004,42.890945,1135700
5194,2015-08-19,43.0,43.580002,42.810001,43.040001000000004,42.574409,1423200
5195,2015-08-20,42.790001000000004,42.810001,41.75,41.75,41.298367,1306100
5196,2015-08-21,41.360001000000004,41.630001,40.279999,40.310001,39.873943,1845800
5197,2015-08-24,38.5,39.82,38.009997999999996,38.259997999999996,37.846115000000005,3069000
5198,2015-08-25,39.43,39.43,37.049999,37.049999,36.649204,2602900
5199,2015-08-26,38.0,38.009997999999996,36.82,37.59,37.183361,2564000
5200,2015-08-27,38.119999,39.560001,38.040001000000004,39.400002,38.973785,1975600
5201,2015-08-28,39.240002000000004,40.299999,39.200001,39.959998999999996,39.527725,1644100
5202,2015-08-31,39.669998,40.740002000000004,39.509997999999996,40.41,39.972858,1385100
5203,2015-09-01,39.48,40.07,39.240002000000004,39.48,39.052917,1674100
5204,2015-09-02,40.02,40.07,39.27,39.970001,39.537624,1365400
5205,2015-09-03,40.07,40.849998,39.91,40.34,39.903618,793900
5206,2015-09-04,39.77,40.09,39.279999,39.43,39.00346,1065700
5207,2015-09-08,40.150002,40.32,39.889998999999996,40.07,39.636536,1577300
5208,2015-09-09,40.470001,40.77,39.700001,39.790001000000004,39.35957,1049600
5209,2015-09-10,39.810001,40.049999,39.119999,39.84,39.409027,1009800
5210,2015-09-11,39.630001,40.189999,39.52,40.189999,39.755238,990200
5211,2015-09-14,39.990002000000004,40.029999,39.18,39.25,38.825409,1595500
5212,2015-09-15,39.650002,39.650002,39.150002,39.200001,38.775951,2682300
5213,2015-09-16,39.310001,39.669998,39.18,39.27,38.845196,2768700
5214,2015-09-17,39.240002000000004,39.919998,39.110001000000004,39.200001,38.775951,2740400
5215,2015-09-18,38.740002000000004,38.75,37.740002000000004,37.889998999999996,37.480118,1817300
5216,2015-09-21,38.150002,38.200001,37.689999,37.98,37.569148999999996,2275900
5217,2015-09-22,37.389998999999996,37.5,37.049999,37.41,37.005314,1871600
5218,2015-09-23,37.560001,37.639998999999996,36.900002,37.0,36.599747,1095700
5219,2015-09-24,36.689999,37.599998,36.27,37.349998,36.945957,2343500
5220,2015-09-25,37.700001,37.720001,37.209998999999996,37.360001000000004,36.955853000000005,1551800
5221,2015-09-28,37.02,37.299999,36.470001,36.650002,36.253536,1739100
5222,2015-09-29,36.669998,37.369999,36.549999,37.310001,36.906395,1901100
5223,2015-09-30,37.650002,37.950001,36.869999,37.43,37.025101,2873200
5224,2015-10-01,37.610001000000004,37.709998999999996,36.599998,36.759997999999996,36.362343,2079000
5225,2015-10-02,36.330002,37.41,36.049999,37.400002,36.995422,948300
5226,2015-10-05,37.849998,39.419998,37.509997999999996,39.330002,38.904545,1529300
5227,2015-10-06,39.25,40.32,39.02,39.759997999999996,39.329887,1622200
5228,2015-10-07,40.049999,41.119999,39.700001,40.389998999999996,39.953075,1720900
5229,2015-10-08,40.23,41.400002,40.16,41.259997999999996,40.813663,1470000
5230,2015-10-09,41.369999,41.810001,40.950001,41.349998,40.902687,1024700
5231,2015-10-12,41.369999,41.470001,40.619999,40.91,40.467449,680600
5232,2015-10-13,40.639998999999996,41.439999,40.619999,40.880001,40.437775,1214100
5233,2015-10-14,40.740002000000004,41.209998999999996,40.509997999999996,40.650002,40.210266,1143600
5234,2015-10-15,40.669998,40.849998,39.669998,40.57,40.131126,1248300
5235,2015-10-16,40.470001,40.689999,38.790001000000004,39.32,38.89465,1597600
5236,2015-10-19,38.950001,39.490002000000004,38.889998999999996,39.07,38.647358000000004,1032300
5237,2015-10-20,38.84,40.029999,38.830002,39.34,38.914436,1418900
5238,2015-10-21,39.509997999999996,39.669998,38.880001,38.93,38.508865,831100
5239,2015-10-22,39.09,39.830002,38.970001,39.18,38.756165,1004200
5240,2015-10-23,39.43,39.970001,39.279999,39.75,39.32,1052100
5241,2015-10-26,39.66,39.950001,39.509997999999996,39.669998,39.240868,671400
5242,2015-10-27,39.240002000000004,39.540001000000004,37.790001000000004,37.869999,37.460339000000005,1321000
5243,2015-10-28,38.080002,39.369999,38.009997999999996,38.889998999999996,38.469303000000004,1197000
5244,2015-10-29,38.700001,39.240002000000004,38.619999,39.040001000000004,38.61768,740000
5245,2015-10-30,39.150002,40.369999,39.040001000000004,40.139998999999996,39.70578,1241900
5246,2015-11-02,40.119999,41.310001,40.080002,41.240002000000004,40.79388,778100
5247,2015-11-03,41.27,41.900002,40.91,41.59,41.140095,907100
5248,2015-11-04,41.610001000000004,41.880001,41.330002,41.57,41.120315999999995,689400
5249,2015-11-05,41.439999,42.060001,41.150002,41.84,41.38739,714900
5250,2015-11-06,41.41,41.740002000000004,40.889998999999996,41.209998999999996,40.764206,716500
5251,2015-11-09,41.169998,41.299999,40.310001,41.099998,40.655396,1243700
5252,2015-11-10,41.09,41.740002000000004,40.709998999999996,41.5,41.051071,831200
5253,2015-11-11,41.709998999999996,41.709998999999996,41.169998,41.549999,41.100528999999995,520300
5254,2015-11-12,41.040001000000004,41.389998999999996,40.419998,40.43,39.992645,845200
5255,2015-11-13,40.560001,41.25,40.439999,40.720001,40.279509999999995,1012200
5256,2015-11-16,40.599998,41.5,40.439999,41.459998999999996,41.011501,808200
5257,2015-11-17,41.459998999999996,41.720001,40.68,40.93,40.487235999999996,985800
5258,2015-11-18,41.110001000000004,41.860001000000004,41.009997999999996,41.830002,41.377502,920300
5259,2015-11-19,41.73,42.779999,41.700001,42.740002000000004,42.277653,1392600
5260,2015-11-20,42.790001000000004,42.889998999999996,42.240002000000004,42.380001,41.921551,1621700
5261,2015-11-23,40.459998999999996,43.66,40.400002,43.540001000000004,43.069,2504600
5262,2015-11-24,43.5,44.610001000000004,43.450001,43.970001,43.49435,2418900
5263,2015-11-25,43.950001,44.029999,43.189999,43.25,42.782139,1185900
5264,2015-11-27,43.25,43.830002,43.150002,43.470001,42.999756,609600
5265,2015-11-30,43.599998,44.139998999999996,43.049999,44.139998999999996,43.66251,1349400
5266,2015-12-01,44.110001000000004,45.130001,43.990002000000004,44.959998999999996,44.47364,1390300
5267,2015-12-02,44.93,45.41,43.950001,44.139998999999996,43.66251,1208300
5268,2015-12-03,44.349998,45.080002,44.080002,44.73,44.246128000000006,1710600
5269,2015-12-04,44.540001000000004,45.150002,44.09,44.599998,44.117535,1559600
5270,2015-12-07,44.259997999999996,44.639998999999996,43.720001,43.900002,43.425106,1344100
5271,2015-12-08,43.200001,43.450001,42.639998999999996,43.02,42.554629999999996,1534700
5272,2015-12-09,42.990002000000004,43.740002000000004,42.549999,42.77,42.307331,1177100
5273,2015-12-10,42.849998,43.099998,42.66,42.75,42.287544,795300
5274,2015-12-11,42.169998,42.610001000000004,41.790001000000004,41.869999,41.417065,1046300
5275,2015-12-14,41.82,41.869999,41.23,41.700001,41.248905,907200
5276,2015-12-15,42.099998,42.439999,41.82,42.150002,41.694038,905200
5277,2015-12-16,42.369999,42.77,41.849998,42.57,42.109489,1312000
5278,2015-12-17,42.599998,42.599998,41.490002000000004,41.599998,41.149978999999995,677800
5279,2015-12-18,41.389998999999996,41.669998,40.779999,40.779999,40.33886,1199100
5280,2015-12-21,40.98,41.369999,40.639998999999996,40.939999,40.497128000000004,1193100
5281,2015-12-22,41.119999,42.130001,40.919998,41.98,41.525875,662400
5282,2015-12-23,42.439999,43.48,42.130001,43.360001000000004,42.890945,707900
5283,2015-12-24,43.279999,43.59,43.139998999999996,43.299999,42.831596000000005,250400
5284,2015-12-28,42.990002000000004,43.259997999999996,42.360001000000004,42.669998,42.208412,625400
5285,2015-12-29,42.950001,43.34,42.68,43.07,42.604084,692800
5286,2015-12-30,42.779999,43.18,42.419998,42.419998,41.961113,577500
5287,2015-12-31,42.209998999999996,42.599998,41.950001,41.950001,41.496201,510900
5288,2016-01-04,41.349998,41.939999,41.040001000000004,41.919998,41.466522,654100
5289,2016-01-05,41.75,42.119999,41.040001000000004,41.330002,40.882912,632000
5290,2016-01-06,40.48,40.900002,40.299999,40.529999,40.09156,861600
5291,2016-01-07,39.889998999999996,40.299999,39.27,39.439999,39.013351,1074200
5292,2016-01-08,39.599998,39.950001,38.59,38.75,38.330814000000004,1070300
5293,2016-01-11,38.860001000000004,39.16,38.0,38.400002,37.984608,1368600
5294,2016-01-12,38.900002,39.169998,38.290001000000004,39.060001,38.637463000000004,1205600
5295,2016-01-13,39.389998999999996,39.630001,37.830002,38.25,37.836224,1376000
5296,2016-01-14,38.549999,38.810001,37.59,38.380001,37.964817,875400
5297,2016-01-15,37.130001,37.790001000000004,36.75,37.639998999999996,37.232826,1323800
5298,2016-01-19,38.0,38.200001,36.259997999999996,36.439999,36.045803,1269900
5299,2016-01-20,35.869999,37.189999,35.200001,36.779999,36.382126,2028300
5300,2016-01-21,36.869999,37.439999,36.369999,36.619999,36.223858,984200
5301,2016-01-22,37.41,38.41,36.900002,37.41,37.005314,973800
5302,2016-01-25,37.119999,37.700001,36.650002,36.720001,36.322777,833700
5303,2016-01-26,36.889998999999996,37.470001,36.540001000000004,37.459998999999996,37.054771,1762300
5304,2016-01-27,37.400002,38.330002,36.990002000000004,37.459998999999996,37.054771,1210400
5305,2016-01-28,37.889998999999996,38.09,37.389998999999996,37.720001,37.311958000000004,698900
5306,2016-01-29,37.82,39.23,37.450001,39.23,38.805626000000004,1255500
5307,2016-02-01,38.790001000000004,39.220001,38.150002,39.130001,38.706707,1082900
5308,2016-02-02,38.130001,38.91,38.110001000000004,38.66,38.241795,1729500
5309,2016-02-03,38.84,38.84,36.189999,37.349998,36.945957,3067800
5310,2016-02-04,37.220001,38.27,37.110001000000004,37.400002,36.995422,1926400
5311,2016-02-05,37.259997999999996,37.970001,36.82,37.049999,36.649204,1707200
5312,2016-02-08,36.48,36.619999,34.970001,35.709998999999996,35.3237,1245300
5313,2016-02-09,35.349998,35.779999,35.099998,35.5,35.115974,1278300
5314,2016-02-10,35.669998,36.02,35.389998999999996,35.400002,35.017056,932100
5315,2016-02-11,34.91,35.580002,34.759997999999996,35.060001,34.680737,1448000
5316,2016-02-12,35.369999,36.169998,34.950001,36.080002,35.689696999999995,1125500
5317,2016-02-16,36.790001000000004,37.23,36.040001000000004,37.209998999999996,36.80748,1022000
5318,2016-02-17,37.689999,38.84,37.689999,38.43,38.014278000000004,1075900
5319,2016-02-18,38.669998,38.799999,37.580002,38.0,37.588932,678200
5320,2016-02-19,37.43,38.119999,36.689999,37.990002000000004,37.579041,820700
5321,2016-02-22,38.459998999999996,39.189999,38.459998999999996,38.630001,38.212115999999995,892800
5322,2016-02-23,38.43,39.130001,38.049999,38.23,37.816441,697500
5323,2016-02-24,37.68,38.549999,37.27,38.509997999999996,38.09341,591000
5324,2016-02-25,38.689999,38.990002000000004,37.919998,38.470001,38.053847999999995,463000
5325,2016-02-26,38.860001000000004,39.16,38.59,38.860001000000004,38.439625,670100
5326,2016-02-29,38.84,39.099998,38.259997999999996,38.650002,38.231903,790300
5327,2016-03-01,38.880001,39.740002000000004,38.759997999999996,39.66,39.230971999999994,633600
5328,2016-03-02,39.48,40.099998,39.32,39.98,39.547508,519600
5329,2016-03-03,40.040001000000004,40.700001,39.970001,40.580002,40.141026000000004,616300
5330,2016-03-04,40.700001,40.849998,40.16,40.73,40.289394,1076000
5331,2016-03-07,40.580002,41.919998,40.580002,41.75,41.298367,1154800
5332,2016-03-08,41.41,41.610001000000004,40.400002,40.759997999999996,40.319072999999996,861100
5333,2016-03-09,41.09,41.09,40.48,40.75,40.309181,599700
5334,2016-03-10,40.82,40.970001,39.880001,40.599998,40.160804999999996,569100
5335,2016-03-11,40.919998,41.93,40.880001,41.75,41.298367,709300
5336,2016-03-14,41.48,41.68,40.93,41.490002000000004,41.041176,509200
5337,2016-03-15,41.040001000000004,41.549999,40.860001000000004,41.360001000000004,40.912582,621900
5338,2016-03-16,41.220001,42.650002,41.139998999999996,42.380001,41.921551,961400
5339,2016-03-17,42.380001,43.98,42.310001,43.860001000000004,43.38554,1336200
5340,2016-03-18,43.98,44.57,43.73,44.080002,43.603157,818100
5341,2016-03-21,43.91,44.18,43.66,44.139998999999996,43.66251,484800
5342,2016-03-22,44.119999,44.77,43.91,44.59,44.107642999999996,661900
5343,2016-03-23,44.299999,44.400002,43.630001,43.66,43.187706,615100
5344,2016-03-24,43.349998,43.400002,42.919998,43.27,42.801922,700600
5345,2016-03-28,43.5,43.549999,42.759997999999996,43.02,42.554629999999996,690500
5346,2016-03-29,42.869999,43.529999,42.529999,43.529999,43.059104999999995,759000
5347,2016-03-30,43.959998999999996,43.990002000000004,43.490002000000004,43.77,43.296516,482800
5348,2016-03-31,43.720001,43.790001000000004,43.400002,43.549999,43.078896,627800
5349,2016-04-01,43.080002,43.77,42.5,43.759997999999996,43.286617,986800
5350,2016-04-04,43.720001,43.77,42.939999,43.040001000000004,42.574409,565600
5351,2016-04-05,42.57,42.869999,42.240002000000004,42.43,41.971008000000005,908600
5352,2016-04-06,42.509997999999996,42.700001,41.919998,42.279999,41.822628,1405300
5353,2016-04-07,41.830002,41.98,40.93,40.990002000000004,40.546581,1457100
5354,2016-04-08,41.490002000000004,42.029999,41.029999,41.200001,40.754314,503000
5355,2016-04-11,41.459998999999996,41.889998999999996,41.189999,41.470001,41.021392999999996,694400
5356,2016-04-12,41.439999,42.09,41.360001000000004,41.799999,41.347823999999996,969200
5357,2016-04-13,41.959998999999996,43.060001,41.939999,42.950001,42.485386,557500
5358,2016-04-14,43.07,43.099998,42.290001000000004,42.380001,41.921551,810600
5359,2016-04-15,42.23,42.52,41.990002000000004,42.16,41.70393,752600
5360,2016-04-18,41.880001,42.68,41.77,42.599998,42.139168,339800
5361,2016-04-19,42.799999,43.27,42.700001,42.959998999999996,42.495274,371900
5362,2016-04-20,43.119999,43.610001000000004,42.919998,43.380001,42.910732,515300
5363,2016-04-21,43.34,43.669998,43.279999,43.380001,42.910732,544000
5364,2016-04-22,43.529999,44.049999,43.5,43.77,43.296516,571100
5365,2016-04-25,43.529999,43.98,43.34,43.610001000000004,43.138245,542700
5366,2016-04-26,43.810001,44.52,43.810001,44.380001,43.899918,589800
5367,2016-04-27,44.400002,45.040001000000004,44.349998,44.950001,44.463749,414800
5368,2016-04-28,44.509997999999996,45.299999,44.360001000000004,44.5,44.018615999999994,634500
5369,2016-04-29,44.389998999999996,45.09,44.27,44.580002,44.097755,642300
5370,2016-05-02,44.619999,44.880001,44.209998999999996,44.880001,44.394508,486100
5371,2016-05-03,44.310001,45.18,43.93,45.07,44.582451,2139800
5372,2016-05-04,45.0,45.209998999999996,44.07,44.450001,43.969153999999996,1060900
5373,2016-05-05,45.0,46.619999,44.439999,46.59,46.086009999999995,1760200
5374,2016-05-06,46.549999,48.669998,46.380001,48.650002,48.123726,2808100
5375,2016-05-09,49.049999,50.040001000000004,48.720001,49.240002000000004,48.70734,2458100
5376,2016-05-10,49.560001,50.59,49.299999,50.43,49.884468,1585400
5377,2016-05-11,50.400002,50.52,50.009997999999996,50.07,49.528358000000004,1135700
5378,2016-05-12,50.299999,50.720001,49.790001000000004,49.810001,49.271175,1339100
5379,2016-05-13,49.810001,50.200001,48.98,49.139998999999996,48.608425,1091900
5380,2016-05-16,49.43,50.380001,49.360001000000004,50.119999,49.57782,1307900
5381,2016-05-17,50.0,50.25,49.240002000000004,49.32,48.786476,1363600
5382,2016-05-18,49.189999,50.150002,48.700001,49.400002,48.865612,2122500
5383,2016-05-19,48.950001,49.369999,48.34,48.919998,48.390803999999996,1052700
5384,2016-05-20,49.360001000000004,49.689999,49.0,49.220001,48.687557,1052900
5385,2016-05-23,49.169998,49.34,48.41,48.639998999999996,48.113831,1677500
5386,2016-05-24,49.0,49.09,48.68,49.0,48.469936,1198000
5387,2016-05-25,49.48,50.220001,49.369999,50.02,49.478901,873500
5388,2016-05-26,50.18,50.389998999999996,49.630001,50.02,49.478901,599600
5389,2016-05-27,49.91,50.169998,49.700001,50.150002,49.607494,566900
5390,2016-05-31,50.169998,50.830002,50.02,50.689999,50.141655,1031100
5391,2016-06-01,50.470001,51.0,50.25,50.880001,50.329601000000004,946900
5392,2016-06-02,50.66,51.060001,50.459998999999996,50.779999,50.230682,1214600
5393,2016-06-03,51.07,51.75,50.490002000000004,51.5,50.942894,1037900
5394,2016-06-06,51.619999,51.98,51.389998999999996,51.959998999999996,51.397915000000005,840300
5395,2016-06-07,51.880001,52.0,51.549999,51.77,51.209972,619300
5396,2016-06-08,51.990002000000004,52.990002000000004,51.950001,52.610001000000004,52.040886,1164500
5397,2016-06-09,52.23,52.549999,51.77,52.509997999999996,51.941963,678100
5398,2016-06-10,51.93,52.110001000000004,51.419998,51.560001,51.002247,702900
5399,2016-06-13,51.34,51.619999,50.709998999999996,50.73,50.181221,777100
5400,2016-06-14,50.720001,51.09,50.509997999999996,51.02,50.468086,524900
5401,2016-06-15,51.279999,51.529999,50.959998999999996,51.029999,50.477973999999996,1028400
5402,2016-06-16,50.700001,51.009997999999996,50.18,50.970001,50.418625,652700
5403,2016-06-17,51.0,51.459998999999996,50.810001,51.240002000000004,50.685707,1045000
5404,2016-06-20,51.959998999999996,52.48,51.91,52.389998999999996,51.823260999999995,711900
5405,2016-06-21,52.279999,52.369999,51.790001000000004,52.200001,51.635323,589200
5406,2016-06-22,52.419998,52.650002,52.169998,52.32,51.754025,447300
5407,2016-06-23,52.98,53.330002,52.700001,53.099998,52.525585,858900
5408,2016-06-24,49.959998999999996,51.450001,49.439999,49.669998,49.132687,1802500
5409,2016-06-27,49.200001,50.34,47.470001,47.650002,47.134541,1149600
5410,2016-06-28,48.299999,48.490002000000004,47.139998999999996,47.860001000000004,47.34227,1203200
5411,2016-06-29,48.57,48.970001,47.799999,48.75,48.222637,1112800
5412,2016-06-30,48.889998999999996,49.990002000000004,48.509997999999996,49.810001,49.271175,1172100
5413,2016-07-01,49.900002,50.580002,49.509997999999996,49.740002000000004,49.201931,649900
5414,2016-07-05,49.610001000000004,49.610001000000004,48.130001,48.650002,48.123726,1058200
5415,2016-07-06,48.57,49.810001,48.259997999999996,49.779999,49.241493,1022100
5416,2016-07-07,49.91,50.450001,49.75,49.970001,49.429446999999996,869100
5417,2016-07-08,50.389998999999996,51.360001000000004,50.299999,51.25,50.695595000000004,548400
5418,2016-07-11,51.529999,52.23,51.529999,51.849998,51.289108,1062900
5419,2016-07-12,52.02,53.27,52.02,53.09,52.51569,1000200
5420,2016-07-13,53.540001000000004,53.740002000000004,52.580002,52.790001000000004,52.218937,627200
5421,2016-07-14,53.139998999999996,53.490002000000004,52.810001,52.84,52.268398,635600
5422,2016-07-15,52.900002,53.259997999999996,52.540001000000004,52.700001,52.129909999999995,614300
5423,2016-07-18,52.639998999999996,53.080002,52.200001,52.619999,52.050774,749400
5424,2016-07-19,52.639998999999996,52.740002000000004,52.18,52.490002000000004,51.922188,510200
5425,2016-07-20,52.459998999999996,53.41,52.049999,53.32,52.74320600000001,587900
5426,2016-07-21,53.450001,53.990002000000004,53.040001000000004,53.349998,52.772877,644500
5427,2016-07-22,53.259997999999996,53.34,52.889998999999996,53.080002,52.505802,750700
5428,2016-07-25,52.869999,53.139998999999996,52.66,52.990002000000004,52.416779,413700
5429,2016-07-26,53.200001,53.900002,53.130001,53.869999,53.287254000000004,525600
5430,2016-07-27,53.900002,54.540001000000004,53.77,54.470001,53.880768,826900
5431,2016-07-28,54.330002,54.5,53.650002,54.080002,53.494983999999995,400700
5432,2016-07-29,54.029999,54.029999,53.299999,53.52,52.94104,598200
5433,2016-08-01,53.450001,53.73,52.869999,53.490002000000004,52.911366,619500
5434,2016-08-02,53.380001,53.450001,52.689999,52.990002000000004,52.416779,805400
5435,2016-08-03,52.93,53.099998,52.5,53.0,52.426662,642500
5436,2016-08-04,52.93,53.43,52.779999,53.009997999999996,52.436558,575500
5437,2016-08-05,53.259997999999996,53.939999,53.25,53.759997999999996,53.17844399999999,1176300
5438,2016-08-08,53.919998,54.380001,53.299999,53.389998999999996,52.81245,1129800
5439,2016-08-09,54.290001000000004,55.889998999999996,53.529999,55.57,54.968864,1449500
5440,2016-08-10,55.380001,55.5,54.5,54.619999,54.029140000000005,1237000
5441,2016-08-11,54.470001,55.0,53.380001,54.41,53.821415,1223800
5442,2016-08-12,54.220001,54.32,53.380001,53.509997999999996,52.931149,723700
5443,2016-08-15,53.75,54.529999,53.509997999999996,54.25,53.663139,621800
5444,2016-08-16,53.93,54.23,53.400002,53.689999,53.1092,742600
5445,2016-08-17,53.779999,53.84,53.07,53.279999,52.70364,798000
5446,2016-08-18,53.380001,54.040001000000004,53.27,53.970001,53.386177,521700
5447,2016-08-19,53.830002,53.869999,53.130001,53.73,53.148768999999994,790700
5448,2016-08-22,53.610001000000004,54.16,53.25,54.09,53.504875,537900
5449,2016-08-23,54.220001,54.77,54.220001,54.639998999999996,54.048927,406200
5450,2016-08-24,54.389998999999996,54.810001,53.990002000000004,54.110001000000004,53.524662,418000
5451,2016-08-25,54.040001000000004,54.419998,53.91,54.349998,53.762062,763600
5452,2016-08-26,54.630001,55.240002000000004,54.200001,54.48,53.89065600000001,716600
5453,2016-08-29,54.400002,55.130001,54.330002,54.75,54.157734,906900
5454,2016-08-30,54.75,54.860001000000004,53.419998,53.48,52.901474,780700
5455,2016-08-31,53.18,53.18,52.34,52.689999,52.120018,745900
5456,2016-09-01,52.720001,53.040001000000004,51.720001,52.029999,51.467159,1017300
5457,2016-09-02,52.419998,52.459998999999996,51.91,52.25,51.684779999999996,956400
5458,2016-09-06,52.459998999999996,52.790001000000004,51.400002,51.66,51.101162,709000
5459,2016-09-07,51.5,51.860001000000004,51.27,51.779999,51.21986,802100
5460,2016-09-08,51.860001000000004,52.080002,51.540001000000004,51.57,51.012135,739500
5461,2016-09-09,51.189999,51.279999,50.139998999999996,50.150002,49.607494,758700
5462,2016-09-12,49.84,50.919998,49.700001,50.610001000000004,50.062519,798800
5463,2016-09-13,50.09,50.509997999999996,49.91,50.150002,49.607494,670700
5464,2016-09-14,50.150002,50.27,49.209998999999996,49.299999,48.766689,705700
5465,2016-09-15,49.369999,50.310001,49.169998,50.139998999999996,49.597603,594800
5466,2016-09-16,49.860001000000004,49.860001000000004,49.150002,49.669998,49.132687,736400
5467,2016-09-19,49.880001,50.580002,49.880001,50.27,49.726196,789000
5468,2016-09-20,50.639998999999996,50.77,49.900002,49.91,49.370094,377200
5469,2016-09-21,49.959998999999996,50.68,49.639998999999996,50.639998999999996,50.092194,561000
5470,2016-09-22,51.16,51.470001,50.869999,51.209998999999996,50.656029,379000
5471,2016-09-23,51.060001,51.470001,50.639998999999996,50.650002,50.102092999999996,412400
5472,2016-09-26,50.48,51.07,50.400002,50.709998999999996,50.161438000000004,336000
5473,2016-09-27,50.630001,50.93,50.34,50.75,50.201004,908700
5474,2016-09-28,51.099998,52.259997999999996,51.099998,52.209998999999996,51.64521,837100
5475,2016-09-29,52.209998999999996,52.790001000000004,51.939999,51.959998999999996,51.397915000000005,533000
5476,2016-09-30,51.970001,52.189999,51.68,51.720001,51.160511,1165600
5477,2016-10-03,51.48,51.990002000000004,51.02,51.959998999999996,51.397915000000005,777500
5478,2016-10-04,51.93,52.310001,51.279999,51.32,50.764839,564900
5479,2016-10-05,51.73,52.529999,51.68,52.330002,51.763912,623000
5480,2016-10-06,52.119999,52.41,51.669998,52.389998999999996,51.823260999999995,643600
5481,2016-10-07,52.419998,52.419998,51.75,51.830002,51.269321000000005,648700
5482,2016-10-10,52.27,52.580002,51.799999,51.84,51.279213,358200
5483,2016-10-11,51.610001000000004,51.619999,49.990002000000004,50.099998,49.558037,570300
5484,2016-10-12,50.07,50.669998,49.619999,50.360001000000004,49.815228000000005,813600
5485,2016-10-13,49.82,50.380001,49.68,50.189999,49.647064,519600
5486,2016-10-14,50.439999,50.77,50.049999,50.049999,49.508579,783300
5487,2016-10-17,50.049999,50.740002000000004,49.93,50.279999,49.736092,432500
5488,2016-10-18,50.950001,51.130001,50.459998999999996,50.580002,50.032848,509000
5489,2016-10-19,50.84,51.119999,50.720001,50.779999,50.230682,449200
5490,2016-10-20,50.490002000000004,50.810001,50.209998999999996,50.669998,50.121868,496000
5491,2016-10-21,50.23,50.720001,49.84,50.549999,50.003166,514100
5492,2016-10-24,50.950001,51.23,50.799999,50.98,50.42852,387700
5493,2016-10-25,50.709998999999996,51.07,50.389998999999996,50.43,49.884468,798100
5494,2016-10-26,50.049999,51.18,49.900002,50.869999,50.319706,468300
5495,2016-10-27,51.23,51.330002,50.610001000000004,50.68,50.13176,495800
5496,2016-10-28,50.759997999999996,51.84,50.740002000000004,51.099998,50.547218,510200
5497,2016-10-31,51.380001,51.779999,51.18,51.580002,51.022026000000004,532300
5498,2016-11-01,51.990002000000004,51.990002000000004,50.220001,50.75,50.201004,957100
5499,2016-11-02,50.720001,51.200001,50.299999,50.549999,50.003166,518400
5500,2016-11-03,50.75,51.209998999999996,50.099998,51.029999,50.477973999999996,570800
5501,2016-11-04,50.790001000000004,50.799999,49.25,49.25,48.717236,1078700
5502,2016-11-07,50.150002,50.290001000000004,49.16,49.419998,48.885387,1492100
5503,2016-11-08,49.43,50.380001,49.169998,49.990002000000004,49.44923,866700
5504,2016-11-09,53.029999,55.950001,53.029999,54.91,54.316002000000005,2822200
5505,2016-11-10,55.59,56.689999,55.290001000000004,55.889998999999996,55.28540400000001,1673500
5506,2016-11-11,55.77,56.209998999999996,55.310001,55.619999,55.018322,1122300
5507,2016-11-14,56.169998,58.900002,55.720001,58.630001,57.995762,2692100
5508,2016-11-15,58.91,59.279999,58.09,59.189999,58.54970600000001,1534500
5509,2016-11-16,58.720001,59.189999,58.310001,58.630001,57.995762,1456600
5510,2016-11-17,58.709998999999996,58.98,58.48,58.830002,58.19360699999999,890900
5511,2016-11-18,58.619999,58.75,57.91,58.150002,57.52095799999999,955100
5512,2016-11-21,58.5,58.700001,57.919998,58.0,57.372578000000004,1084800
5513,2016-11-22,57.549999,59.720001,57.27,59.32,58.678298999999996,3155200
5514,2016-11-23,59.200001,61.759997999999996,59.200001,61.689999,61.022659,1950100
5515,2016-11-25,62.099998,62.27,61.380001,62.169998,61.49746700000001,637200
5516,2016-11-28,62.130001,62.619999,61.830002,61.919998,61.250172,1606900
5517,2016-11-29,61.799999,62.119999,61.07,61.720001,61.052338,1371400
5518,2016-11-30,62.380001,63.419998,61.990002000000004,62.009997999999996,61.339199,1759000
5519,2016-12-01,62.48,63.16,61.450001,61.630001,60.96331,1291000
5520,2016-12-02,61.790001000000004,61.790001000000004,60.169998,60.66,60.003803000000005,1451200
5521,2016-12-05,61.200001,61.23,59.57,59.849998,59.202564,2141500
5522,2016-12-06,59.93,60.779999,59.790001000000004,60.490002000000004,59.835643999999995,1793600
5523,2016-12-07,60.860001000000004,60.959998999999996,60.139998999999996,60.299999,59.647696999999994,1653400
5524,2016-12-08,60.299999,61.779999,60.029999,60.889998999999996,60.23131899999999,1748400
5525,2016-12-09,61.150002,61.740002000000004,60.540001000000004,61.57,60.903960999999995,1064600
5526,2016-12-12,61.57,62.0,61.189999,61.580002,60.913853,924900
5527,2016-12-13,61.619999,61.900002,60.490002000000004,60.599998,59.944454,849600
5528,2016-12-14,60.650002,61.119999,59.82,59.950001,59.301483,1213000
5529,2016-12-15,59.869999,60.330002,59.259997999999996,59.360001000000004,58.717861,870000
5530,2016-12-16,59.349998,59.549999,58.740002000000004,58.790001000000004,58.154030000000006,1644500
5531,2016-12-19,58.880001,59.459998999999996,58.43,58.740002000000004,58.104576,665500
5532,2016-12-20,59.07,59.439999,58.700001,59.43,58.787108999999994,661400
5533,2016-12-21,59.369999,59.389998999999996,58.16,58.459998999999996,57.827599,862700
5534,2016-12-22,58.439999,58.689999,57.75,58.349998,57.718788,584700
5535,2016-12-23,58.23,58.48,58.040001000000004,58.189999,57.560524,300300
5536,2016-12-27,58.209998999999996,58.560001,57.959998999999996,58.470001,57.837498,428100
5537,2016-12-28,58.59,58.59,57.130001,57.490002000000004,56.868099,691300
5538,2016-12-29,57.66,57.970001,57.080002,57.279999,56.660366,445600
5539,2016-12-30,57.389998999999996,57.43,56.799999,57.0,56.383396,634500
5540,2017-01-03,57.689999,59.389998999999996,57.689999,58.150002,57.52095799999999,1235000
5541,2017-01-04,58.529999,59.220001,58.349998,58.779999,58.144138,656500
5542,2017-01-05,58.799999,59.279999,58.169998,58.560001,57.926520999999994,645400
5543,2017-01-06,58.580002,58.990002000000004,57.919998,57.98,57.35279499999999,708900
5544,2017-01-09,57.790001000000004,57.939999,56.720001,56.740002000000004,56.126208999999996,523800
5545,2017-01-10,57.130001,57.490002000000004,56.669998,57.290001000000004,56.670260999999996,1096200
5546,2017-01-11,57.450001,57.599998,56.759997999999996,57.310001,56.69004399999999,683500
5547,2017-01-12,57.369999,57.450001,56.380001,57.389998999999996,56.769176,668400
5548,2017-01-13,57.369999,58.200001,57.240002000000004,58.16,57.530848999999996,615300
5549,2017-01-17,57.900002,58.200001,56.919998,57.009997999999996,56.393288,716000
5550,2017-01-18,57.009997999999996,58.049999,56.779999,58.02,57.392361,944800
5551,2017-01-19,58.09,58.84,57.450001,57.610001000000004,56.986801,599100
5552,2017-01-20,57.880001,57.93,56.970001,57.380001,56.759285,557000
5553,2017-01-23,57.209998999999996,57.540001000000004,56.540001000000004,57.119999,56.50209399999999,618500
5554,2017-01-24,57.48,60.290001000000004,57.349998,60.119999,59.469643000000005,992100
5555,2017-01-25,60.970001,62.200001,60.720001,61.869999,61.200714000000005,1427900
5556,2017-01-26,61.740002000000004,62.07,60.330002,61.220001,60.557747,980800
5557,2017-01-27,61.220001,61.369999,60.049999,60.360001000000004,59.70705,855700
5558,2017-01-30,60.189999,60.189999,58.400002,59.380001,58.737652000000004,894800
5559,2017-01-31,59.389998999999996,59.599998,57.959998999999996,58.549999,57.916626,1048000
5560,2017-02-01,58.98,59.700001,58.18,58.84,58.20349100000001,856000
5561,2017-02-02,58.650002,59.02,58.209998999999996,58.700001,58.065006000000004,779300
5562,2017-02-03,59.139998999999996,59.810001,58.860001000000004,59.220001,58.57938000000001,658000
5563,2017-02-06,59.040001000000004,59.549999,58.630001,59.18,58.539814,535500
5564,2017-02-07,59.18,59.77,58.490002000000004,58.799999,58.163925,1129300
5565,2017-02-08,58.139998999999996,59.209998999999996,56.150002,56.630001,56.017399,2096700
5566,2017-02-09,56.630001,57.240002000000004,56.209998999999996,56.48,55.869018999999994,1483100
5567,2017-02-10,56.98,57.529999,56.310001,57.400002,56.779072,1336900
5568,2017-02-13,57.619999,57.740002000000004,57.259997999999996,57.450001,56.828529,963500
5569,2017-02-14,57.540001000000004,57.540001000000004,56.779999,57.529999,56.907658,669300
5570,2017-02-15,57.450001,58.400002,57.209998999999996,58.32,57.839923999999996,1146100
5571,2017-02-16,58.32,59.029999,57.529999,59.029999,58.544075,1606600
5572,2017-02-17,58.939999,58.939999,57.490002000000004,57.610001000000004,57.135768999999996,1196400
5573,2017-02-21,57.84,58.52,57.73,58.189999,57.710995,1172000
5574,2017-02-22,58.029999,58.07,56.740002000000004,56.799999,56.332432,852500
5575,2017-02-23,57.23,57.360001000000004,55.450001,56.099998,55.638199,1474300
5576,2017-02-24,55.540001000000004,56.040001000000004,55.310001,56.029999,55.568771,840200
5577,2017-02-27,56.009997999999996,57.68,55.720001,57.049999,56.580379,2073600
5578,2017-02-28,57.029999,57.09,56.099998,56.41,55.945648,1168300
5579,2017-03-01,57.349998,58.48,57.349998,57.540001000000004,57.066345,1041100
5580,2017-03-02,57.310001,57.52,56.650002,56.799999,56.332432,608400
5581,2017-03-03,56.709998999999996,57.169998,56.310001,56.48,56.015071999999996,571300
5582,2017-03-06,56.209998999999996,56.549999,55.91,56.419998,55.955566000000005,962100
5583,2017-03-07,56.450001,57.009997999999996,55.939999,56.509997999999996,56.044823,992200
5584,2017-03-08,56.610001000000004,57.07,56.540001000000004,56.68,56.213425,1017500
5585,2017-03-09,56.59,56.790001000000004,55.57,55.869999,55.410091,1160800
5586,2017-03-10,56.41,56.810001,55.939999,56.419998,55.955566000000005,566700
5587,2017-03-13,56.310001,57.0,56.240002000000004,56.439999,55.975398999999996,939200
5588,2017-03-14,55.919998,55.990002000000004,54.93,55.549999,55.092728,661000
5589,2017-03-15,55.790001000000004,56.599998,55.389998999999996,56.330002,55.86630600000001,846600
5590,2017-03-16,56.619999,56.900002,55.810001,55.869999,55.410091,833500
5591,2017-03-17,55.98,56.139998999999996,55.049999,55.459998999999996,55.003468000000005,1000700
5592,2017-03-20,55.389998999999996,55.650002,54.880001,55.450001,54.993549,723400
5593,2017-03-21,55.700001,55.860001000000004,54.439999,54.529999,54.08112,1064500
5594,2017-03-22,54.490002000000004,55.099998,54.18,54.779999,54.329067,603200
5595,2017-03-23,54.810001,55.049999,54.349998,54.759997999999996,54.309222999999996,825800
5596,2017-03-24,54.779999,55.23,53.849998,54.130001,53.684414000000004,658700
5597,2017-03-27,53.310001,53.869999,52.389998999999996,53.700001,53.257957,757100
5598,2017-03-28,53.509997999999996,54.580002,53.509997999999996,54.189999,53.743922999999995,573800
5599,2017-03-29,54.139998999999996,55.470001,54.029999,55.110001000000004,54.656349,932800
5600,2017-03-30,55.080002,55.84,54.970001,55.330002,54.874538,448600
5601,2017-03-31,55.0,55.82,54.84,55.279999,54.824951,640000
5602,2017-04-03,55.389998999999996,55.630001,54.259997999999996,54.669998,54.219970999999994,899900
5603,2017-04-04,54.599998,54.860001000000004,54.310001,54.669998,54.219970999999994,533900
5604,2017-04-05,55.110001000000004,55.66,54.220001,54.310001,53.862938,789400
5605,2017-04-06,54.450001,54.959998999999996,54.220001,54.580002,54.130714000000005,477000
5606,2017-04-07,54.490002000000004,54.93,54.310001,54.509997999999996,54.061287,532400
5607,2017-04-10,54.459998999999996,55.200001,54.290001000000004,54.939999,54.487747,594000
5608,2017-04-11,54.77,55.02,54.150002,54.610001000000004,54.160465,807300
5609,2017-04-12,54.59,54.59,52.82,53.110001000000004,52.672813,934000
5610,2017-04-13,53.110001000000004,53.549999,52.849998,52.970001,52.53397,933300
5611,2017-04-17,53.130001,53.490002000000004,52.66,53.450001,53.010014,617700
5612,2017-04-18,53.009997999999996,53.84,52.799999,53.639998999999996,53.198448,684300
5613,2017-04-19,54.040001000000004,54.580002,53.52,53.880001,53.436474,746200
5614,2017-04-20,54.290001000000004,54.419998,53.400002,53.68,53.238121,561400
5615,2017-04-21,53.66,53.82,53.189999,53.540001000000004,53.099277,538900
5616,2017-04-24,54.290001000000004,54.799999,54.009997999999996,54.66,54.210052000000005,677300
5617,2017-04-25,54.959998999999996,55.41,54.759997999999996,55.110001000000004,54.656349,454900
5618,2017-04-26,55.080002,55.650002,55.080002,55.400002,54.943962,382200
5619,2017-04-27,55.389998999999996,55.75,55.07,55.720001,55.26133000000001,581700
5620,2017-04-28,55.790001000000004,55.919998,54.650002,54.919998,54.467915000000005,680000
5621,2017-05-01,55.099998,55.279999,54.279999,54.52,54.071205000000006,991400
5622,2017-05-02,54.740002000000004,55.32,54.540001000000004,55.150002,54.696022,644100
5623,2017-05-03,54.740002000000004,54.950001,54.200001,54.580002,54.130714000000005,622400
5624,2017-05-04,54.560001,54.959998999999996,54.369999,54.779999,54.329067,702000
5625,2017-05-05,54.380001,54.66,52.880001,54.66,54.210052000000005,1358700
5626,2017-05-08,54.75,55.150002,54.389998999999996,54.709998999999996,54.259640000000005,1144000
5627,2017-05-09,55.209998999999996,55.970001,53.779999,55.919998,55.459679,1170300
5628,2017-05-10,55.889998999999996,55.919998,54.299999,54.560001,54.110878,1587600
5629,2017-05-11,54.5,55.049999,54.099998,54.560001,54.110878,944500
5630,2017-05-12,54.299999,54.330002,52.709998999999996,52.75,52.315777000000004,959700
5631,2017-05-15,53.240002000000004,53.540001000000004,52.68,52.82,52.385201,1137100
5632,2017-05-16,52.91,52.990002000000004,52.25,52.599998,52.167007,986100
5633,2017-05-17,52.450001,52.450001,50.98,51.709998999999996,51.431,1427500
5634,2017-05-18,51.799999,52.09,50.529999,51.400002,51.122677,1348100
5635,2017-05-19,51.869999,53.299999,51.77,53.009997999999996,52.723988,1382200
5636,2017-05-22,53.389998999999996,53.75,52.639998999999996,52.880001,52.594692,947800
5637,2017-05-23,53.009997999999996,53.259997999999996,52.689999,53.18,52.893074,584400
5638,2017-05-24,53.060001,53.310001,52.5,52.939999,52.654366,1140200
5639,2017-05-25,53.18,53.200001,52.459998999999996,52.59,52.306259000000004,841000
5640,2017-05-26,52.52,52.869999,52.400002,52.66,52.375877,682800
5641,2017-05-30,52.490002000000004,52.830002,52.27,52.630001,52.346043,693100
5642,2017-05-31,52.630001,52.66,52.009997999999996,52.419998,52.137173,1527100
5643,2017-06-01,52.560001,53.330002,52.119999,53.209998999999996,52.922913,639800
5644,2017-06-02,53.32,53.560001,52.860001000000004,53.200001,52.912964,1008700
5645,2017-06-05,53.130001,53.290001000000004,52.25,52.310001,52.027767,1116300
5646,2017-06-06,52.130001,52.349998,51.68,52.09,51.808956,934400
5647,2017-06-07,52.119999,52.299999,51.619999,52.0,51.719437,1128900
5648,2017-06-08,52.0,52.990002000000004,51.779999,52.91,52.624527,993900
5649,2017-06-09,52.900002,55.119999,52.619999,54.950001,54.653521999999995,1162400
5650,2017-06-12,54.869999,55.290001000000004,54.23,55.009997999999996,54.7132,1320100
5651,2017-06-13,55.060001,55.66,54.720001,55.0,54.703255000000006,672100
5652,2017-06-14,55.0,55.419998,54.220001,54.59,54.295467,568800
5653,2017-06-15,54.029999,54.75,53.459998999999996,53.799999,53.509727000000005,620200
5654,2017-06-16,53.669998,53.900002,53.349998,53.82,53.529617,784200
5655,2017-06-19,53.939999,54.48,53.650002,54.200001,53.90756999999999,1124300
5656,2017-06-20,53.919998,54.279999,53.32,53.450001,53.16161700000001,608500
5657,2017-06-21,53.59,53.669998,52.43,52.490002000000004,52.206795,808600
5658,2017-06-22,52.57,52.91,52.110001000000004,52.66,52.375877,493000
5659,2017-06-23,52.66,52.889998999999996,52.290001000000004,52.810001,52.52506999999999,837000
5660,2017-06-26,52.990002000000004,53.82,52.68,53.549999,53.261078000000005,429400
5661,2017-06-27,53.599998,54.490002000000004,53.369999,53.529999,53.24118000000001,539500
5662,2017-06-28,54.0,54.860001000000004,54.0,54.209998999999996,53.917515,754900
5663,2017-06-29,54.389998999999996,54.57,53.139998999999996,53.560001,53.271023,965800
5664,2017-06-30,53.84,54.689999,53.689999,54.389998999999996,54.09654200000001,902300
5665,2017-07-03,54.639998999999996,55.5,54.48,55.150002,54.85244399999999,348200
5666,2017-07-05,55.049999,55.049999,54.299999,54.860001000000004,54.564007,925900
5667,2017-07-06,54.799999,55.279999,54.009997999999996,54.169998,53.877731000000004,1043100
5668,2017-07-07,54.240002000000004,55.0,53.830002,54.82,54.524223,669600
5669,2017-07-10,54.669998,55.349998,54.380001,54.779999,54.484435999999995,1153100
5670,2017-07-11,54.790001000000004,54.790001000000004,53.98,54.599998,54.30540799999999,774300
5671,2017-07-12,55.110001000000004,55.59,54.52,54.68,54.384979,527600
5672,2017-07-13,54.720001,54.73,54.16,54.240002000000004,53.947353,715900
5673,2017-07-14,54.369999,54.68,54.18,54.369999,54.076648999999996,482500
5674,2017-07-17,54.330002,54.869999,54.02,54.5,54.205952,575200
5675,2017-07-18,54.09,54.099998,52.09,52.400002,52.117283,1176100
5676,2017-07-19,52.52,53.470001,52.400002,53.43,53.141723999999996,580300
5677,2017-07-20,53.330002,53.52,52.43,52.540001000000004,52.256523,762300
5678,2017-07-21,52.439999,52.540001000000004,51.959998999999996,52.299999,52.017821999999995,571100
5679,2017-07-24,52.0,52.279999,51.349998,52.169998,51.888523,799500
5680,2017-07-25,52.669998,53.419998,52.529999,52.990002000000004,52.704097999999995,411400
5681,2017-07-26,53.110001000000004,53.25,52.220001,52.799999,52.515125,441600
5682,2017-07-27,52.84,53.099998,52.59,53.060001,52.773724,443800
5683,2017-07-28,52.889998999999996,53.07,52.09,52.389998999999996,52.107334,604900
5684,2017-07-31,52.630001,53.220001,52.32,52.720001,52.43555799999999,610500
5685,2017-08-01,52.990002000000004,53.419998,52.560001,53.25,52.962692000000004,738300
5686,2017-08-02,52.970001,54.5,52.790001000000004,53.349998,53.212047999999996,2135300
5687,2017-08-03,52.84,53.110001000000004,51.849998,52.669998,52.533806000000006,1657900
5688,2017-08-04,52.669998,52.93,52.009997999999996,52.48,52.344299,908200
5689,2017-08-07,52.34,52.689999,52.099998,52.310001,52.17474,905100
5690,2017-08-08,53.299999,54.990002000000004,52.610001000000004,54.119999,53.980056999999995,1493100
5691,2017-08-09,53.740002000000004,54.27,53.330002,54.220001,54.0798,923400
5692,2017-08-10,53.849998,54.619999,52.630001,52.68,52.543781,1260100
5693,2017-08-11,52.470001,53.0,52.360001000000004,52.580002,52.444042,1007300
5694,2017-08-14,53.139998999999996,53.360001000000004,52.689999,52.73,52.593651,532800
5695,2017-08-15,52.59,52.689999,51.549999,51.57,51.436653,821800
5696,2017-08-16,51.799999,52.119999,50.970001,51.049999,50.917995,736800
5697,2017-08-17,50.889998999999996,51.330002,50.209998999999996,50.25,50.120064,832700
5698,2017-08-18,50.040001000000004,50.599998,49.709998999999996,49.849998,49.721096,937500
5699,2017-08-21,49.860001000000004,49.869999,49.310001,49.580002,49.451801,820200
5700,2017-08-22,49.720001,50.959998999999996,49.599998,50.869999,50.738461,1476900
5701,2017-08-23,50.599998,51.560001,50.41,51.330002,51.197272999999996,1048800
5702,2017-08-24,51.43,51.700001,51.240002000000004,51.330002,51.197272999999996,780300
5703,2017-08-25,51.650002,52.200001,51.450001,51.939999,51.805695,590700
5704,2017-08-28,52.310001,52.439999,51.82,52.23,52.094944,811600
5705,2017-08-29,51.959998999999996,53.380001,51.959998999999996,53.169998,53.032513,1014200
5706,2017-08-30,53.099998,53.959998999999996,52.540001000000004,53.75,53.611015,593900
5707,2017-08-31,54.009997999999996,54.619999,53.75,54.490002000000004,54.349102,824400
5708,2017-09-01,54.740002000000004,55.439999,54.630001,55.130001,54.987446,802200
5709,2017-09-05,55.25,55.360001000000004,54.0,54.380001,54.239388,1207000
5710,2017-09-06,54.57,54.830002,54.220001,54.490002000000004,54.349102,607900
5711,2017-09-07,54.52,54.650002,53.849998,54.439999,54.299229000000004,930200
5712,2017-09-08,54.360001000000004,55.0,53.939999,54.630001,54.488739,597800
5713,2017-09-11,55.0,55.189999,54.599998,54.889998999999996,54.748066,1276400
5714,2017-09-12,55.200001,56.18,55.169998,55.93,55.785378,612700
5715,2017-09-13,55.790001000000004,56.400002,55.669998,55.98,55.835246999999995,582600
5716,2017-09-14,55.799999,56.150002,55.66,55.790001000000004,55.645741,441800
5717,2017-09-15,55.700001,56.450001,55.610001000000004,55.950001,55.805328,1034600
5718,2017-09-18,56.029999,56.880001,55.849998,56.759997999999996,56.613231999999996,1252400
5719,2017-09-19,56.860001000000004,57.009997999999996,56.610001000000004,56.849998,56.702999,620000
5720,2017-09-20,57.0,57.759997999999996,56.950001,57.720001,57.570751,744500
5721,2017-09-21,57.830002,57.959998999999996,57.380001,57.41,57.261551000000004,601000
5722,2017-09-22,57.400002,57.630001,56.880001,57.540001000000004,57.391216,816100
5723,2017-09-25,57.52,58.439999,57.509997999999996,58.259997999999996,58.109352,611500
5724,2017-09-26,58.310001,58.490002000000004,57.82,58.299999,58.14925,583300
5725,2017-09-27,58.5,58.509997999999996,57.900002,58.34,58.189147999999996,558600
5726,2017-09-28,58.279999,58.459998999999996,57.580002,58.169998,58.019585,668000
5727,2017-09-29,58.18,58.299999,57.669998,58.27,58.119328,588200
5728,2017-10-02,58.139998999999996,58.790001000000004,57.93,58.790001000000004,58.637985,914600
5729,2017-10-03,58.849998,58.98,57.990002000000004,58.439999,58.288887,629600
5730,2017-10-04,58.43,58.82,58.119999,58.599998,58.448471,678900
5731,2017-10-05,58.799999,59.130001,58.529999,58.790001000000004,58.637985,452100
5732,2017-10-06,58.509997999999996,58.98,58.240002000000004,58.959998999999996,58.807541,433000
5733,2017-10-09,58.91,59.049999,58.130001,58.380001,58.22904200000001,552100
5734,2017-10-10,58.959998999999996,58.959998999999996,58.169998,58.360001000000004,58.209095,437700
5735,2017-10-11,58.369999,58.369999,57.799999,58.009997999999996,57.859997,605100
5736,2017-10-12,57.82,58.599998,57.779999,58.52,58.52,508000
5737,2017-10-13,58.77,58.77,58.400002,58.549999,58.549999,571400
5738,2017-10-16,59.009997999999996,59.27,58.73,59.0,59.0,488600
5739,2017-10-17,58.91,58.959998999999996,58.080002,58.23,58.23,589000
5740,2017-10-18,58.23,58.529999,58.150002,58.169998,58.169998,506200
5741,2017-10-19,57.93,58.349998,57.93,58.299999,58.299999,396700
5742,2017-10-20,58.669998,58.860001000000004,58.459998999999996,58.82,58.82,351400
5743,2017-10-23,58.75,59.060001,58.209998999999996,58.34,58.34,376000
5744,2017-10-24,58.349998,58.91,58.349998,58.59,58.59,573700
5745,2017-10-25,58.560001,58.689999,57.57,58.080002,58.080002,423600
5746,2017-10-26,58.0,58.919998,58.0,58.73,58.73,465300
5747,2017-10-27,58.490002000000004,59.0,58.419998,58.709998999999996,58.709998999999996,338100
5748,2017-10-30,58.34,58.860001000000004,58.34,58.459998999999996,58.459998999999996,395800
5749,2017-10-31,58.599998,58.84,58.169998,58.209998999999996,58.209998999999996,563600
5750,2017-11-01,58.380001,58.869999,58.119999,58.290001000000004,58.290001000000004,516100
5751,2017-11-02,58.200001,58.93,58.040001000000004,58.740002000000004,58.740002000000004,376800
5752,2017-11-03,58.630001,59.43,58.189999,59.290001000000004,59.290001000000004,589700
5753,2017-11-06,59.25,61.18,59.16,61.110001000000004,61.110001000000004,954700
5754,2017-11-07,61.200001,61.330002,60.700001,60.93,60.93,825400
5755,2017-11-08,60.77,61.139998999999996,60.169998,61.119999,61.119999,692800
5756,2017-11-09,60.639998999999996,60.639998999999996,59.68,60.279999,60.279999,540100
5757,2017-11-10,60.040001000000004,60.299999,59.73,60.029999,60.029999,619200
5758,2017-11-13,59.330002,59.830002,58.880001,59.82,59.82,503400
5759,2017-11-14,59.419998,59.43,57.810001,57.939999,57.939999,618400
5760,2017-11-15,57.490002000000004,57.970001,57.209998999999996,57.349998,57.349998,445200
5761,2017-11-16,57.549999,58.43,57.32,58.43,58.43,581100
5762,2017-11-17,58.259997999999996,58.860001000000004,58.23,58.630001,58.630001,390300
5763,2017-11-20,58.610001000000004,59.779999,58.540001000000004,59.34,59.34,679000
5764,2017-11-21,62.060001,65.290001,61.41,64.860001,64.860001,1966100
5765,2017-11-22,64.91999799999999,65.800003,64.279999,64.779999,64.779999,864700
5766,2017-11-24,64.809998,64.809998,63.029999,63.290001000000004,63.290001000000004,619300
5767,2017-11-27,63.330002,63.900002,62.889998999999996,63.32,63.32,903100
5768,2017-11-28,63.389998999999996,64.75,62.73,64.559998,64.559998,1483100
5769,2017-11-29,64.459999,65.339996,64.120003,64.83000200000001,64.83000200000001,764800
5770,2017-11-30,65.010002,66.199997,64.66999799999999,65.629997,65.629997,1024900
5771,2017-12-01,65.870003,65.989998,63.880001,65.459999,65.459999,733600
5772,2017-12-04,66.300003,67.690002,66.120003,66.690002,66.690002,1110500
5773,2017-12-05,66.849998,66.889999,66.040001,66.459999,66.459999,795600
5774,2017-12-06,66.360001,68.120003,66.309998,67.690002,67.690002,1247300
5775,2017-12-07,68.970001,68.970001,67.489998,67.690002,67.690002,1041700
5776,2017-12-08,68.0,68.690002,67.559998,68.510002,68.510002,854100
5777,2017-12-11,68.440002,68.57,67.83000200000001,68.379997,68.379997,731700
5778,2017-12-12,68.459999,68.949997,68.199997,68.389999,68.389999,714500
5779,2017-12-13,68.629997,69.349998,67.91999799999999,68.160004,68.160004,906900
5780,2017-12-14,67.059998,67.120003,65.900002,66.129997,66.129997,1189700
